frame_index,timestamp_seconds,track_id,source_image,ground_truth_class,predicted_class,confidence,probability_normal,probability_defective,is_correct,x1,y1,x2,y2
0,0.0,1,data\real\pharmaceutical_capsules\extracted\datasets\Anomaly\316.png,defective,defective,0.999963,3.7e-05,0.999963,True,788,138,850,200
0,0.0,2,data\real\pharmaceutical_capsules\extracted\datasets\Normal\068.png,normal,normal,0.999773,0.999773,0.000227,True,283,310,345,372
0,0.0,3,data\real\pharmaceutical_capsules\extracted\datasets\Normal\149.png,normal,normal,0.999805,0.999805,0.000195,True,836,501,898,563
0,0.0,4,data\real\pharmaceutical_capsules\extracted\datasets\Anomaly\443.png,defective,defective,0.999923,7.7e-05,0.999923,True,510,138,572,200
0,0.0,5,data\real\pharmaceutical_capsules\extracted\datasets\Anomaly\221.png,defective,defective,0.999938,6.2e-05,0.999938,True,267,303,329,365
0,0.0,6,data\real\pharmaceutical_capsules\extracted\datasets\Normal\012.png,normal,normal,0.992716,0.992716,0.007284,True,886,501,948,563
0,0.0,7,data\real\pharmaceutical_capsules\extracted\datasets\Anomaly\124.png,defective,defective,0.999966,3.4e-05,0.999966,True,544,154,606,216
0,0.0,8,data\real\pharmaceutical_capsules\extracted\datasets\Anomaly\192.png,defective,defective,0.999946,5.4e-05,0.999946,True,0,312,41,374
0,0.0,9,data\real\pharmaceutical_capsules\extracted\datasets\Normal\492.png,normal,normal,0.999762,0.999762,0.000238,True,405,476,467,538
0,0.0,10,data\real\pharmaceutical_capsules\extracted\datasets\Anomaly\351.png,defective,normal,0.671338,0.671338,0.328662,False,947,143,1009,205
0,0.0,11,data\real\pharmaceutical_capsules\extracted\datasets\Normal\305.png,normal,normal,0.999814,0.999814,0.000186,True,93,324,155,386
0,0.0,12,data\real\pharmaceutical_capsules\extracted\datasets\Normal\082.png,normal,normal,0.999814,0.999814,0.000186,True,1003,496,1065,558
0,0.0,13,data\real\pharmaceutical_capsules\extracted\datasets\Normal\481.png,normal,normal,0.999822,0.999822,0.000178,True,1215,161,1277,223
0,0.0,14,data\real\pharmaceutical_capsules\extracted\datasets\Anomaly\455.png,defective,defective,0.99982,0.00018,0.99982,True,345,325,407,387
0,0.0,15,data\real\pharmaceutical_capsules\extracted\datasets\Normal\446.png,normal,normal,0.999598,0.999598,0.000402,True,871,469,933,531
0,0.0,16,data\real\pharmaceutical_capsules\extracted\datasets\Normal\067.png,normal,normal,0.999754,0.999754,0.000246,True,959,142,1021,204
0,0.0,17,data\real\pharmaceutical_capsules\extracted\datasets\Normal\338.png,normal,normal,0.999837,0.999837,0.000163,True,1079,326,1141,388
0,0.0,18,data\real\pharmaceutical_capsules\extracted\datasets\Anomaly\140.png,defective,defective,0.99995,5e-05,0.99995,True,783,490,845,552
0,0.0,19,data\real\pharmaceutical_capsules\extracted\datasets\Anomaly\242.png,defective,defective,0.9999,0.0001,0.9999,True,424,154,486,216
0,0.0,20,data\real\pharmaceutical_capsules\extracted\datasets\Normal\158.png,normal,normal,0.999763,0.999763,0.000237,True,844,306,906,368
0,0.0,21,data\real\pharmaceutical_capsules\extracted\datasets\Anomaly\415.png,defective,defective,0.999412,0.000588,0.999412,True,189,482,251,544
0,0.0,22,data\real\pharmaceutical_capsules\extracted\datasets\Normal\427.png,normal,normal,0.99977,0.99977,0.00023,True,455,151,517,213
0,0.0,23,data\real\pharmaceutical_capsules\extracted\datasets\Normal\424.png,normal,normal,0.999628,0.999628,0.000372,True,1048,305,1110,367
0,0.0,24,data\real\pharmaceutical_capsules\extracted\datasets\Normal\443.png,normal,normal,0.99986,0.99986,0.00014,True,11,487,73,549
0,0.0,25,data\real\pharmaceutical_capsules\extracted\datasets\Anomaly\321.png,defective,defective,0.999956,4.4e-05,0.999956,True,54,157,116,219
0,0.0,26,data\real\pharmaceutical_capsules\extracted\datasets\Normal\403.png,normal,normal,0.999762,0.999762,0.000238,True,609,331,671,393
0,0.0,27,data\real\pharmaceutical_capsules\extracted\datasets\Anomaly\459.png,defective,defective,0.99997,3e-05,0.99997,True,148,501,210,563
0,0.0,28,data\real\pharmaceutical_capsules\extracted\datasets\Anomaly\137.png,defective,defective,0.999974,2.6e-05,0.999974,True,718,162,780,224
0,0.0,29,data\real\pharmaceutical_capsules\extracted\datasets\Anomaly\587.png,defective,defective,0.99997,3e-05,0.99997,True,1246,310,1279,372
0,0.0,30,data\real\pharmaceutical_capsules\extracted\datasets\Normal\440.png,normal,normal,0.99979,0.99979,0.00021,True,86,470,148,532
0,0.0,31,data\real\pharmaceutical_capsules\extracted\datasets\Anomaly\469.png,defective,defective,0.999943,5.7e-05,0.999943,True,165,147,227,209
0,0.0,32,data\real\pharmaceutical_capsules\extracted\datasets\Anomaly\094.png,defective,defective,0.999814,0.000186,0.999814,True,510,306,572,368
0,0.0,33,data\real\pharmaceutical_capsules\extracted\datasets\Anomaly\273.png,defective,defective,0.99996,4e-05,0.99996,True,732,496,794,558
0,0.0,34,data\real\pharmaceutical_capsules\extracted\datasets\Normal\033.png,normal,normal,0.999738,0.999738,0.000262,True,1212,137,1274,199
0,0.0,35,data\real\pharmaceutical_capsules\extracted\datasets\Anomaly\071.png,defective,defective,0.999933,6.7e-05,0.999933,True,116,336,178,398
0,0.0,36,data\real\pharmaceutical_capsules\extracted\datasets\Normal\386.png,normal,normal,0.999792,0.999792,0.000208,True,953,488,1015,550
1,0.042,1,data\real\pharmaceutical_capsules\extracted\datasets\Anomaly\316.png,defective,defective,0.999963,3.7e-05,0.999963,True,792,138,854,200
1,0.042,2,data\real\pharmaceutical_capsules\extracted\datasets\Normal\068.png,normal,normal,0.999773,0.999773,0.000227,True,287,310,349,372
1,0.042,3,data\real\pharmaceutical_capsules\extracted\datasets\Normal\149.png,normal,normal,0.999805,0.999805,0.000195,True,840,501,902,563
1,0.042,4,data\real\pharmaceutical_capsules\extracted\datasets\Anomaly\443.png,defective,defective,0.999923,7.7e-05,0.999923,True,514,138,576,200
1,0.042,5,data\real\pharmaceutical_capsules\extracted\datasets\Anomaly\221.png,defective,defective,0.999938,6.2e-05,0.999938,True,272,303,334,365
1,0.042,6,data\real\pharmaceutical_capsules\extracted\datasets\Normal\012.png,normal,normal,0.992716,0.992716,0.007284,True,891,501,953,563
1,0.042,7,data\real\pharmaceutical_capsules\extracted\datasets\Anomaly\124.png,defective,defective,0.999966,3.4e-05,0.999966,True,549,154,611,216
1,0.042,8,data\real\pharmaceutical_capsules\extracted\datasets\Anomaly\192.png,defective,defective,0.999946,5.4e-05,0.999946,True,0,312,45,374
1,0.042,9,data\real\pharmaceutical_capsules\extracted\datasets\Normal\492.png,normal,normal,0.999762,0.999762,0.000238,True,410,476,472,538
1,0.042,10,data\real\pharmaceutical_capsules\extracted\datasets\Anomaly\351.png,defective,normal,0.671338,0.671338,0.328662,False,951,143,1013,205
1,0.042,11,data\real\pharmaceutical_capsules\extracted\datasets\Normal\305.png,normal,normal,0.999814,0.999814,0.000186,True,98,324,160,386
1,0.042,12,data\real\pharmaceutical_capsules\extracted\datasets\Normal\082.png,normal,normal,0.999814,0.999814,0.000186,True,1007,496,1069,558
1,0.042,13,data\real\pharmaceutical_capsules\extracted\datasets\Normal\481.png,normal,normal,0.999822,0.999822,0.000178,True,1220,161,1279,223
1,0.042,14,data\real\pharmaceutical_capsules\extracted\datasets\Anomaly\455.png,defective,defective,0.99982,0.00018,0.99982,True,349,325,411,387
1,0.042,15,data\real\pharmaceutical_capsules\extracted\datasets\Normal\446.png,normal,normal,0.999598,0.999598,0.000402,True,876,469,938,531
1,0.042,16,data\real\pharmaceutical_capsules\extracted\datasets\Normal\067.png,normal,normal,0.999754,0.999754,0.000246,True,964,142,1026,204
1,0.042,17,data\real\pharmaceutical_capsules\extracted\datasets\Normal\338.png,normal,normal,0.999837,0.999837,0.000163,True,1083,326,1145,388
1,0.042,18,data\real\pharmaceutical_capsules\extracted\datasets\Anomaly\140.png,defective,defective,0.99995,5e-05,0.99995,True,788,490,850,552
1,0.042,19,data\real\pharmaceutical_capsules\extracted\datasets\Anomaly\242.png,defective,defective,0.9999,0.0001,0.9999,True,429,154,491,216
1,0.042,20,data\real\pharmaceutical_capsules\extracted\datasets\Normal\158.png,normal,normal,0.999763,0.999763,0.000237,True,849,306,911,368
1,0.042,21,data\real\pharmaceutical_capsules\extracted\datasets\Anomaly\415.png,defective,defective,0.999412,0.000588,0.999412,True,193,482,255,544
1,0.042,22,data\real\pharmaceutical_capsules\extracted\datasets\Normal\427.png,normal,normal,0.99977,0.99977,0.00023,True,460,151,522,213
1,0.042,23,data\real\pharmaceutical_capsules\extracted\datasets\Normal\424.png,normal,normal,0.999628,0.999628,0.000372,True,1053,305,1115,367
1,0.042,24,data\real\pharmaceutical_capsules\extracted\datasets\Normal\443.png,normal,normal,0.99986,0.99986,0.00014,True,15,487,77,549
1,0.042,25,data\real\pharmaceutical_capsules\extracted\datasets\Anomaly\321.png,defective,defective,0.999956,4.4e-05,0.999956,True,59,157,121,219
1,0.042,26,data\real\pharmaceutical_capsules\extracted\datasets\Normal\403.png,normal,normal,0.999762,0.999762,0.000238,True,613,331,675,393
1,0.042,27,data\real\pharmaceutical_capsules\extracted\datasets\Anomaly\459.png,defective,defective,0.99997,3e-05,0.99997,True,153,501,215,563
1,0.042,28,data\real\pharmaceutical_capsules\extracted\datasets\Anomaly\137.png,defective,defective,0.999974,2.6e-05,0.999974,True,722,162,784,224
1,0.042,29,data\real\pharmaceutical_capsules\extracted\datasets\Anomaly\587.png,defective,defective,0.99997,3e-05,0.99997,True,0,310,34,372
1,0.042,30,data\real\pharmaceutical_capsules\extracted\datasets\Normal\440.png,normal,normal,0.99979,0.99979,0.00021,True,90,470,152,532
1,0.042,31,data\real\pharmaceutical_capsules\extracted\datasets\Anomaly\469.png,defective,defective,0.999943,5.7e-05,0.999943,True,170,147,232,209
1,0.042,32,data\real\pharmaceutical_capsules\extracted\datasets\Anomaly\094.png,defective,defective,0.999814,0.000186,0.999814,True,514,306,576,368
1,0.042,33,data\real\pharmaceutical_capsules\extracted\datasets\Anomaly\273.png,defective,defective,0.99996,4e-05,0.99996,True,737,496,799,558
1,0.042,34,data\real\pharmaceutical_capsules\extracted\datasets\Normal\033.png,normal,normal,0.999738,0.999738,0.000262,True,1217,137,1279,199
1,0.042,35,data\real\pharmaceutical_capsules\extracted\datasets\Anomaly\071.png,defective,defective,0.999933,6.7e-05,0.999933,True,121,336,183,398
1,0.042,36,data\real\pharmaceutical_capsules\extracted\datasets\Normal\386.png,normal,normal,0.999792,0.999792,0.000208,True,958,488,1020,550
2,0.083,1,data\real\pharmaceutical_capsules\extracted\datasets\Anomaly\316.png,defective,defective,0.999963,3.7e-05,0.999963,True,797,138,859,200
2,0.083,2,data\real\pharmaceutical_capsules\extracted\datasets\Normal\068.png,normal,normal,0.999773,0.999773,0.000227,True,292,310,354,372
2,0.083,3,data\real\pharmaceutical_capsules\extracted\datasets\Normal\149.png,normal,normal,0.999805,0.999805,0.000195,True,845,501,907,563
2,0.083,4,data\real\pharmaceutical_capsules\extracted\datasets\Anomaly\443.png,defective,defective,0.999923,7.7e-05,0.999923,True,519,138,581,200
2,0.083,5,data\real\pharmaceutical_capsules\extracted\datasets\Anomaly\221.png,defective,defective,0.999938,6.2e-05,0.999938,True,276,303,338,365
2,0.083,6,data\real\pharmaceutical_capsules\extracted\datasets\Normal\012.png,normal,normal,0.992716,0.992716,0.007284,True,895,501,957,563
2,0.083,7,data\real\pharmaceutical_capsules\extracted\datasets\Anomaly\124.png,defective,defective,0.999966,3.4e-05,0.999966,True,553,154,615,216
2,0.083,8,data\real\pharmaceutical_capsules\extracted\datasets\Anomaly\192.png,defective,defective,0.999946,5.4e-05,0.999946,True,0,312,50,374
2,0.083,9,data\real\pharmaceutical_capsules\extracted\datasets\Normal\492.png,normal,normal,0.999762,0.999762,0.000238,True,414,476,476,538
2,0.083,10,data\real\pharmaceutical_capsules\extracted\datasets\Anomaly\351.png,defective,normal,0.671338,0.671338,0.328662,False,956,143,1018,205
2,0.083,11,data\real\pharmaceutical_capsules\extracted\datasets\Normal\305.png,normal,normal,0.999814,0.999814,0.000186,True,102,324,164,386
2,0.083,12,data\real\pharmaceutical_capsules\extracted\datasets\Normal\082.png,normal,normal,0.999814,0.999814,0.000186,True,1012,496,1074,558
2,0.083,13,data\real\pharmaceutical_capsules\extracted\datasets\Normal\481.png,normal,normal,0.999822,0.999822,0.000178,True,1224,161,1279,223
2,0.083,14,data\real\pharmaceutical_capsules\extracted\datasets\Anomaly\455.png,defective,defective,0.99982,0.00018,0.99982,True,354,325,416,387
2,0.083,15,data\real\pharmaceutical_capsules\extracted\datasets\Normal\446.png,normal,normal,0.999598,0.999598,0.000402,True,880,469,942,531
2,0.083,16,data\real\pharmaceutical_capsules\extracted\datasets\Normal\067.png,normal,normal,0.999754,0.999754,0.000246,True,968,142,1030,204
2,0.083,17,data\real\pharmaceutical_capsules\extracted\datasets\Normal\338.png,normal,normal,0.999837,0.999837,0.000163,True,1088,326,1150,388
2,0.083,18,data\real\pharmaceutical_capsules\extracted\datasets\Anomaly\140.png,defective,defective,0.99995,5e-05,0.99995,True,792,490,854,552
2,0.083,19,data\real\pharmaceutical_capsules\extracted\datasets\Anomaly\242.png,defective,defective,0.9999,0.0001,0.9999,True,433,154,495,216
2,0.083,20,data\real\pharmaceutical_capsules\extracted\datasets\Normal\158.png,normal,normal,0.999763,0.999763,0.000237,True,853,306,915,368
2,0.083,21,data\real\pharmaceutical_capsules\extracted\datasets\Anomaly\415.png,defective,defective,0.999412,0.000588,0.999412,True,198,482,260,544
2,0.083,22,data\real\pharmaceutical_capsules\extracted\datasets\Normal\427.png,normal,normal,0.99977,0.99977,0.00023,True,464,151,526,213
2,0.083,23,data\real\pharmaceutical_capsules\extracted\datasets\Normal\424.png,normal,normal,0.999628,0.999628,0.000372,True,1057,305,1119,367
2,0.083,24,data\real\pharmaceutical_capsules\extracted\datasets\Normal\443.png,normal,normal,0.99986,0.99986,0.00014,True,20,487,82,549
2,0.083,25,data\real\pharmaceutical_capsules\extracted\datasets\Anomaly\321.png,defective,defective,0.999956,4.4e-05,0.999956,True,63,157,125,219
2,0.083,26,data\real\pharmaceutical_capsules\extracted\datasets\Normal\403.png,normal,normal,0.999762,0.999762,0.000238,True,618,331,680,393
2,0.083,27,data\real\pharmaceutical_capsules\extracted\datasets\Anomaly\459.png,defective,defective,0.99997,3e-05,0.99997,True,157,501,219,563
2,0.083,28,data\real\pharmaceutical_capsules\extracted\datasets\Anomaly\137.png,defective,defective,0.999974,2.6e-05,0.999974,True,727,162,789,224
2,0.083,29,data\real\pharmaceutical_capsules\extracted\datasets\Anomaly\587.png,defective,defective,0.99997,3e-05,0.99997,True,0,310,38,372
2,0.083,30,data\real\pharmaceutical_capsules\extracted\datasets\Normal\440.png,normal,normal,0.99979,0.99979,0.00021,True,95,470,157,532
2,0.083,31,data\real\pharmaceutical_capsules\extracted\datasets\Anomaly\469.png,defective,defective,0.999943,5.7e-05,0.999943,True,174,147,236,209
2,0.083,32,data\real\pharmaceutical_capsules\extracted\datasets\Anomaly\094.png,defective,defective,0.999814,0.000186,0.999814,True,519,306,581,368
2,0.083,33,data\real\pharmaceutical_capsules\extracted\datasets\Anomaly\273.png,defective,defective,0.99996,4e-05,0.99996,True,741,496,803,558
2,0.083,34,data\real\pharmaceutical_capsules\extracted\datasets\Normal\033.png,normal,normal,0.999738,0.999738,0.000262,True,1221,137,1279,199
2,0.083,35,data\real\pharmaceutical_capsules\extracted\datasets\Anomaly\071.png,defective,defective,0.999933,6.7e-05,0.999933,True,125,336,187,398
2,0.083,36,data\real\pharmaceutical_capsules\extracted\datasets\Normal\386.png,normal,normal,0.999792,0.999792,0.000208,True,962,488,1024,550
3,0.125,1,data\real\pharmaceutical_capsules\extracted\datasets\Anomaly\316.png,defective,defective,0.999963,3.7e-05,0.999963,True,801,138,863,200
3,0.125,2,data\real\pharmaceutical_capsules\extracted\datasets\Normal\068.png,normal,normal,0.999773,0.999773,0.000227,True,296,310,358,372
3,0.125,3,data\real\pharmaceutical_capsules\extracted\datasets\Normal\149.png,normal,normal,0.999805,0.999805,0.000195,True,849,501,911,563
3,0.125,4,data\real\pharmaceutical_capsules\extracted\datasets\Anomaly\443.png,defective,defective,0.999923,7.7e-05,0.999923,True,523,138,585,200
3,0.125,5,data\real\pharmaceutical_capsules\extracted\datasets\Anomaly\221.png,defective,defective,0.999938,6.2e-05,0.999938,True,281,303,343,365
3,0.125,6,data\real\pharmaceutical_capsules\extracted\datasets\Normal\012.png,normal,normal,0.992716,0.992716,0.007284,True,900,501,962,563
3,0.125,7,data\real\pharmaceutical_capsules\extracted\datasets\Anomaly\124.png,defective,defective,0.999966,3.4e-05,0.999966,True,558,154,620,216
3,0.125,8,data\real\pharmaceutical_capsules\extracted\datasets\Anomaly\192.png,defective,defective,0.999946,5.4e-05,0.999946,True,0,312,54,374
3,0.125,9,data\real\pharmaceutical_capsules\extracted\datasets\Normal\492.png,normal,normal,0.999762,0.999762,0.000238,True,419,476,481,538
3,0.125,10,data\real\pharmaceutical_capsules\extracted\datasets\Anomaly\351.png,defective,normal,0.671338,0.671338,0.328662,False,960,143,1022,205
3,0.125,11,data\real\pharmaceutical_capsules\extracted\datasets\Normal\305.png,normal,normal,0.999814,0.999814,0.000186,True,107,324,169,386
3,0.125,12,data\real\pharmaceutical_capsules\extracted\datasets\Normal\082.png,normal,normal,0.999814,0.999814,0.000186,True,1016,496,1078,558
3,0.125,13,data\real\pharmaceutical_capsules\extracted\datasets\Normal\481.png,normal,normal,0.999822,0.999822,0.000178,True,1229,161,1279,223
3,0.125,14,data\real\pharmaceutical_capsules\extracted\datasets\Anomaly\455.png,defective,defective,0.99982,0.00018,0.99982,True,358,325,420,387
3,0.125,15,data\real\pharmaceutical_capsules\extracted\datasets\Normal\446.png,normal,normal,0.999598,0.999598,0.000402,True,885,469,947,531
3,0.125,16,data\real\pharmaceutical_capsules\extracted\datasets\Normal\067.png,normal,normal,0.999754,0.999754,0.000246,True,973,142,1035,204
3,0.125,17,data\real\pharmaceutical_capsules\extracted\datasets\Normal\338.png,normal,normal,0.999837,0.999837,0.000163,True,1092,326,1154,388
3,0.125,18,data\real\pharmaceutical_capsules\extracted\datasets\Anomaly\140.png,defective,defective,0.99995,5e-05,0.99995,True,797,490,859,552
3,0.125,19,data\real\pharmaceutical_capsules\extracted\datasets\Anomaly\242.png,defective,defective,0.9999,0.0001,0.9999,True,438,154,500,216
3,0.125,20,data\real\pharmaceutical_capsules\extracted\datasets\Normal\158.png,normal,normal,0.999763,0.999763,0.000237,True,858,306,920,368
3,0.125,21,data\real\pharmaceutical_capsules\extracted\datasets\Anomaly\415.png,defective,defective,0.999412,0.000588,0.999412,True,202,482,264,544
3,0.125,22,data\real\pharmaceutical_capsules\extracted\datasets\Normal\427.png,normal,normal,0.99977,0.99977,0.00023,True,469,151,531,213
3,0.125,23,data\real\pharmaceutical_capsules\extracted\datasets\Normal\424.png,normal,normal,0.999628,0.999628,0.000372,True,1062,305,1124,367
3,0.125,24,data\real\pharmaceutical_capsules\extracted\datasets\Normal\443.png,normal,normal,0.99986,0.99986,0.00014,True,24,487,86,549
3,0.125,25,data\real\pharmaceutical_capsules\extracted\datasets\Anomaly\321.png,defective,defective,0.999956,4.4e-05,0.999956,True,68,157,130,219
3,0.125,26,data\real\pharmaceutical_capsules\extracted\datasets\Normal\403.png,normal,normal,0.999762,0.999762,0.000238,True,622,331,684,393
3,0.125,27,data\real\pharmaceutical_capsules\extracted\datasets\Anomaly\459.png,defective,defective,0.99997,3e-05,0.99997,True,162,501,224,563
3,0.125,28,data\real\pharmaceutical_capsules\extracted\datasets\Anomaly\137.png,defective,defective,0.999974,2.6e-05,0.999974,True,731,162,793,224
3,0.125,29,data\real\pharmaceutical_capsules\extracted\datasets\Anomaly\587.png,defective,defective,0.99997,3e-05,0.99997,True,0,310,43,372
3,0.125,30,data\real\pharmaceutical_capsules\extracted\datasets\Normal\440.png,normal,normal,0.99979,0.99979,0.00021,True,99,470,161,532
3,0.125,31,data\real\pharmaceutical_capsules\extracted\datasets\Anomaly\469.png,defective,defective,0.999943,5.7e-05,0.999943,True,179,147,241,209
3,0.125,32,data\real\pharmaceutical_capsules\extracted\datasets\Anomaly\094.png,defective,defective,0.999814,0.000186,0.999814,True,523,306,585,368
3,0.125,33,data\real\pharmaceutical_capsules\extracted\datasets\Anomaly\273.png,defective,defective,0.99996,4e-05,0.99996,True,746,496,808,558
3,0.125,34,data\real\pharmaceutical_capsules\extracted\datasets\Normal\033.png,normal,normal,0.999738,0.999738,0.000262,True,1226,137,1279,199
3,0.125,35,data\real\pharmaceutical_capsules\extracted\datasets\Anomaly\071.png,defective,defective,0.999933,6.7e-05,0.999933,True,130,336,192,398
3,0.125,36,data\real\pharmaceutical_capsules\extracted\datasets\Normal\386.png,normal,normal,0.999792,0.999792,0.000208,True,967,488,1029,550
4,0.167,1,data\real\pharmaceutical_capsules\extracted\datasets\Anomaly\316.png,defective,defective,0.999963,3.7e-05,0.999963,True,806,138,868,200
4,0.167,2,data\real\pharmaceutical_capsules\extracted\datasets\Normal\068.png,normal,normal,0.999773,0.999773,0.000227,True,301,310,363,372
4,0.167,3,data\real\pharmaceutical_capsules\extracted\datasets\Normal\149.png,normal,normal,0.999805,0.999805,0.000195,True,854,501,916,563
4,0.167,4,data\real\pharmaceutical_capsules\extracted\datasets\Anomaly\443.png,defective,defective,0.999923,7.7e-05,0.999923,True,528,138,590,200
4,0.167,5,data\real\pharmaceutical_capsules\extracted\datasets\Anomaly\221.png,defective,defective,0.999938,6.2e-05,0.999938,True,285,303,347,365
4,0.167,6,data\real\pharmaceutical_capsules\extracted\datasets\Normal\012.png,normal,normal,0.992716,0.992716,0.007284,True,904,501,966,563
4,0.167,7,data\real\pharmaceutical_capsules\extracted\datasets\Anomaly\124.png,defective,defective,0.999966,3.4e-05,0.999966,True,562,154,624,216
4,0.167,8,data\real\pharmaceutical_capsules\extracted\datasets\Anomaly\192.png,defective,defective,0.999946,5.4e-05,0.999946,True,0,312,59,374
4,0.167,9,data\real\pharmaceutical_capsules\extracted\datasets\Normal\492.png,normal,normal,0.999762,0.999762,0.000238,True,423,476,485,538
4,0.167,10,data\real\pharmaceutical_capsules\extracted\datasets\Anomaly\351.png,defective,normal,0.671338,0.671338,0.328662,False,965,143,1027,205
4,0.167,11,data\real\pharmaceutical_capsules\extracted\datasets\Normal\305.png,normal,normal,0.999814,0.999814,0.000186,True,111,324,173,386
4,0.167,12,data\real\pharmaceutical_capsules\extracted\datasets\Normal\082.png,normal,normal,0.999814,0.999814,0.000186,True,1021,496,1083,558
4,0.167,13,data\real\pharmaceutical_capsules\extracted\datasets\Normal\481.png,normal,normal,0.999822,0.999822,0.000178,True,1233,161,1279,223
4,0.167,14,data\real\pharmaceutical_capsules\extracted\datasets\Anomaly\455.png,defective,defective,0.99982,0.00018,0.99982,True,363,325,425,387
4,0.167,15,data\real\pharmaceutical_capsules\extracted\datasets\Normal\446.png,normal,normal,0.999598,0.999598,0.000402,True,889,469,951,531
4,0.167,16,data\real\pharmaceutical_capsules\extracted\datasets\Normal\067.png,normal,normal,0.999754,0.999754,0.000246,True,977,142,1039,204
4,0.167,17,data\real\pharmaceutical_capsules\extracted\datasets\Normal\338.png,normal,normal,0.999837,0.999837,0.000163,True,1097,326,1159,388
4,0.167,18,data\real\pharmaceutical_capsules\extracted\datasets\Anomaly\140.png,defective,defective,0.99995,5e-05,0.99995,True,801,490,863,552
4,0.167,19,data\real\pharmaceutical_capsules\extracted\datasets\Anomaly\242.png,defective,defective,0.9999,0.0001,0.9999,True,442,154,504,216
4,0.167,20,data\real\pharmaceutical_capsules\extracted\datasets\Normal\158.png,normal,normal,0.999763,0.999763,0.000237,True,862,306,924,368
4,0.167,21,data\real\pharmaceutical_capsules\extracted\datasets\Anomaly\415.png,defective,defective,0.999412,0.000588,0.999412,True,207,482,269,544
4,0.167,22,data\real\pharmaceutical_capsules\extracted\datasets\Normal\427.png,normal,normal,0.99977,0.99977,0.00023,True,473,151,535,213
4,0.167,23,data\real\pharmaceutical_capsules\extracted\datasets\Normal\424.png,normal,normal,0.999628,0.999628,0.000372,True,1066,305,1128,367
4,0.167,24,data\real\pharmaceutical_capsules\extracted\datasets\Normal\443.png,normal,normal,0.99986,0.99986,0.00014,True,29,487,91,549
4,0.167,25,data\real\pharmaceutical_capsules\extracted\datasets\Anomaly\321.png,defective,defective,0.999956,4.4e-05,0.999956,True,72,157,134,219
4,0.167,26,data\real\pharmaceutical_capsules\extracted\datasets\Normal\403.png,normal,normal,0.999762,0.999762,0.000238,True,627,331,689,393
4,0.167,27,data\real\pharmaceutical_capsules\extracted\datasets\Anomaly\459.png,defective,defective,0.99997,3e-05,0.99997,True,166,501,228,563
4,0.167,28,data\real\pharmaceutical_capsules\extracted\datasets\Anomaly\137.png,defective,defective,0.999974,2.6e-05,0.999974,True,736,162,798,224
4,0.167,29,data\real\pharmaceutical_capsules\extracted\datasets\Anomaly\587.png,defective,defective,0.99997,3e-05,0.99997,True,0,310,47,372
4,0.167,30,data\real\pharmaceutical_capsules\extracted\datasets\Normal\440.png,normal,normal,0.99979,0.99979,0.00021,True,104,470,166,532
4,0.167,31,data\real\pharmaceutical_capsules\extracted\datasets\Anomaly\469.png,defective,defective,0.999943,5.7e-05,0.999943,True,183,147,245,209
4,0.167,32,data\real\pharmaceutical_capsules\extracted\datasets\Anomaly\094.png,defective,defective,0.999814,0.000186,0.999814,True,528,306,590,368
4,0.167,33,data\real\pharmaceutical_capsules\extracted\datasets\Anomaly\273.png,defective,defective,0.99996,4e-05,0.99996,True,750,496,812,558
4,0.167,34,data\real\pharmaceutical_capsules\extracted\datasets\Normal\033.png,normal,normal,0.999738,0.999738,0.000262,True,1230,137,1279,199
4,0.167,35,data\real\pharmaceutical_capsules\extracted\datasets\Anomaly\071.png,defective,defective,0.999933,6.7e-05,0.999933,True,134,336,196,398
4,0.167,36,data\real\pharmaceutical_capsules\extracted\datasets\Normal\386.png,normal,normal,0.999792,0.999792,0.000208,True,971,488,1033,550
5,0.208,1,data\real\pharmaceutical_capsules\extracted\datasets\Anomaly\316.png,defective,defective,0.999963,3.7e-05,0.999963,True,810,138,872,200
5,0.208,2,data\real\pharmaceutical_capsules\extracted\datasets\Normal\068.png,normal,normal,0.999773,0.999773,0.000227,True,305,310,367,372
5,0.208,3,data\real\pharmaceutical_capsules\extracted\datasets\Normal\149.png,normal,normal,0.999805,0.999805,0.000195,True,858,501,920,563
5,0.208,4,data\real\pharmaceutical_capsules\extracted\datasets\Anomaly\443.png,defective,defective,0.999923,7.7e-05,0.999923,True,532,138,594,200
5,0.208,5,data\real\pharmaceutical_capsules\extracted\datasets\Anomaly\221.png,defective,defective,0.999938,6.2e-05,0.999938,True,290,303,352,365
5,0.208,6,data\real\pharmaceutical_capsules\extracted\datasets\Normal\012.png,normal,normal,0.992716,0.992716,0.007284,True,909,501,971,563
5,0.208,7,data\real\pharmaceutical_capsules\extracted\datasets\Anomaly\124.png,defective,defective,0.999966,3.4e-05,0.999966,True,567,154,629,216
5,0.208,8,data\real\pharmaceutical_capsules\extracted\datasets\Anomaly\192.png,defective,defective,0.999946,5.4e-05,0.999946,True,0,312,62,374
5,0.208,9,data\real\pharmaceutical_capsules\extracted\datasets\Normal\492.png,normal,normal,0.999762,0.999762,0.000238,True,428,476,490,538
5,0.208,10,data\real\pharmaceutical_capsules\extracted\datasets\Anomaly\351.png,defective,normal,0.671338,0.671338,0.328662,False,969,143,1031,205
5,0.208,11,data\real\pharmaceutical_capsules\extracted\datasets\Normal\305.png,normal,normal,0.999814,0.999814,0.000186,True,116,324,178,386
5,0.208,12,data\real\pharmaceutical_capsules\extracted\datasets\Normal\082.png,normal,normal,0.999814,0.999814,0.000186,True,1025,496,1087,558
5,0.208,13,data\real\pharmaceutical_capsules\extracted\datasets\Normal\481.png,normal,normal,0.999822,0.999822,0.000178,True,1238,161,1279,223
5,0.208,14,data\real\pharmaceutical_capsules\extracted\datasets\Anomaly\455.png,defective,defective,0.99982,0.00018,0.99982,True,367,325,429,387
5,0.208,15,data\real\pharmaceutical_capsules\extracted\datasets\Normal\446.png,normal,normal,0.999598,0.999598,0.000402,True,894,469,956,531
5,0.208,16,data\real\pharmaceutical_capsules\extracted\datasets\Normal\067.png,normal,normal,0.999754,0.999754,0.000246,True,982,142,1044,204
5,0.208,17,data\real\pharmaceutical_capsules\extracted\datasets\Normal\338.png,normal,normal,0.999837,0.999837,0.000163,True,1101,326,1163,388
5,0.208,18,data\real\pharmaceutical_capsules\extracted\datasets\Anomaly\140.png,defective,defective,0.99995,5e-05,0.99995,True,806,490,868,552
5,0.208,19,data\real\pharmaceutical_capsules\extracted\datasets\Anomaly\242.png,defective,defective,0.9999,0.0001,0.9999,True,447,154,509,216
5,0.208,20,data\real\pharmaceutical_capsules\extracted\datasets\Normal\158.png,normal,normal,0.999763,0.999763,0.000237,True,867,306,929,368
5,0.208,21,data\real\pharmaceutical_capsules\extracted\datasets\Anomaly\415.png,defective,defective,0.999412,0.000588,0.999412,True,211,482,273,544
5,0.208,22,data\real\pharmaceutical_capsules\extracted\datasets\Normal\427.png,normal,normal,0.99977,0.99977,0.00023,True,478,151,540,213
5,0.208,23,data\real\pharmaceutical_capsules\extracted\datasets\Normal\424.png,normal,normal,0.999628,0.999628,0.000372,True,1071,305,1133,367
5,0.208,24,data\real\pharmaceutical_capsules\extracted\datasets\Normal\443.png,normal,normal,0.99986,0.99986,0.00014,True,33,487,95,549
5,0.208,25,data\real\pharmaceutical_capsules\extracted\datasets\Anomaly\321.png,defective,defective,0.999956,4.4e-05,0.999956,True,77,157,139,219
5,0.208,26,data\real\pharmaceutical_capsules\extracted\datasets\Normal\403.png,normal,normal,0.999762,0.999762,0.000238,True,631,331,693,393
5,0.208,27,data\real\pharmaceutical_capsules\extracted\datasets\Anomaly\459.png,defective,defective,0.99997,3e-05,0.99997,True,171,501,233,563
5,0.208,28,data\real\pharmaceutical_capsules\extracted\datasets\Anomaly\137.png,defective,defective,0.999974,2.6e-05,0.999974,True,740,162,802,224
5,0.208,29,data\real\pharmaceutical_capsules\extracted\datasets\Anomaly\587.png,defective,defective,0.99997,3e-05,0.99997,True,0,310,52,372
5,0.208,30,data\real\pharmaceutical_capsules\extracted\datasets\Normal\440.png,normal,normal,0.99979,0.99979,0.00021,True,108,470,170,532
5,0.208,31,data\real\pharmaceutical_capsules\extracted\datasets\Anomaly\469.png,defective,defective,0.999943,5.7e-05,0.999943,True,188,147,250,209
5,0.208,32,data\real\pharmaceutical_capsules\extracted\datasets\Anomaly\094.png,defective,defective,0.999814,0.000186,0.999814,True,532,306,594,368
5,0.208,33,data\real\pharmaceutical_capsules\extracted\datasets\Anomaly\273.png,defective,defective,0.99996,4e-05,0.99996,True,755,496,817,558
5,0.208,34,data\real\pharmaceutical_capsules\extracted\datasets\Normal\033.png,normal,normal,0.999738,0.999738,0.000262,True,1235,137,1279,199
5,0.208,35,data\real\pharmaceutical_capsules\extracted\datasets\Anomaly\071.png,defective,defective,0.999933,6.7e-05,0.999933,True,139,336,201,398
5,0.208,36,data\real\pharmaceutical_capsules\extracted\datasets\Normal\386.png,normal,normal,0.999792,0.999792,0.000208,True,976,488,1038,550
6,0.25,1,data\real\pharmaceutical_capsules\extracted\datasets\Anomaly\316.png,defective,defective,0.999963,3.7e-05,0.999963,True,815,138,877,200
6,0.25,2,data\real\pharmaceutical_capsules\extracted\datasets\Normal\068.png,normal,normal,0.999773,0.999773,0.000227,True,310,310,372,372
6,0.25,3,data\real\pharmaceutical_capsules\extracted\datasets\Normal\149.png,normal,normal,0.999805,0.999805,0.000195,True,863,501,925,563
6,0.25,4,data\real\pharmaceutical_capsules\extracted\datasets\Anomaly\443.png,defective,defective,0.999923,7.7e-05,0.999923,True,537,138,599,200
6,0.25,5,data\real\pharmaceutical_capsules\extracted\datasets\Anomaly\221.png,defective,defective,0.999938,6.2e-05,0.999938,True,294,303,356,365
6,0.25,6,data\real\pharmaceutical_capsules\extracted\datasets\Normal\012.png,normal,normal,0.992716,0.992716,0.007284,True,913,501,975,563
6,0.25,7,data\real\pharmaceutical_capsules\extracted\datasets\Anomaly\124.png,defective,defective,0.999966,3.4e-05,0.999966,True,571,154,633,216
6,0.25,8,data\real\pharmaceutical_capsules\extracted\datasets\Anomaly\192.png,defective,defective,0.999946,5.4e-05,0.999946,True,5,312,67,374
6,0.25,9,data\real\pharmaceutical_capsules\extracted\datasets\Normal\492.png,normal,normal,0.999762,0.999762,0.000238,True,432,476,494,538
6,0.25,10,data\real\pharmaceutical_capsules\extracted\datasets\Anomaly\351.png,defective,normal,0.671338,0.671338,0.328662,False,974,143,1036,205
6,0.25,11,data\real\pharmaceutical_capsules\extracted\datasets\Normal\305.png,normal,normal,0.999814,0.999814,0.000186,True,120,324,182,386
6,0.25,12,data\real\pharmaceutical_capsules\extracted\datasets\Normal\082.png,normal,normal,0.999814,0.999814,0.000186,True,1030,496,1092,558
6,0.25,13,data\real\pharmaceutical_capsules\extracted\datasets\Normal\481.png,normal,normal,0.999822,0.999822,0.000178,True,1242,161,1279,223
6,0.25,14,data\real\pharmaceutical_capsules\extracted\datasets\Anomaly\455.png,defective,defective,0.99982,0.00018,0.99982,True,372,325,434,387
6,0.25,15,data\real\pharmaceutical_capsules\extracted\datasets\Normal\446.png,normal,normal,0.999598,0.999598,0.000402,True,898,469,960,531
6,0.25,16,data\real\pharmaceutical_capsules\extracted\datasets\Normal\067.png,normal,normal,0.999754,0.999754,0.000246,True,986,142,1048,204
6,0.25,17,data\real\pharmaceutical_capsules\extracted\datasets\Normal\338.png,normal,normal,0.999837,0.999837,0.000163,True,1106,326,1168,388
6,0.25,18,data\real\pharmaceutical_capsules\extracted\datasets\Anomaly\140.png,defective,defective,0.99995,5e-05,0.99995,True,810,490,872,552
6,0.25,19,data\real\pharmaceutical_capsules\extracted\datasets\Anomaly\242.png,defective,defective,0.9999,0.0001,0.9999,True,451,154,513,216
6,0.25,20,data\real\pharmaceutical_capsules\extracted\datasets\Normal\158.png,normal,normal,0.999763,0.999763,0.000237,True,871,306,933,368
6,0.25,21,data\real\pharmaceutical_capsules\extracted\datasets\Anomaly\415.png,defective,defective,0.999412,0.000588,0.999412,True,216,482,278,544
6,0.25,22,data\real\pharmaceutical_capsules\extracted\datasets\Normal\427.png,normal,normal,0.99977,0.99977,0.00023,True,482,151,544,213
6,0.25,23,data\real\pharmaceutical_capsules\extracted\datasets\Normal\424.png,normal,normal,0.999628,0.999628,0.000372,True,1075,305,1137,367
6,0.25,24,data\real\pharmaceutical_capsules\extracted\datasets\Normal\443.png,normal,normal,0.99986,0.99986,0.00014,True,38,487,100,549
6,0.25,25,data\real\pharmaceutical_capsules\extracted\datasets\Anomaly\321.png,defective,defective,0.999956,4.4e-05,0.999956,True,81,157,143,219
6,0.25,26,data\real\pharmaceutical_capsules\extracted\datasets\Normal\403.png,normal,normal,0.999762,0.999762,0.000238,True,636,331,698,393
6,0.25,27,data\real\pharmaceutical_capsules\extracted\datasets\Anomaly\459.png,defective,defective,0.99997,3e-05,0.99997,True,175,501,237,563
6,0.25,28,data\real\pharmaceutical_capsules\extracted\datasets\Anomaly\137.png,defective,defective,0.999974,2.6e-05,0.999974,True,745,162,807,224
6,0.25,29,data\real\pharmaceutical_capsules\extracted\datasets\Anomaly\587.png,defective,defective,0.99997,3e-05,0.99997,True,0,310,56,372
6,0.25,30,data\real\pharmaceutical_capsules\extracted\datasets\Normal\440.png,normal,normal,0.99979,0.99979,0.00021,True,113,470,175,532
6,0.25,31,data\real\pharmaceutical_capsules\extracted\datasets\Anomaly\469.png,defective,defective,0.999943,5.7e-05,0.999943,True,192,147,254,209
6,0.25,32,data\real\pharmaceutical_capsules\extracted\datasets\Anomaly\094.png,defective,defective,0.999814,0.000186,0.999814,True,537,306,599,368
6,0.25,33,data\real\pharmaceutical_capsules\extracted\datasets\Anomaly\273.png,defective,defective,0.99996,4e-05,0.99996,True,759,496,821,558
6,0.25,34,data\real\pharmaceutical_capsules\extracted\datasets\Normal\033.png,normal,normal,0.999738,0.999738,0.000262,True,1239,137,1279,199
6,0.25,35,data\real\pharmaceutical_capsules\extracted\datasets\Anomaly\071.png,defective,defective,0.999933,6.7e-05,0.999933,True,143,336,205,398
6,0.25,36,data\real\pharmaceutical_capsules\extracted\datasets\Normal\386.png,normal,normal,0.999792,0.999792,0.000208,True,980,488,1042,550
7,0.292,1,data\real\pharmaceutical_capsules\extracted\datasets\Anomaly\316.png,defective,defective,0.999963,3.7e-05,0.999963,True,819,138,881,200
7,0.292,2,data\real\pharmaceutical_capsules\extracted\datasets\Normal\068.png,normal,normal,0.999773,0.999773,0.000227,True,314,310,376,372
7,0.292,3,data\real\pharmaceutical_capsules\extracted\datasets\Normal\149.png,normal,normal,0.999805,0.999805,0.000195,True,867,501,929,563
7,0.292,4,data\real\pharmaceutical_capsules\extracted\datasets\Anomaly\443.png,defective,defective,0.999923,7.7e-05,0.999923,True,541,138,603,200
7,0.292,5,data\real\pharmaceutical_capsules\extracted\datasets\Anomaly\221.png,defective,defective,0.999938,6.2e-05,0.999938,True,299,303,361,365
7,0.292,6,data\real\pharmaceutical_capsules\extracted\datasets\Normal\012.png,normal,normal,0.992716,0.992716,0.007284,True,918,501,980,563
7,0.292,7,data\real\pharmaceutical_capsules\extracted\datasets\Anomaly\124.png,defective,defective,0.999966,3.4e-05,0.999966,True,576,154,638,216
7,0.292,8,data\real\pharmaceutical_capsules\extracted\datasets\Anomaly\192.png,defective,defective,0.999946,5.4e-05,0.999946,True,9,312,71,374
7,0.292,9,data\real\pharmaceutical_capsules\extracted\datasets\Normal\492.png,normal,normal,0.999762,0.999762,0.000238,True,437,476,499,538
7,0.292,10,data\real\pharmaceutical_capsules\extracted\datasets\Anomaly\351.png,defective,normal,0.671338,0.671338,0.328662,False,978,143,1040,205
7,0.292,11,data\real\pharmaceutical_capsules\extracted\datasets\Normal\305.png,normal,normal,0.999814,0.999814,0.000186,True,125,324,187,386
7,0.292,12,data\real\pharmaceutical_capsules\extracted\datasets\Normal\082.png,normal,normal,0.999814,0.999814,0.000186,True,1034,496,1096,558
7,0.292,13,data\real\pharmaceutical_capsules\extracted\datasets\Normal\481.png,normal,normal,0.999822,0.999822,0.000178,True,1247,161,1279,223
7,0.292,14,data\real\pharmaceutical_capsules\extracted\datasets\Anomaly\455.png,defective,defective,0.99982,0.00018,0.99982,True,376,325,438,387
7,0.292,15,data\real\pharmaceutical_capsules\extracted\datasets\Normal\446.png,normal,normal,0.999598,0.999598,0.000402,True,903,469,965,531
7,0.292,16,data\real\pharmaceutical_capsules\extracted\datasets\Normal\067.png,normal,normal,0.999754,0.999754,0.000246,True,991,142,1053,204
7,0.292,17,data\real\pharmaceutical_capsules\extracted\datasets\Normal\338.png,normal,normal,0.999837,0.999837,0.000163,True,1110,326,1172,388
7,0.292,18,data\real\pharmaceutical_capsules\extracted\datasets\Anomaly\140.png,defective,defective,0.99995,5e-05,0.99995,True,815,490,877,552
7,0.292,19,data\real\pharmaceutical_capsules\extracted\datasets\Anomaly\242.png,defective,defective,0.9999,0.0001,0.9999,True,456,154,518,216
7,0.292,20,data\real\pharmaceutical_capsules\extracted\datasets\Normal\158.png,normal,normal,0.999763,0.999763,0.000237,True,876,306,938,368
7,0.292,21,data\real\pharmaceutical_capsules\extracted\datasets\Anomaly\415.png,defective,defective,0.999412,0.000588,0.999412,True,220,482,282,544
7,0.292,22,data\real\pharmaceutical_capsules\extracted\datasets\Normal\427.png,normal,normal,0.99977,0.99977,0.00023,True,487,151,549,213
7,0.292,23,data\real\pharmaceutical_capsules\extracted\datasets\Normal\424.png,normal,normal,0.999628,0.999628,0.000372,True,1080,305,1142,367
7,0.292,24,data\real\pharmaceutical_capsules\extracted\datasets\Normal\443.png,normal,normal,0.99986,0.99986,0.00014,True,42,487,104,549
7,0.292,25,data\real\pharmaceutical_capsules\extracted\datasets\Anomaly\321.png,defective,defective,0.999956,4.4e-05,0.999956,True,86,157,148,219
7,0.292,26,data\real\pharmaceutical_capsules\extracted\datasets\Normal\403.png,normal,normal,0.999762,0.999762,0.000238,True,640,331,702,393
7,0.292,27,data\real\pharmaceutical_capsules\extracted\datasets\Anomaly\459.png,defective,defective,0.99997,3e-05,0.99997,True,180,501,242,563
7,0.292,28,data\real\pharmaceutical_capsules\extracted\datasets\Anomaly\137.png,defective,defective,0.999974,2.6e-05,0.999974,True,749,162,811,224
7,0.292,29,data\real\pharmaceutical_capsules\extracted\datasets\Anomaly\587.png,defective,defective,0.99997,3e-05,0.99997,True,0,310,61,372
7,0.292,30,data\real\pharmaceutical_capsules\extracted\datasets\Normal\440.png,normal,normal,0.99979,0.99979,0.00021,True,117,470,179,532
7,0.292,31,data\real\pharmaceutical_capsules\extracted\datasets\Anomaly\469.png,defective,defective,0.999943,5.7e-05,0.999943,True,197,147,259,209
7,0.292,32,data\real\pharmaceutical_capsules\extracted\datasets\Anomaly\094.png,defective,defective,0.999814,0.000186,0.999814,True,541,306,603,368
7,0.292,33,data\real\pharmaceutical_capsules\extracted\datasets\Anomaly\273.png,defective,defective,0.99996,4e-05,0.99996,True,764,496,826,558
7,0.292,34,data\real\pharmaceutical_capsules\extracted\datasets\Normal\033.png,normal,normal,0.999738,0.999738,0.000262,True,1244,137,1279,199
7,0.292,35,data\real\pharmaceutical_capsules\extracted\datasets\Anomaly\071.png,defective,defective,0.999933,6.7e-05,0.999933,True,148,336,210,398
7,0.292,36,data\real\pharmaceutical_capsules\extracted\datasets\Normal\386.png,normal,normal,0.999792,0.999792,0.000208,True,985,488,1047,550
8,0.333,1,data\real\pharmaceutical_capsules\extracted\datasets\Anomaly\316.png,defective,defective,0.999963,3.7e-05,0.999963,True,824,138,886,200
8,0.333,2,data\real\pharmaceutical_capsules\extracted\datasets\Normal\068.png,normal,normal,0.999773,0.999773,0.000227,True,319,310,381,372
8,0.333,3,data\real\pharmaceutical_capsules\extracted\datasets\Normal\149.png,normal,normal,0.999805,0.999805,0.000195,True,872,501,934,563
8,0.333,4,data\real\pharmaceutical_capsules\extracted\datasets\Anomaly\443.png,defective,defective,0.999923,7.7e-05,0.999923,True,546,138,608,200
8,0.333,5,data\real\pharmaceutical_capsules\extracted\datasets\Anomaly\221.png,defective,defective,0.999938,6.2e-05,0.999938,True,303,303,365,365
8,0.333,6,data\real\pharmaceutical_capsules\extracted\datasets\Normal\012.png,normal,normal,0.992716,0.992716,0.007284,True,922,501,984,563
8,0.333,7,data\real\pharmaceutical_capsules\extracted\datasets\Anomaly\124.png,defective,defective,0.999966,3.4e-05,0.999966,True,580,154,642,216
8,0.333,8,data\real\pharmaceutical_capsules\extracted\datasets\Anomaly\192.png,defective,defective,0.999946,5.4e-05,0.999946,True,14,312,76,374
8,0.333,9,data\real\pharmaceutical_capsules\extracted\datasets\Normal\492.png,normal,normal,0.999762,0.999762,0.000238,True,441,476,503,538
8,0.333,10,data\real\pharmaceutical_capsules\extracted\datasets\Anomaly\351.png,defective,normal,0.671338,0.671338,0.328662,False,983,143,1045,205
8,0.333,11,data\real\pharmaceutical_capsules\extracted\datasets\Normal\305.png,normal,normal,0.999814,0.999814,0.000186,True,129,324,191,386
8,0.333,12,data\real\pharmaceutical_capsules\extracted\datasets\Normal\082.png,normal,normal,0.999814,0.999814,0.000186,True,1039,496,1101,558
8,0.333,13,data\real\pharmaceutical_capsules\extracted\datasets\Normal\481.png,normal,normal,0.999822,0.999822,0.000178,True,0,161,34,223
8,0.333,14,data\real\pharmaceutical_capsules\extracted\datasets\Anomaly\455.png,defective,defective,0.99982,0.00018,0.99982,True,381,325,443,387
8,0.333,15,data\real\pharmaceutical_capsules\extracted\datasets\Normal\446.png,normal,normal,0.999598,0.999598,0.000402,True,907,469,969,531
8,0.333,16,data\real\pharmaceutical_capsules\extracted\datasets\Normal\067.png,normal,normal,0.999754,0.999754,0.000246,True,995,142,1057,204
8,0.333,17,data\real\pharmaceutical_capsules\extracted\datasets\Normal\338.png,normal,normal,0.999837,0.999837,0.000163,True,1115,326,1177,388
8,0.333,18,data\real\pharmaceutical_capsules\extracted\datasets\Anomaly\140.png,defective,defective,0.99995,5e-05,0.99995,True,819,490,881,552
8,0.333,19,data\real\pharmaceutical_capsules\extracted\datasets\Anomaly\242.png,defective,defective,0.9999,0.0001,0.9999,True,460,154,522,216
8,0.333,20,data\real\pharmaceutical_capsules\extracted\datasets\Normal\158.png,normal,normal,0.999763,0.999763,0.000237,True,880,306,942,368
8,0.333,21,data\real\pharmaceutical_capsules\extracted\datasets\Anomaly\415.png,defective,defective,0.999412,0.000588,0.999412,True,225,482,287,544
8,0.333,22,data\real\pharmaceutical_capsules\extracted\datasets\Normal\427.png,normal,normal,0.99977,0.99977,0.00023,True,491,151,553,213
8,0.333,23,data\real\pharmaceutical_capsules\extracted\datasets\Normal\424.png,normal,normal,0.999628,0.999628,0.000372,True,1084,305,1146,367
8,0.333,24,data\real\pharmaceutical_capsules\extracted\datasets\Normal\443.png,normal,normal,0.99986,0.99986,0.00014,True,47,487,109,549
8,0.333,25,data\real\pharmaceutical_capsules\extracted\datasets\Anomaly\321.png,defective,defective,0.999956,4.4e-05,0.999956,True,90,157,152,219
8,0.333,26,data\real\pharmaceutical_capsules\extracted\datasets\Normal\403.png,normal,normal,0.999762,0.999762,0.000238,True,645,331,707,393
8,0.333,27,data\real\pharmaceutical_capsules\extracted\datasets\Anomaly\459.png,defective,defective,0.99997,3e-05,0.99997,True,184,501,246,563
8,0.333,28,data\real\pharmaceutical_capsules\extracted\datasets\Anomaly\137.png,defective,defective,0.999974,2.6e-05,0.999974,True,754,162,816,224
8,0.333,29,data\real\pharmaceutical_capsules\extracted\datasets\Anomaly\587.png,defective,defective,0.99997,3e-05,0.99997,True,2,310,64,372
8,0.333,30,data\real\pharmaceutical_capsules\extracted\datasets\Normal\440.png,normal,normal,0.99979,0.99979,0.00021,True,122,470,184,532
8,0.333,31,data\real\pharmaceutical_capsules\extracted\datasets\Anomaly\469.png,defective,defective,0.999943,5.7e-05,0.999943,True,201,147,263,209
8,0.333,32,data\real\pharmaceutical_capsules\extracted\datasets\Anomaly\094.png,defective,defective,0.999814,0.000186,0.999814,True,546,306,608,368
8,0.333,33,data\real\pharmaceutical_capsules\extracted\datasets\Anomaly\273.png,defective,defective,0.99996,4e-05,0.99996,True,768,496,830,558
8,0.333,34,data\real\pharmaceutical_capsules\extracted\datasets\Normal\033.png,normal,normal,0.999738,0.999738,0.000262,True,1248,137,1279,199
8,0.333,35,data\real\pharmaceutical_capsules\extracted\datasets\Anomaly\071.png,defective,defective,0.999933,6.7e-05,0.999933,True,152,336,214,398
8,0.333,36,data\real\pharmaceutical_capsules\extracted\datasets\Normal\386.png,normal,normal,0.999792,0.999792,0.000208,True,989,488,1051,550
9,0.375,1,data\real\pharmaceutical_capsules\extracted\datasets\Anomaly\316.png,defective,defective,0.999963,3.7e-05,0.999963,True,828,138,890,200
9,0.375,2,data\real\pharmaceutical_capsules\extracted\datasets\Normal\068.png,normal,normal,0.999773,0.999773,0.000227,True,323,310,385,372
9,0.375,3,data\real\pharmaceutical_capsules\extracted\datasets\Normal\149.png,normal,normal,0.999805,0.999805,0.000195,True,876,501,938,563
9,0.375,4,data\real\pharmaceutical_capsules\extracted\datasets\Anomaly\443.png,defective,defective,0.999923,7.7e-05,0.999923,True,550,138,612,200
9,0.375,5,data\real\pharmaceutical_capsules\extracted\datasets\Anomaly\221.png,defective,defective,0.999938,6.2e-05,0.999938,True,308,303,370,365
9,0.375,6,data\real\pharmaceutical_capsules\extracted\datasets\Normal\012.png,normal,normal,0.992716,0.992716,0.007284,True,927,501,989,563
9,0.375,7,data\real\pharmaceutical_capsules\extracted\datasets\Anomaly\124.png,defective,defective,0.999966,3.4e-05,0.999966,True,585,154,647,216
9,0.375,8,data\real\pharmaceutical_capsules\extracted\datasets\Anomaly\192.png,defective,defective,0.999946,5.4e-05,0.999946,True,18,312,80,374
9,0.375,9,data\real\pharmaceutical_capsules\extracted\datasets\Normal\492.png,normal,normal,0.999762,0.999762,0.000238,True,446,476,508,538
9,0.375,10,data\real\pharmaceutical_capsules\extracted\datasets\Anomaly\351.png,defective,normal,0.671338,0.671338,0.328662,False,987,143,1049,205
9,0.375,11,data\real\pharmaceutical_capsules\extracted\datasets\Normal\305.png,normal,normal,0.999814,0.999814,0.000186,True,134,324,196,386
9,0.375,12,data\real\pharmaceutical_capsules\extracted\datasets\Normal\082.png,normal,normal,0.999814,0.999814,0.000186,True,1043,496,1105,558
9,0.375,13,data\real\pharmaceutical_capsules\extracted\datasets\Normal\481.png,normal,normal,0.999822,0.999822,0.000178,True,0,161,39,223
9,0.375,14,data\real\pharmaceutical_capsules\extracted\datasets\Anomaly\455.png,defective,defective,0.99982,0.00018,0.99982,True,385,325,447,387
9,0.375,15,data\real\pharmaceutical_capsules\extracted\datasets\Normal\446.png,normal,normal,0.999598,0.999598,0.000402,True,912,469,974,531
9,0.375,16,data\real\pharmaceutical_capsules\extracted\datasets\Normal\067.png,normal,normal,0.999754,0.999754,0.000246,True,1000,142,1062,204
9,0.375,17,data\real\pharmaceutical_capsules\extracted\datasets\Normal\338.png,normal,normal,0.999837,0.999837,0.000163,True,1119,326,1181,388
9,0.375,18,data\real\pharmaceutical_capsules\extracted\datasets\Anomaly\140.png,defective,defective,0.99995,5e-05,0.99995,True,824,490,886,552
9,0.375,19,data\real\pharmaceutical_capsules\extracted\datasets\Anomaly\242.png,defective,defective,0.9999,0.0001,0.9999,True,465,154,527,216
9,0.375,20,data\real\pharmaceutical_capsules\extracted\datasets\Normal\158.png,normal,normal,0.999763,0.999763,0.000237,True,885,306,947,368
9,0.375,21,data\real\pharmaceutical_capsules\extracted\datasets\Anomaly\415.png,defective,defective,0.999412,0.000588,0.999412,True,229,482,291,544
9,0.375,22,data\real\pharmaceutical_capsules\extracted\datasets\Normal\427.png,normal,normal,0.99977,0.99977,0.00023,True,496,151,558,213
9,0.375,23,data\real\pharmaceutical_capsules\extracted\datasets\Normal\424.png,normal,normal,0.999628,0.999628,0.000372,True,1089,305,1151,367
9,0.375,24,data\real\pharmaceutical_capsules\extracted\datasets\Normal\443.png,normal,normal,0.99986,0.99986,0.00014,True,51,487,113,549
9,0.375,25,data\real\pharmaceutical_capsules\extracted\datasets\Anomaly\321.png,defective,defective,0.999956,4.4e-05,0.999956,True,95,157,157,219
9,0.375,26,data\real\pharmaceutical_capsules\extracted\datasets\Normal\403.png,normal,normal,0.999762,0.999762,0.000238,True,649,331,711,393
9,0.375,27,data\real\pharmaceutical_capsules\extracted\datasets\Anomaly\459.png,defective,defective,0.99997,3e-05,0.99997,True,189,501,251,563
9,0.375,28,data\real\pharmaceutical_capsules\extracted\datasets\Anomaly\137.png,defective,defective,0.999974,2.6e-05,0.999974,True,758,162,820,224
9,0.375,29,data\real\pharmaceutical_capsules\extracted\datasets\Anomaly\587.png,defective,defective,0.99997,3e-05,0.99997,True,7,310,69,372
9,0.375,30,data\real\pharmaceutical_capsules\extracted\datasets\Normal\440.png,normal,normal,0.99979,0.99979,0.00021,True,126,470,188,532
9,0.375,31,data\real\pharmaceutical_capsules\extracted\datasets\Anomaly\469.png,defective,defective,0.999943,5.7e-05,0.999943,True,206,147,268,209
9,0.375,32,data\real\pharmaceutical_capsules\extracted\datasets\Anomaly\094.png,defective,defective,0.999814,0.000186,0.999814,True,550,306,612,368
9,0.375,33,data\real\pharmaceutical_capsules\extracted\datasets\Anomaly\273.png,defective,defective,0.99996,4e-05,0.99996,True,773,496,835,558
9,0.375,34,data\real\pharmaceutical_capsules\extracted\datasets\Normal\033.png,normal,normal,0.999738,0.999738,0.000262,True,0,137,36,199
9,0.375,35,data\real\pharmaceutical_capsules\extracted\datasets\Anomaly\071.png,defective,defective,0.999933,6.7e-05,0.999933,True,157,336,219,398
9,0.375,36,data\real\pharmaceutical_capsules\extracted\datasets\Normal\386.png,normal,normal,0.999792,0.999792,0.000208,True,994,488,1056,550
10,0.417,1,data\real\pharmaceutical_capsules\extracted\datasets\Anomaly\316.png,defective,defective,0.999963,3.7e-05,0.999963,True,833,138,895,200
10,0.417,2,data\real\pharmaceutical_capsules\extracted\datasets\Normal\068.png,normal,normal,0.999773,0.999773,0.000227,True,328,310,390,372
10,0.417,3,data\real\pharmaceutical_capsules\extracted\datasets\Normal\149.png,normal,normal,0.999805,0.999805,0.000195,True,881,501,943,563
10,0.417,4,data\real\pharmaceutical_capsules\extracted\datasets\Anomaly\443.png,defective,defective,0.999923,7.7e-05,0.999923,True,555,138,617,200
10,0.417,5,data\real\pharmaceutical_capsules\extracted\datasets\Anomaly\221.png,defective,defective,0.999938,6.2e-05,0.999938,True,312,303,374,365
10,0.417,6,data\real\pharmaceutical_capsules\extracted\datasets\Normal\012.png,normal,normal,0.992716,0.992716,0.007284,True,931,501,993,563
10,0.417,7,data\real\pharmaceutical_capsules\extracted\datasets\Anomaly\124.png,defective,defective,0.999966,3.4e-05,0.999966,True,589,154,651,216
10,0.417,8,data\real\pharmaceutical_capsules\extracted\datasets\Anomaly\192.png,defective,defective,0.999946,5.4e-05,0.999946,True,23,312,85,374
10,0.417,9,data\real\pharmaceutical_capsules\extracted\datasets\Normal\492.png,normal,normal,0.999762,0.999762,0.000238,True,450,476,512,538
10,0.417,10,data\real\pharmaceutical_capsules\extracted\datasets\Anomaly\351.png,defective,normal,0.671338,0.671338,0.328662,False,992,143,1054,205
10,0.417,11,data\real\pharmaceutical_capsules\extracted\datasets\Normal\305.png,normal,normal,0.999814,0.999814,0.000186,True,138,324,200,386
10,0.417,12,data\real\pharmaceutical_capsules\extracted\datasets\Normal\082.png,normal,normal,0.999814,0.999814,0.000186,True,1048,496,1110,558
10,0.417,13,data\real\pharmaceutical_capsules\extracted\datasets\Normal\481.png,normal,normal,0.999822,0.999822,0.000178,True,0,161,43,223
10,0.417,14,data\real\pharmaceutical_capsules\extracted\datasets\Anomaly\455.png,defective,defective,0.99982,0.00018,0.99982,True,390,325,452,387
10,0.417,15,data\real\pharmaceutical_capsules\extracted\datasets\Normal\446.png,normal,normal,0.999598,0.999598,0.000402,True,916,469,978,531
10,0.417,16,data\real\pharmaceutical_capsules\extracted\datasets\Normal\067.png,normal,normal,0.999754,0.999754,0.000246,True,1004,142,1066,204
10,0.417,17,data\real\pharmaceutical_capsules\extracted\datasets\Normal\338.png,normal,normal,0.999837,0.999837,0.000163,True,1124,326,1186,388
10,0.417,18,data\real\pharmaceutical_capsules\extracted\datasets\Anomaly\140.png,defective,defective,0.99995,5e-05,0.99995,True,828,490,890,552
10,0.417,19,data\real\pharmaceutical_capsules\extracted\datasets\Anomaly\242.png,defective,defective,0.9999,0.0001,0.9999,True,469,154,531,216
10,0.417,20,data\real\pharmaceutical_capsules\extracted\datasets\Normal\158.png,normal,normal,0.999763,0.999763,0.000237,True,889,306,951,368
10,0.417,21,data\real\pharmaceutical_capsules\extracted\datasets\Anomaly\415.png,defective,defective,0.999412,0.000588,0.999412,True,234,482,296,544
10,0.417,22,data\real\pharmaceutical_capsules\extracted\datasets\Normal\427.png,normal,normal,0.99977,0.99977,0.00023,True,500,151,562,213
10,0.417,23,data\real\pharmaceutical_capsules\extracted\datasets\Normal\424.png,normal,normal,0.999628,0.999628,0.000372,True,1093,305,1155,367
10,0.417,24,data\real\pharmaceutical_capsules\extracted\datasets\Normal\443.png,normal,normal,0.99986,0.99986,0.00014,True,56,487,118,549
10,0.417,25,data\real\pharmaceutical_capsules\extracted\datasets\Anomaly\321.png,defective,defective,0.999956,4.4e-05,0.999956,True,99,157,161,219
10,0.417,26,data\real\pharmaceutical_capsules\extracted\datasets\Normal\403.png,normal,normal,0.999762,0.999762,0.000238,True,654,331,716,393
10,0.417,27,data\real\pharmaceutical_capsules\extracted\datasets\Anomaly\459.png,defective,defective,0.99997,3e-05,0.99997,True,193,501,255,563
10,0.417,28,data\real\pharmaceutical_capsules\extracted\datasets\Anomaly\137.png,defective,defective,0.999974,2.6e-05,0.999974,True,763,162,825,224
10,0.417,29,data\real\pharmaceutical_capsules\extracted\datasets\Anomaly\587.png,defective,defective,0.99997,3e-05,0.99997,True,11,310,73,372
10,0.417,30,data\real\pharmaceutical_capsules\extracted\datasets\Normal\440.png,normal,normal,0.99979,0.99979,0.00021,True,131,470,193,532
10,0.417,31,data\real\pharmaceutical_capsules\extracted\datasets\Anomaly\469.png,defective,defective,0.999943,5.7e-05,0.999943,True,210,147,272,209
10,0.417,32,data\real\pharmaceutical_capsules\extracted\datasets\Anomaly\094.png,defective,defective,0.999814,0.000186,0.999814,True,555,306,617,368
10,0.417,33,data\real\pharmaceutical_capsules\extracted\datasets\Anomaly\273.png,defective,defective,0.99996,4e-05,0.99996,True,777,496,839,558
10,0.417,34,data\real\pharmaceutical_capsules\extracted\datasets\Normal\033.png,normal,normal,0.999738,0.999738,0.000262,True,0,137,40,199
10,0.417,35,data\real\pharmaceutical_capsules\extracted\datasets\Anomaly\071.png,defective,defective,0.999933,6.7e-05,0.999933,True,161,336,223,398
10,0.417,36,data\real\pharmaceutical_capsules\extracted\datasets\Normal\386.png,normal,normal,0.999792,0.999792,0.000208,True,998,488,1060,550
11,0.458,1,data\real\pharmaceutical_capsules\extracted\datasets\Anomaly\316.png,defective,defective,0.999963,3.7e-05,0.999963,True,837,138,899,200
11,0.458,2,data\real\pharmaceutical_capsules\extracted\datasets\Normal\068.png,normal,normal,0.999773,0.999773,0.000227,True,332,310,394,372
11,0.458,3,data\real\pharmaceutical_capsules\extracted\datasets\Normal\149.png,normal,normal,0.999805,0.999805,0.000195,True,885,501,947,563
11,0.458,4,data\real\pharmaceutical_capsules\extracted\datasets\Anomaly\443.png,defective,defective,0.999923,7.7e-05,0.999923,True,559,138,621,200
11,0.458,5,data\real\pharmaceutical_capsules\extracted\datasets\Anomaly\221.png,defective,defective,0.999938,6.2e-05,0.999938,True,317,303,379,365
11,0.458,6,data\real\pharmaceutical_capsules\extracted\datasets\Normal\012.png,normal,normal,0.992716,0.992716,0.007284,True,936,501,998,563
11,0.458,7,data\real\pharmaceutical_capsules\extracted\datasets\Anomaly\124.png,defective,defective,0.999966,3.4e-05,0.999966,True,594,154,656,216
11,0.458,8,data\real\pharmaceutical_capsules\extracted\datasets\Anomaly\192.png,defective,defective,0.999946,5.4e-05,0.999946,True,27,312,89,374
11,0.458,9,data\real\pharmaceutical_capsules\extracted\datasets\Normal\492.png,normal,normal,0.999762,0.999762,0.000238,True,455,476,517,538
11,0.458,10,data\real\pharmaceutical_capsules\extracted\datasets\Anomaly\351.png,defective,normal,0.671338,0.671338,0.328662,False,996,143,1058,205
11,0.458,11,data\real\pharmaceutical_capsules\extracted\datasets\Normal\305.png,normal,normal,0.999814,0.999814,0.000186,True,143,324,205,386
11,0.458,12,data\real\pharmaceutical_capsules\extracted\datasets\Normal\082.png,normal,normal,0.999814,0.999814,0.000186,True,1052,496,1114,558
11,0.458,13,data\real\pharmaceutical_capsules\extracted\datasets\Normal\481.png,normal,normal,0.999822,0.999822,0.000178,True,0,161,48,223
11,0.458,14,data\real\pharmaceutical_capsules\extracted\datasets\Anomaly\455.png,defective,defective,0.99982,0.00018,0.99982,True,394,325,456,387
11,0.458,15,data\real\pharmaceutical_capsules\extracted\datasets\Normal\446.png,normal,normal,0.999598,0.999598,0.000402,True,921,469,983,531
11,0.458,16,data\real\pharmaceutical_capsules\extracted\datasets\Normal\067.png,normal,normal,0.999754,0.999754,0.000246,True,1009,142,1071,204
11,0.458,17,data\real\pharmaceutical_capsules\extracted\datasets\Normal\338.png,normal,normal,0.999837,0.999837,0.000163,True,1128,326,1190,388
11,0.458,18,data\real\pharmaceutical_capsules\extracted\datasets\Anomaly\140.png,defective,defective,0.99995,5e-05,0.99995,True,833,490,895,552
11,0.458,19,data\real\pharmaceutical_capsules\extracted\datasets\Anomaly\242.png,defective,defective,0.9999,0.0001,0.9999,True,474,154,536,216
11,0.458,20,data\real\pharmaceutical_capsules\extracted\datasets\Normal\158.png,normal,normal,0.999763,0.999763,0.000237,True,894,306,956,368
11,0.458,21,data\real\pharmaceutical_capsules\extracted\datasets\Anomaly\415.png,defective,defective,0.999412,0.000588,0.999412,True,238,482,300,544
11,0.458,22,data\real\pharmaceutical_capsules\extracted\datasets\Normal\427.png,normal,normal,0.99977,0.99977,0.00023,True,505,151,567,213
11,0.458,23,data\real\pharmaceutical_capsules\extracted\datasets\Normal\424.png,normal,normal,0.999628,0.999628,0.000372,True,1098,305,1160,367
11,0.458,24,data\real\pharmaceutical_capsules\extracted\datasets\Normal\443.png,normal,normal,0.99986,0.99986,0.00014,True,60,487,122,549
11,0.458,25,data\real\pharmaceutical_capsules\extracted\datasets\Anomaly\321.png,defective,defective,0.999956,4.4e-05,0.999956,True,104,157,166,219
11,0.458,26,data\real\pharmaceutical_capsules\extracted\datasets\Normal\403.png,normal,normal,0.999762,0.999762,0.000238,True,658,331,720,393
11,0.458,27,data\real\pharmaceutical_capsules\extracted\datasets\Anomaly\459.png,defective,defective,0.99997,3e-05,0.99997,True,198,501,260,563
11,0.458,28,data\real\pharmaceutical_capsules\extracted\datasets\Anomaly\137.png,defective,defective,0.999974,2.6e-05,0.999974,True,767,162,829,224
11,0.458,29,data\real\pharmaceutical_capsules\extracted\datasets\Anomaly\587.png,defective,defective,0.99997,3e-05,0.99997,True,16,310,78,372
11,0.458,30,data\real\pharmaceutical_capsules\extracted\datasets\Normal\440.png,normal,normal,0.99979,0.99979,0.00021,True,135,470,197,532
11,0.458,31,data\real\pharmaceutical_capsules\extracted\datasets\Anomaly\469.png,defective,defective,0.999943,5.7e-05,0.999943,True,215,147,277,209
11,0.458,32,data\real\pharmaceutical_capsules\extracted\datasets\Anomaly\094.png,defective,defective,0.999814,0.000186,0.999814,True,559,306,621,368
11,0.458,33,data\real\pharmaceutical_capsules\extracted\datasets\Anomaly\273.png,defective,defective,0.99996,4e-05,0.99996,True,782,496,844,558
11,0.458,34,data\real\pharmaceutical_capsules\extracted\datasets\Normal\033.png,normal,normal,0.999738,0.999738,0.000262,True,0,137,45,199
11,0.458,35,data\real\pharmaceutical_capsules\extracted\datasets\Anomaly\071.png,defective,defective,0.999933,6.7e-05,0.999933,True,166,336,228,398
11,0.458,36,data\real\pharmaceutical_capsules\extracted\datasets\Normal\386.png,normal,normal,0.999792,0.999792,0.000208,True,1003,488,1065,550
12,0.5,1,data\real\pharmaceutical_capsules\extracted\datasets\Anomaly\316.png,defective,defective,0.999963,3.7e-05,0.999963,True,842,138,904,200
12,0.5,2,data\real\pharmaceutical_capsules\extracted\datasets\Normal\068.png,normal,normal,0.999773,0.999773,0.000227,True,337,310,399,372
12,0.5,3,data\real\pharmaceutical_capsules\extracted\datasets\Normal\149.png,normal,normal,0.999805,0.999805,0.000195,True,890,501,952,563
12,0.5,4,data\real\pharmaceutical_capsules\extracted\datasets\Anomaly\443.png,defective,defective,0.999923,7.7e-05,0.999923,True,564,138,626,200
12,0.5,5,data\real\pharmaceutical_capsules\extracted\datasets\Anomaly\221.png,defective,defective,0.999938,6.2e-05,0.999938,True,321,303,383,365
12,0.5,6,data\real\pharmaceutical_capsules\extracted\datasets\Normal\012.png,normal,normal,0.992716,0.992716,0.007284,True,940,501,1002,563
12,0.5,7,data\real\pharmaceutical_capsules\extracted\datasets\Anomaly\124.png,defective,defective,0.999966,3.4e-05,0.999966,True,598,154,660,216
12,0.5,8,data\real\pharmaceutical_capsules\extracted\datasets\Anomaly\192.png,defective,defective,0.999946,5.4e-05,0.999946,True,32,312,94,374
12,0.5,9,data\real\pharmaceutical_capsules\extracted\datasets\Normal\492.png,normal,normal,0.999762,0.999762,0.000238,True,459,476,521,538
12,0.5,10,data\real\pharmaceutical_capsules\extracted\datasets\Anomaly\351.png,defective,normal,0.671338,0.671338,0.328662,False,1001,143,1063,205
12,0.5,11,data\real\pharmaceutical_capsules\extracted\datasets\Normal\305.png,normal,normal,0.999814,0.999814,0.000186,True,147,324,209,386
12,0.5,12,data\real\pharmaceutical_capsules\extracted\datasets\Normal\082.png,normal,normal,0.999814,0.999814,0.000186,True,1057,496,1119,558
12,0.5,13,data\real\pharmaceutical_capsules\extracted\datasets\Normal\481.png,normal,normal,0.999822,0.999822,0.000178,True,0,161,52,223
12,0.5,14,data\real\pharmaceutical_capsules\extracted\datasets\Anomaly\455.png,defective,defective,0.99982,0.00018,0.99982,True,399,325,461,387
12,0.5,15,data\real\pharmaceutical_capsules\extracted\datasets\Normal\446.png,normal,normal,0.999598,0.999598,0.000402,True,925,469,987,531
12,0.5,16,data\real\pharmaceutical_capsules\extracted\datasets\Normal\067.png,normal,normal,0.999754,0.999754,0.000246,True,1013,142,1075,204
12,0.5,17,data\real\pharmaceutical_capsules\extracted\datasets\Normal\338.png,normal,normal,0.999837,0.999837,0.000163,True,1133,326,1195,388
12,0.5,18,data\real\pharmaceutical_capsules\extracted\datasets\Anomaly\140.png,defective,defective,0.99995,5e-05,0.99995,True,837,490,899,552
12,0.5,19,data\real\pharmaceutical_capsules\extracted\datasets\Anomaly\242.png,defective,defective,0.9999,0.0001,0.9999,True,478,154,540,216
12,0.5,20,data\real\pharmaceutical_capsules\extracted\datasets\Normal\158.png,normal,normal,0.999763,0.999763,0.000237,True,898,306,960,368
12,0.5,21,data\real\pharmaceutical_capsules\extracted\datasets\Anomaly\415.png,defective,defective,0.999412,0.000588,0.999412,True,243,482,305,544
12,0.5,22,data\real\pharmaceutical_capsules\extracted\datasets\Normal\427.png,normal,normal,0.99977,0.99977,0.00023,True,509,151,571,213
12,0.5,23,data\real\pharmaceutical_capsules\extracted\datasets\Normal\424.png,normal,normal,0.999628,0.999628,0.000372,True,1102,305,1164,367
12,0.5,24,data\real\pharmaceutical_capsules\extracted\datasets\Normal\443.png,normal,normal,0.99986,0.99986,0.00014,True,65,487,127,549
12,0.5,25,data\real\pharmaceutical_capsules\extracted\datasets\Anomaly\321.png,defective,defective,0.999956,4.4e-05,0.999956,True,108,157,170,219
12,0.5,26,data\real\pharmaceutical_capsules\extracted\datasets\Normal\403.png,normal,normal,0.999762,0.999762,0.000238,True,663,331,725,393
12,0.5,27,data\real\pharmaceutical_capsules\extracted\datasets\Anomaly\459.png,defective,defective,0.99997,3e-05,0.99997,True,202,501,264,563
12,0.5,28,data\real\pharmaceutical_capsules\extracted\datasets\Anomaly\137.png,defective,defective,0.999974,2.6e-05,0.999974,True,772,162,834,224
12,0.5,29,data\real\pharmaceutical_capsules\extracted\datasets\Anomaly\587.png,defective,defective,0.99997,3e-05,0.99997,True,20,310,82,372
12,0.5,30,data\real\pharmaceutical_capsules\extracted\datasets\Normal\440.png,normal,normal,0.99979,0.99979,0.00021,True,140,470,202,532
12,0.5,31,data\real\pharmaceutical_capsules\extracted\datasets\Anomaly\469.png,defective,defective,0.999943,5.7e-05,0.999943,True,219,147,281,209
12,0.5,32,data\real\pharmaceutical_capsules\extracted\datasets\Anomaly\094.png,defective,defective,0.999814,0.000186,0.999814,True,564,306,626,368
12,0.5,33,data\real\pharmaceutical_capsules\extracted\datasets\Anomaly\273.png,defective,defective,0.99996,4e-05,0.99996,True,786,496,848,558
12,0.5,34,data\real\pharmaceutical_capsules\extracted\datasets\Normal\033.png,normal,normal,0.999738,0.999738,0.000262,True,0,137,49,199
12,0.5,35,data\real\pharmaceutical_capsules\extracted\datasets\Anomaly\071.png,defective,defective,0.999933,6.7e-05,0.999933,True,170,336,232,398
12,0.5,36,data\real\pharmaceutical_capsules\extracted\datasets\Normal\386.png,normal,normal,0.999792,0.999792,0.000208,True,1007,488,1069,550
13,0.542,1,data\real\pharmaceutical_capsules\extracted\datasets\Anomaly\316.png,defective,defective,0.999963,3.7e-05,0.999963,True,846,138,908,200
13,0.542,2,data\real\pharmaceutical_capsules\extracted\datasets\Normal\068.png,normal,normal,0.999773,0.999773,0.000227,True,341,310,403,372
13,0.542,3,data\real\pharmaceutical_capsules\extracted\datasets\Normal\149.png,normal,normal,0.999805,0.999805,0.000195,True,894,501,956,563
13,0.542,4,data\real\pharmaceutical_capsules\extracted\datasets\Anomaly\443.png,defective,defective,0.999923,7.7e-05,0.999923,True,568,138,630,200
13,0.542,5,data\real\pharmaceutical_capsules\extracted\datasets\Anomaly\221.png,defective,defective,0.999938,6.2e-05,0.999938,True,326,303,388,365
13,0.542,6,data\real\pharmaceutical_capsules\extracted\datasets\Normal\012.png,normal,normal,0.992716,0.992716,0.007284,True,945,501,1007,563
13,0.542,7,data\real\pharmaceutical_capsules\extracted\datasets\Anomaly\124.png,defective,defective,0.999966,3.4e-05,0.999966,True,603,154,665,216
13,0.542,8,data\real\pharmaceutical_capsules\extracted\datasets\Anomaly\192.png,defective,defective,0.999946,5.4e-05,0.999946,True,36,312,98,374
13,0.542,9,data\real\pharmaceutical_capsules\extracted\datasets\Normal\492.png,normal,normal,0.999762,0.999762,0.000238,True,464,476,526,538
13,0.542,10,data\real\pharmaceutical_capsules\extracted\datasets\Anomaly\351.png,defective,normal,0.671338,0.671338,0.328662,False,1005,143,1067,205
13,0.542,11,data\real\pharmaceutical_capsules\extracted\datasets\Normal\305.png,normal,normal,0.999814,0.999814,0.000186,True,152,324,214,386
13,0.542,12,data\real\pharmaceutical_capsules\extracted\datasets\Normal\082.png,normal,normal,0.999814,0.999814,0.000186,True,1061,496,1123,558
13,0.542,13,data\real\pharmaceutical_capsules\extracted\datasets\Normal\481.png,normal,normal,0.999822,0.999822,0.000178,True,0,161,57,223
13,0.542,14,data\real\pharmaceutical_capsules\extracted\datasets\Anomaly\455.png,defective,defective,0.99982,0.00018,0.99982,True,403,325,465,387
13,0.542,15,data\real\pharmaceutical_capsules\extracted\datasets\Normal\446.png,normal,normal,0.999598,0.999598,0.000402,True,930,469,992,531
13,0.542,16,data\real\pharmaceutical_capsules\extracted\datasets\Normal\067.png,normal,normal,0.999754,0.999754,0.000246,True,1018,142,1080,204
13,0.542,17,data\real\pharmaceutical_capsules\extracted\datasets\Normal\338.png,normal,normal,0.999837,0.999837,0.000163,True,1137,326,1199,388
13,0.542,18,data\real\pharmaceutical_capsules\extracted\datasets\Anomaly\140.png,defective,defective,0.99995,5e-05,0.99995,True,842,490,904,552
13,0.542,19,data\real\pharmaceutical_capsules\extracted\datasets\Anomaly\242.png,defective,defective,0.9999,0.0001,0.9999,True,483,154,545,216
13,0.542,20,data\real\pharmaceutical_capsules\extracted\datasets\Normal\158.png,normal,normal,0.999763,0.999763,0.000237,True,903,306,965,368
13,0.542,21,data\real\pharmaceutical_capsules\extracted\datasets\Anomaly\415.png,defective,defective,0.999412,0.000588,0.999412,True,247,482,309,544
13,0.542,22,data\real\pharmaceutical_capsules\extracted\datasets\Normal\427.png,normal,normal,0.99977,0.99977,0.00023,True,514,151,576,213
13,0.542,23,data\real\pharmaceutical_capsules\extracted\datasets\Normal\424.png,normal,normal,0.999628,0.999628,0.000372,True,1107,305,1169,367
13,0.542,24,data\real\pharmaceutical_capsules\extracted\datasets\Normal\443.png,normal,normal,0.99986,0.99986,0.00014,True,69,487,131,549
13,0.542,25,data\real\pharmaceutical_capsules\extracted\datasets\Anomaly\321.png,defective,defective,0.999956,4.4e-05,0.999956,True,113,157,175,219
13,0.542,26,data\real\pharmaceutical_capsules\extracted\datasets\Normal\403.png,normal,normal,0.999762,0.999762,0.000238,True,667,331,729,393
13,0.542,27,data\real\pharmaceutical_capsules\extracted\datasets\Anomaly\459.png,defective,defective,0.99997,3e-05,0.99997,True,207,501,269,563
13,0.542,28,data\real\pharmaceutical_capsules\extracted\datasets\Anomaly\137.png,defective,defective,0.999974,2.6e-05,0.999974,True,776,162,838,224
13,0.542,29,data\real\pharmaceutical_capsules\extracted\datasets\Anomaly\587.png,defective,defective,0.99997,3e-05,0.99997,True,25,310,87,372
13,0.542,30,data\real\pharmaceutical_capsules\extracted\datasets\Normal\440.png,normal,normal,0.99979,0.99979,0.00021,True,144,470,206,532
13,0.542,31,data\real\pharmaceutical_capsules\extracted\datasets\Anomaly\469.png,defective,defective,0.999943,5.7e-05,0.999943,True,224,147,286,209
13,0.542,32,data\real\pharmaceutical_capsules\extracted\datasets\Anomaly\094.png,defective,defective,0.999814,0.000186,0.999814,True,568,306,630,368
13,0.542,33,data\real\pharmaceutical_capsules\extracted\datasets\Anomaly\273.png,defective,defective,0.99996,4e-05,0.99996,True,791,496,853,558
13,0.542,34,data\real\pharmaceutical_capsules\extracted\datasets\Normal\033.png,normal,normal,0.999738,0.999738,0.000262,True,0,137,54,199
13,0.542,35,data\real\pharmaceutical_capsules\extracted\datasets\Anomaly\071.png,defective,defective,0.999933,6.7e-05,0.999933,True,175,336,237,398
13,0.542,36,data\real\pharmaceutical_capsules\extracted\datasets\Normal\386.png,normal,normal,0.999792,0.999792,0.000208,True,1012,488,1074,550
14,0.583,1,data\real\pharmaceutical_capsules\extracted\datasets\Anomaly\316.png,defective,defective,0.999963,3.7e-05,0.999963,True,851,138,913,200
14,0.583,2,data\real\pharmaceutical_capsules\extracted\datasets\Normal\068.png,normal,normal,0.999773,0.999773,0.000227,True,346,310,408,372
14,0.583,3,data\real\pharmaceutical_capsules\extracted\datasets\Normal\149.png,normal,normal,0.999805,0.999805,0.000195,True,899,501,961,563
14,0.583,4,data\real\pharmaceutical_capsules\extracted\datasets\Anomaly\443.png,defective,defective,0.999923,7.7e-05,0.999923,True,573,138,635,200
14,0.583,5,data\real\pharmaceutical_capsules\extracted\datasets\Anomaly\221.png,defective,defective,0.999938,6.2e-05,0.999938,True,330,303,392,365
14,0.583,6,data\real\pharmaceutical_capsules\extracted\datasets\Normal\012.png,normal,normal,0.992716,0.992716,0.007284,True,949,501,1011,563
14,0.583,7,data\real\pharmaceutical_capsules\extracted\datasets\Anomaly\124.png,defective,defective,0.999966,3.4e-05,0.999966,True,607,154,669,216
14,0.583,8,data\real\pharmaceutical_capsules\extracted\datasets\Anomaly\192.png,defective,defective,0.999946,5.4e-05,0.999946,True,41,312,103,374
14,0.583,9,data\real\pharmaceutical_capsules\extracted\datasets\Normal\492.png,normal,normal,0.999762,0.999762,0.000238,True,468,476,530,538
14,0.583,10,data\real\pharmaceutical_capsules\extracted\datasets\Anomaly\351.png,defective,normal,0.671338,0.671338,0.328662,False,1010,143,1072,205
14,0.583,11,data\real\pharmaceutical_capsules\extracted\datasets\Normal\305.png,normal,normal,0.999814,0.999814,0.000186,True,156,324,218,386
14,0.583,12,data\real\pharmaceutical_capsules\extracted\datasets\Normal\082.png,normal,normal,0.999814,0.999814,0.000186,True,1066,496,1128,558
14,0.583,13,data\real\pharmaceutical_capsules\extracted\datasets\Normal\481.png,normal,normal,0.999822,0.999822,0.000178,True,0,161,61,223
14,0.583,14,data\real\pharmaceutical_capsules\extracted\datasets\Anomaly\455.png,defective,defective,0.99982,0.00018,0.99982,True,408,325,470,387
14,0.583,15,data\real\pharmaceutical_capsules\extracted\datasets\Normal\446.png,normal,normal,0.999598,0.999598,0.000402,True,934,469,996,531
14,0.583,16,data\real\pharmaceutical_capsules\extracted\datasets\Normal\067.png,normal,normal,0.999754,0.999754,0.000246,True,1022,142,1084,204
14,0.583,17,data\real\pharmaceutical_capsules\extracted\datasets\Normal\338.png,normal,normal,0.999837,0.999837,0.000163,True,1142,326,1204,388
14,0.583,18,data\real\pharmaceutical_capsules\extracted\datasets\Anomaly\140.png,defective,defective,0.99995,5e-05,0.99995,True,846,490,908,552
14,0.583,19,data\real\pharmaceutical_capsules\extracted\datasets\Anomaly\242.png,defective,defective,0.9999,0.0001,0.9999,True,487,154,549,216
14,0.583,20,data\real\pharmaceutical_capsules\extracted\datasets\Normal\158.png,normal,normal,0.999763,0.999763,0.000237,True,907,306,969,368
14,0.583,21,data\real\pharmaceutical_capsules\extracted\datasets\Anomaly\415.png,defective,defective,0.999412,0.000588,0.999412,True,252,482,314,544
14,0.583,22,data\real\pharmaceutical_capsules\extracted\datasets\Normal\427.png,normal,normal,0.99977,0.99977,0.00023,True,518,151,580,213
14,0.583,23,data\real\pharmaceutical_capsules\extracted\datasets\Normal\424.png,normal,normal,0.999628,0.999628,0.000372,True,1111,305,1173,367
14,0.583,24,data\real\pharmaceutical_capsules\extracted\datasets\Normal\443.png,normal,normal,0.99986,0.99986,0.00014,True,74,487,136,549
14,0.583,25,data\real\pharmaceutical_capsules\extracted\datasets\Anomaly\321.png,defective,defective,0.999956,4.4e-05,0.999956,True,117,157,179,219
14,0.583,26,data\real\pharmaceutical_capsules\extracted\datasets\Normal\403.png,normal,normal,0.999762,0.999762,0.000238,True,672,331,734,393
14,0.583,27,data\real\pharmaceutical_capsules\extracted\datasets\Anomaly\459.png,defective,defective,0.99997,3e-05,0.99997,True,211,501,273,563
14,0.583,28,data\real\pharmaceutical_capsules\extracted\datasets\Anomaly\137.png,defective,defective,0.999974,2.6e-05,0.999974,True,781,162,843,224
14,0.583,29,data\real\pharmaceutical_capsules\extracted\datasets\Anomaly\587.png,defective,defective,0.99997,3e-05,0.99997,True,29,310,91,372
14,0.583,30,data\real\pharmaceutical_capsules\extracted\datasets\Normal\440.png,normal,normal,0.99979,0.99979,0.00021,True,149,470,211,532
14,0.583,31,data\real\pharmaceutical_capsules\extracted\datasets\Anomaly\469.png,defective,defective,0.999943,5.7e-05,0.999943,True,228,147,290,209
14,0.583,32,data\real\pharmaceutical_capsules\extracted\datasets\Anomaly\094.png,defective,defective,0.999814,0.000186,0.999814,True,573,306,635,368
14,0.583,33,data\real\pharmaceutical_capsules\extracted\datasets\Anomaly\273.png,defective,defective,0.99996,4e-05,0.99996,True,795,496,857,558
14,0.583,34,data\real\pharmaceutical_capsules\extracted\datasets\Normal\033.png,normal,normal,0.999738,0.999738,0.000262,True,0,137,58,199
14,0.583,35,data\real\pharmaceutical_capsules\extracted\datasets\Anomaly\071.png,defective,defective,0.999933,6.7e-05,0.999933,True,179,336,241,398
14,0.583,36,data\real\pharmaceutical_capsules\extracted\datasets\Normal\386.png,normal,normal,0.999792,0.999792,0.000208,True,1016,488,1078,550
15,0.625,1,data\real\pharmaceutical_capsules\extracted\datasets\Anomaly\316.png,defective,defective,0.999963,3.7e-05,0.999963,True,855,138,917,200
15,0.625,2,data\real\pharmaceutical_capsules\extracted\datasets\Normal\068.png,normal,normal,0.999773,0.999773,0.000227,True,350,310,412,372
15,0.625,3,data\real\pharmaceutical_capsules\extracted\datasets\Normal\149.png,normal,normal,0.999805,0.999805,0.000195,True,903,501,965,563
15,0.625,4,data\real\pharmaceutical_capsules\extracted\datasets\Anomaly\443.png,defective,defective,0.999923,7.7e-05,0.999923,True,577,138,639,200
15,0.625,5,data\real\pharmaceutical_capsules\extracted\datasets\Anomaly\221.png,defective,defective,0.999938,6.2e-05,0.999938,True,335,303,397,365
15,0.625,6,data\real\pharmaceutical_capsules\extracted\datasets\Normal\012.png,normal,normal,0.992716,0.992716,0.007284,True,954,501,1016,563
15,0.625,7,data\real\pharmaceutical_capsules\extracted\datasets\Anomaly\124.png,defective,defective,0.999966,3.4e-05,0.999966,True,612,154,674,216
15,0.625,8,data\real\pharmaceutical_capsules\extracted\datasets\Anomaly\192.png,defective,defective,0.999946,5.4e-05,0.999946,True,45,312,107,374
15,0.625,9,data\real\pharmaceutical_capsules\extracted\datasets\Normal\492.png,normal,normal,0.999762,0.999762,0.000238,True,473,476,535,538
15,0.625,10,data\real\pharmaceutical_capsules\extracted\datasets\Anomaly\351.png,defective,normal,0.671338,0.671338,0.328662,False,1014,143,1076,205
15,0.625,11,data\real\pharmaceutical_capsules\extracted\datasets\Normal\305.png,normal,normal,0.999814,0.999814,0.000186,True,161,324,223,386
15,0.625,12,data\real\pharmaceutical_capsules\extracted\datasets\Normal\082.png,normal,normal,0.999814,0.999814,0.000186,True,1070,496,1132,558
15,0.625,13,data\real\pharmaceutical_capsules\extracted\datasets\Normal\481.png,normal,normal,0.999822,0.999822,0.000178,True,3,161,65,223
15,0.625,14,data\real\pharmaceutical_capsules\extracted\datasets\Anomaly\455.png,defective,defective,0.99982,0.00018,0.99982,True,412,325,474,387
15,0.625,15,data\real\pharmaceutical_capsules\extracted\datasets\Normal\446.png,normal,normal,0.999598,0.999598,0.000402,True,939,469,1001,531
15,0.625,16,data\real\pharmaceutical_capsules\extracted\datasets\Normal\067.png,normal,normal,0.999754,0.999754,0.000246,True,1027,142,1089,204
15,0.625,17,data\real\pharmaceutical_capsules\extracted\datasets\Normal\338.png,normal,normal,0.999837,0.999837,0.000163,True,1146,326,1208,388
15,0.625,18,data\real\pharmaceutical_capsules\extracted\datasets\Anomaly\140.png,defective,defective,0.99995,5e-05,0.99995,True,851,490,913,552
15,0.625,19,data\real\pharmaceutical_capsules\extracted\datasets\Anomaly\242.png,defective,defective,0.9999,0.0001,0.9999,True,492,154,554,216
15,0.625,20,data\real\pharmaceutical_capsules\extracted\datasets\Normal\158.png,normal,normal,0.999763,0.999763,0.000237,True,912,306,974,368
15,0.625,21,data\real\pharmaceutical_capsules\extracted\datasets\Anomaly\415.png,defective,defective,0.999412,0.000588,0.999412,True,256,482,318,544
15,0.625,22,data\real\pharmaceutical_capsules\extracted\datasets\Normal\427.png,normal,normal,0.99977,0.99977,0.00023,True,523,151,585,213
15,0.625,23,data\real\pharmaceutical_capsules\extracted\datasets\Normal\424.png,normal,normal,0.999628,0.999628,0.000372,True,1116,305,1178,367
15,0.625,24,data\real\pharmaceutical_capsules\extracted\datasets\Normal\443.png,normal,normal,0.99986,0.99986,0.00014,True,78,487,140,549
15,0.625,25,data\real\pharmaceutical_capsules\extracted\datasets\Anomaly\321.png,defective,defective,0.999956,4.4e-05,0.999956,True,122,157,184,219
15,0.625,26,data\real\pharmaceutical_capsules\extracted\datasets\Normal\403.png,normal,normal,0.999762,0.999762,0.000238,True,676,331,738,393
15,0.625,27,data\real\pharmaceutical_capsules\extracted\datasets\Anomaly\459.png,defective,defective,0.99997,3e-05,0.99997,True,216,501,278,563
15,0.625,28,data\real\pharmaceutical_capsules\extracted\datasets\Anomaly\137.png,defective,defective,0.999974,2.6e-05,0.999974,True,785,162,847,224
15,0.625,29,data\real\pharmaceutical_capsules\extracted\datasets\Anomaly\587.png,defective,defective,0.99997,3e-05,0.99997,True,34,310,96,372
15,0.625,30,data\real\pharmaceutical_capsules\extracted\datasets\Normal\440.png,normal,normal,0.99979,0.99979,0.00021,True,153,470,215,532
15,0.625,31,data\real\pharmaceutical_capsules\extracted\datasets\Anomaly\469.png,defective,defective,0.999943,5.7e-05,0.999943,True,233,147,295,209
15,0.625,32,data\real\pharmaceutical_capsules\extracted\datasets\Anomaly\094.png,defective,defective,0.999814,0.000186,0.999814,True,577,306,639,368
15,0.625,33,data\real\pharmaceutical_capsules\extracted\datasets\Anomaly\273.png,defective,defective,0.99996,4e-05,0.99996,True,800,496,862,558
15,0.625,34,data\real\pharmaceutical_capsules\extracted\datasets\Normal\033.png,normal,normal,0.999738,0.999738,0.000262,True,0,137,62,199
15,0.625,35,data\real\pharmaceutical_capsules\extracted\datasets\Anomaly\071.png,defective,defective,0.999933,6.7e-05,0.999933,True,184,336,246,398
15,0.625,36,data\real\pharmaceutical_capsules\extracted\datasets\Normal\386.png,normal,normal,0.999792,0.999792,0.000208,True,1021,488,1083,550
16,0.667,1,data\real\pharmaceutical_capsules\extracted\datasets\Anomaly\316.png,defective,defective,0.999963,3.7e-05,0.999963,True,860,138,922,200
16,0.667,2,data\real\pharmaceutical_capsules\extracted\datasets\Normal\068.png,normal,normal,0.999773,0.999773,0.000227,True,355,310,417,372
16,0.667,3,data\real\pharmaceutical_capsules\extracted\datasets\Normal\149.png,normal,normal,0.999805,0.999805,0.000195,True,908,501,970,563
16,0.667,4,data\real\pharmaceutical_capsules\extracted\datasets\Anomaly\443.png,defective,defective,0.999923,7.7e-05,0.999923,True,582,138,644,200
16,0.667,5,data\real\pharmaceutical_capsules\extracted\datasets\Anomaly\221.png,defective,defective,0.999938,6.2e-05,0.999938,True,339,303,401,365
16,0.667,6,data\real\pharmaceutical_capsules\extracted\datasets\Normal\012.png,normal,normal,0.992716,0.992716,0.007284,True,958,501,1020,563
16,0.667,7,data\real\pharmaceutical_capsules\extracted\datasets\Anomaly\124.png,defective,defective,0.999966,3.4e-05,0.999966,True,616,154,678,216
16,0.667,8,data\real\pharmaceutical_capsules\extracted\datasets\Anomaly\192.png,defective,defective,0.999946,5.4e-05,0.999946,True,50,312,112,374
16,0.667,9,data\real\pharmaceutical_capsules\extracted\datasets\Normal\492.png,normal,normal,0.999762,0.999762,0.000238,True,477,476,539,538
16,0.667,10,data\real\pharmaceutical_capsules\extracted\datasets\Anomaly\351.png,defective,normal,0.671338,0.671338,0.328662,False,1019,143,1081,205
16,0.667,11,data\real\pharmaceutical_capsules\extracted\datasets\Normal\305.png,normal,normal,0.999814,0.999814,0.000186,True,165,324,227,386
16,0.667,12,data\real\pharmaceutical_capsules\extracted\datasets\Normal\082.png,normal,normal,0.999814,0.999814,0.000186,True,1075,496,1137,558
16,0.667,13,data\real\pharmaceutical_capsules\extracted\datasets\Normal\481.png,normal,normal,0.999822,0.999822,0.000178,True,7,161,69,223
16,0.667,14,data\real\pharmaceutical_capsules\extracted\datasets\Anomaly\455.png,defective,defective,0.99982,0.00018,0.99982,True,417,325,479,387
16,0.667,15,data\real\pharmaceutical_capsules\extracted\datasets\Normal\446.png,normal,normal,0.999598,0.999598,0.000402,True,943,469,1005,531
16,0.667,16,data\real\pharmaceutical_capsules\extracted\datasets\Normal\067.png,normal,normal,0.999754,0.999754,0.000246,True,1031,142,1093,204
16,0.667,17,data\real\pharmaceutical_capsules\extracted\datasets\Normal\338.png,normal,normal,0.999837,0.999837,0.000163,True,1151,326,1213,388
16,0.667,18,data\real\pharmaceutical_capsules\extracted\datasets\Anomaly\140.png,defective,defective,0.99995,5e-05,0.99995,True,855,490,917,552
16,0.667,19,data\real\pharmaceutical_capsules\extracted\datasets\Anomaly\242.png,defective,defective,0.9999,0.0001,0.9999,True,496,154,558,216
16,0.667,20,data\real\pharmaceutical_capsules\extracted\datasets\Normal\158.png,normal,normal,0.999763,0.999763,0.000237,True,916,306,978,368
16,0.667,21,data\real\pharmaceutical_capsules\extracted\datasets\Anomaly\415.png,defective,defective,0.999412,0.000588,0.999412,True,261,482,323,544
16,0.667,22,data\real\pharmaceutical_capsules\extracted\datasets\Normal\427.png,normal,normal,0.99977,0.99977,0.00023,True,527,151,589,213
16,0.667,23,data\real\pharmaceutical_capsules\extracted\datasets\Normal\424.png,normal,normal,0.999628,0.999628,0.000372,True,1120,305,1182,367
16,0.667,24,data\real\pharmaceutical_capsules\extracted\datasets\Normal\443.png,normal,normal,0.99986,0.99986,0.00014,True,83,487,145,549
16,0.667,25,data\real\pharmaceutical_capsules\extracted\datasets\Anomaly\321.png,defective,defective,0.999956,4.4e-05,0.999956,True,126,157,188,219
16,0.667,26,data\real\pharmaceutical_capsules\extracted\datasets\Normal\403.png,normal,normal,0.999762,0.999762,0.000238,True,681,331,743,393
16,0.667,27,data\real\pharmaceutical_capsules\extracted\datasets\Anomaly\459.png,defective,defective,0.99997,3e-05,0.99997,True,220,501,282,563
16,0.667,28,data\real\pharmaceutical_capsules\extracted\datasets\Anomaly\137.png,defective,defective,0.999974,2.6e-05,0.999974,True,790,162,852,224
16,0.667,29,data\real\pharmaceutical_capsules\extracted\datasets\Anomaly\587.png,defective,defective,0.99997,3e-05,0.99997,True,38,310,100,372
16,0.667,30,data\real\pharmaceutical_capsules\extracted\datasets\Normal\440.png,normal,normal,0.99979,0.99979,0.00021,True,158,470,220,532
16,0.667,31,data\real\pharmaceutical_capsules\extracted\datasets\Anomaly\469.png,defective,defective,0.999943,5.7e-05,0.999943,True,237,147,299,209
16,0.667,32,data\real\pharmaceutical_capsules\extracted\datasets\Anomaly\094.png,defective,defective,0.999814,0.000186,0.999814,True,582,306,644,368
16,0.667,33,data\real\pharmaceutical_capsules\extracted\datasets\Anomaly\273.png,defective,defective,0.99996,4e-05,0.99996,True,804,496,866,558
16,0.667,34,data\real\pharmaceutical_capsules\extracted\datasets\Normal\033.png,normal,normal,0.999738,0.999738,0.000262,True,4,137,66,199
16,0.667,35,data\real\pharmaceutical_capsules\extracted\datasets\Anomaly\071.png,defective,defective,0.999933,6.7e-05,0.999933,True,188,336,250,398
16,0.667,36,data\real\pharmaceutical_capsules\extracted\datasets\Normal\386.png,normal,normal,0.999792,0.999792,0.000208,True,1025,488,1087,550
17,0.708,1,data\real\pharmaceutical_capsules\extracted\datasets\Anomaly\316.png,defective,defective,0.999963,3.7e-05,0.999963,True,864,138,926,200
17,0.708,2,data\real\pharmaceutical_capsules\extracted\datasets\Normal\068.png,normal,normal,0.999773,0.999773,0.000227,True,359,310,421,372
17,0.708,3,data\real\pharmaceutical_capsules\extracted\datasets\Normal\149.png,normal,normal,0.999805,0.999805,0.000195,True,912,501,974,563
17,0.708,4,data\real\pharmaceutical_capsules\extracted\datasets\Anomaly\443.png,defective,defective,0.999923,7.7e-05,0.999923,True,586,138,648,200
17,0.708,5,data\real\pharmaceutical_capsules\extracted\datasets\Anomaly\221.png,defective,defective,0.999938,6.2e-05,0.999938,True,344,303,406,365
17,0.708,6,data\real\pharmaceutical_capsules\extracted\datasets\Normal\012.png,normal,normal,0.992716,0.992716,0.007284,True,963,501,1025,563
17,0.708,7,data\real\pharmaceutical_capsules\extracted\datasets\Anomaly\124.png,defective,defective,0.999966,3.4e-05,0.999966,True,621,154,683,216
17,0.708,8,data\real\pharmaceutical_capsules\extracted\datasets\Anomaly\192.png,defective,defective,0.999946,5.4e-05,0.999946,True,54,312,116,374
17,0.708,9,data\real\pharmaceutical_capsules\extracted\datasets\Normal\492.png,normal,normal,0.999762,0.999762,0.000238,True,482,476,544,538
17,0.708,10,data\real\pharmaceutical_capsules\extracted\datasets\Anomaly\351.png,defective,normal,0.671338,0.671338,0.328662,False,1023,143,1085,205
17,0.708,11,data\real\pharmaceutical_capsules\extracted\datasets\Normal\305.png,normal,normal,0.999814,0.999814,0.000186,True,170,324,232,386
17,0.708,12,data\real\pharmaceutical_capsules\extracted\datasets\Normal\082.png,normal,normal,0.999814,0.999814,0.000186,True,1079,496,1141,558
17,0.708,13,data\real\pharmaceutical_capsules\extracted\datasets\Normal\481.png,normal,normal,0.999822,0.999822,0.000178,True,12,161,74,223
17,0.708,14,data\real\pharmaceutical_capsules\extracted\datasets\Anomaly\455.png,defective,defective,0.99982,0.00018,0.99982,True,421,325,483,387
17,0.708,15,data\real\pharmaceutical_capsules\extracted\datasets\Normal\446.png,normal,normal,0.999598,0.999598,0.000402,True,948,469,1010,531
17,0.708,16,data\real\pharmaceutical_capsules\extracted\datasets\Normal\067.png,normal,normal,0.999754,0.999754,0.000246,True,1036,142,1098,204
17,0.708,17,data\real\pharmaceutical_capsules\extracted\datasets\Normal\338.png,normal,normal,0.999837,0.999837,0.000163,True,1155,326,1217,388
17,0.708,18,data\real\pharmaceutical_capsules\extracted\datasets\Anomaly\140.png,defective,defective,0.99995,5e-05,0.99995,True,860,490,922,552
17,0.708,19,data\real\pharmaceutical_capsules\extracted\datasets\Anomaly\242.png,defective,defective,0.9999,0.0001,0.9999,True,501,154,563,216
17,0.708,20,data\real\pharmaceutical_capsules\extracted\datasets\Normal\158.png,normal,normal,0.999763,0.999763,0.000237,True,921,306,983,368
17,0.708,21,data\real\pharmaceutical_capsules\extracted\datasets\Anomaly\415.png,defective,defective,0.999412,0.000588,0.999412,True,265,482,327,544
17,0.708,22,data\real\pharmaceutical_capsules\extracted\datasets\Normal\427.png,normal,normal,0.99977,0.99977,0.00023,True,532,151,594,213
17,0.708,23,data\real\pharmaceutical_capsules\extracted\datasets\Normal\424.png,normal,normal,0.999628,0.999628,0.000372,True,1125,305,1187,367
17,0.708,24,data\real\pharmaceutical_capsules\extracted\datasets\Normal\443.png,normal,normal,0.99986,0.99986,0.00014,True,87,487,149,549
17,0.708,25,data\real\pharmaceutical_capsules\extracted\datasets\Anomaly\321.png,defective,defective,0.999956,4.4e-05,0.999956,True,131,157,193,219
17,0.708,26,data\real\pharmaceutical_capsules\extracted\datasets\Normal\403.png,normal,normal,0.999762,0.999762,0.000238,True,685,331,747,393
17,0.708,27,data\real\pharmaceutical_capsules\extracted\datasets\Anomaly\459.png,defective,defective,0.99997,3e-05,0.99997,True,225,501,287,563
17,0.708,28,data\real\pharmaceutical_capsules\extracted\datasets\Anomaly\137.png,defective,defective,0.999974,2.6e-05,0.999974,True,794,162,856,224
17,0.708,29,data\real\pharmaceutical_capsules\extracted\datasets\Anomaly\587.png,defective,defective,0.99997,3e-05,0.99997,True,43,310,105,372
17,0.708,30,data\real\pharmaceutical_capsules\extracted\datasets\Normal\440.png,normal,normal,0.99979,0.99979,0.00021,True,162,470,224,532
17,0.708,31,data\real\pharmaceutical_capsules\extracted\datasets\Anomaly\469.png,defective,defective,0.999943,5.7e-05,0.999943,True,242,147,304,209
17,0.708,32,data\real\pharmaceutical_capsules\extracted\datasets\Anomaly\094.png,defective,defective,0.999814,0.000186,0.999814,True,586,306,648,368
17,0.708,33,data\real\pharmaceutical_capsules\extracted\datasets\Anomaly\273.png,defective,defective,0.99996,4e-05,0.99996,True,809,496,871,558
17,0.708,34,data\real\pharmaceutical_capsules\extracted\datasets\Normal\033.png,normal,normal,0.999738,0.999738,0.000262,True,9,137,71,199
17,0.708,35,data\real\pharmaceutical_capsules\extracted\datasets\Anomaly\071.png,defective,defective,0.999933,6.7e-05,0.999933,True,193,336,255,398
17,0.708,36,data\real\pharmaceutical_capsules\extracted\datasets\Normal\386.png,normal,normal,0.999792,0.999792,0.000208,True,1030,488,1092,550
18,0.75,1,data\real\pharmaceutical_capsules\extracted\datasets\Anomaly\316.png,defective,defective,0.999963,3.7e-05,0.999963,True,869,138,931,200
18,0.75,2,data\real\pharmaceutical_capsules\extracted\datasets\Normal\068.png,normal,normal,0.999773,0.999773,0.000227,True,364,310,426,372
18,0.75,3,data\real\pharmaceutical_capsules\extracted\datasets\Normal\149.png,normal,normal,0.999805,0.999805,0.000195,True,917,501,979,563
18,0.75,4,data\real\pharmaceutical_capsules\extracted\datasets\Anomaly\443.png,defective,defective,0.999923,7.7e-05,0.999923,True,591,138,653,200
18,0.75,5,data\real\pharmaceutical_capsules\extracted\datasets\Anomaly\221.png,defective,defective,0.999938,6.2e-05,0.999938,True,348,303,410,365
18,0.75,6,data\real\pharmaceutical_capsules\extracted\datasets\Normal\012.png,normal,normal,0.992716,0.992716,0.007284,True,967,501,1029,563
18,0.75,7,data\real\pharmaceutical_capsules\extracted\datasets\Anomaly\124.png,defective,defective,0.999966,3.4e-05,0.999966,True,625,154,687,216
18,0.75,8,data\real\pharmaceutical_capsules\extracted\datasets\Anomaly\192.png,defective,defective,0.999946,5.4e-05,0.999946,True,59,312,121,374
18,0.75,9,data\real\pharmaceutical_capsules\extracted\datasets\Normal\492.png,normal,normal,0.999762,0.999762,0.000238,True,486,476,548,538
18,0.75,10,data\real\pharmaceutical_capsules\extracted\datasets\Anomaly\351.png,defective,normal,0.671338,0.671338,0.328662,False,1028,143,1090,205
18,0.75,11,data\real\pharmaceutical_capsules\extracted\datasets\Normal\305.png,normal,normal,0.999814,0.999814,0.000186,True,174,324,236,386
18,0.75,12,data\real\pharmaceutical_capsules\extracted\datasets\Normal\082.png,normal,normal,0.999814,0.999814,0.000186,True,1084,496,1146,558
18,0.75,13,data\real\pharmaceutical_capsules\extracted\datasets\Normal\481.png,normal,normal,0.999822,0.999822,0.000178,True,16,161,78,223
18,0.75,14,data\real\pharmaceutical_capsules\extracted\datasets\Anomaly\455.png,defective,defective,0.99982,0.00018,0.99982,True,426,325,488,387
18,0.75,15,data\real\pharmaceutical_capsules\extracted\datasets\Normal\446.png,normal,normal,0.999598,0.999598,0.000402,True,952,469,1014,531
18,0.75,16,data\real\pharmaceutical_capsules\extracted\datasets\Normal\067.png,normal,normal,0.999754,0.999754,0.000246,True,1040,142,1102,204
18,0.75,17,data\real\pharmaceutical_capsules\extracted\datasets\Normal\338.png,normal,normal,0.999837,0.999837,0.000163,True,1160,326,1222,388
18,0.75,18,data\real\pharmaceutical_capsules\extracted\datasets\Anomaly\140.png,defective,defective,0.99995,5e-05,0.99995,True,864,490,926,552
18,0.75,19,data\real\pharmaceutical_capsules\extracted\datasets\Anomaly\242.png,defective,defective,0.9999,0.0001,0.9999,True,505,154,567,216
18,0.75,20,data\real\pharmaceutical_capsules\extracted\datasets\Normal\158.png,normal,normal,0.999763,0.999763,0.000237,True,925,306,987,368
18,0.75,21,data\real\pharmaceutical_capsules\extracted\datasets\Anomaly\415.png,defective,defective,0.999412,0.000588,0.999412,True,270,482,332,544
18,0.75,22,data\real\pharmaceutical_capsules\extracted\datasets\Normal\427.png,normal,normal,0.99977,0.99977,0.00023,True,536,151,598,213
18,0.75,23,data\real\pharmaceutical_capsules\extracted\datasets\Normal\424.png,normal,normal,0.999628,0.999628,0.000372,True,1129,305,1191,367
18,0.75,24,data\real\pharmaceutical_capsules\extracted\datasets\Normal\443.png,normal,normal,0.99986,0.99986,0.00014,True,92,487,154,549
18,0.75,25,data\real\pharmaceutical_capsules\extracted\datasets\Anomaly\321.png,defective,defective,0.999956,4.4e-05,0.999956,True,135,157,197,219
18,0.75,26,data\real\pharmaceutical_capsules\extracted\datasets\Normal\403.png,normal,normal,0.999762,0.999762,0.000238,True,690,331,752,393
18,0.75,27,data\real\pharmaceutical_capsules\extracted\datasets\Anomaly\459.png,defective,defective,0.99997,3e-05,0.99997,True,229,501,291,563
18,0.75,28,data\real\pharmaceutical_capsules\extracted\datasets\Anomaly\137.png,defective,defective,0.999974,2.6e-05,0.999974,True,799,162,861,224
18,0.75,29,data\real\pharmaceutical_capsules\extracted\datasets\Anomaly\587.png,defective,defective,0.99997,3e-05,0.99997,True,47,310,109,372
18,0.75,30,data\real\pharmaceutical_capsules\extracted\datasets\Normal\440.png,normal,normal,0.99979,0.99979,0.00021,True,167,470,229,532
18,0.75,31,data\real\pharmaceutical_capsules\extracted\datasets\Anomaly\469.png,defective,defective,0.999943,5.7e-05,0.999943,True,246,147,308,209
18,0.75,32,data\real\pharmaceutical_capsules\extracted\datasets\Anomaly\094.png,defective,defective,0.999814,0.000186,0.999814,True,591,306,653,368
18,0.75,33,data\real\pharmaceutical_capsules\extracted\datasets\Anomaly\273.png,defective,defective,0.99996,4e-05,0.99996,True,813,496,875,558
18,0.75,34,data\real\pharmaceutical_capsules\extracted\datasets\Normal\033.png,normal,normal,0.999738,0.999738,0.000262,True,13,137,75,199
18,0.75,35,data\real\pharmaceutical_capsules\extracted\datasets\Anomaly\071.png,defective,defective,0.999933,6.7e-05,0.999933,True,197,336,259,398
18,0.75,36,data\real\pharmaceutical_capsules\extracted\datasets\Normal\386.png,normal,normal,0.999792,0.999792,0.000208,True,1034,488,1096,550
19,0.792,1,data\real\pharmaceutical_capsules\extracted\datasets\Anomaly\316.png,defective,defective,0.999963,3.7e-05,0.999963,True,873,138,935,200
19,0.792,2,data\real\pharmaceutical_capsules\extracted\datasets\Normal\068.png,normal,normal,0.999773,0.999773,0.000227,True,368,310,430,372
19,0.792,3,data\real\pharmaceutical_capsules\extracted\datasets\Normal\149.png,normal,normal,0.999805,0.999805,0.000195,True,921,501,983,563
19,0.792,4,data\real\pharmaceutical_capsules\extracted\datasets\Anomaly\443.png,defective,defective,0.999923,7.7e-05,0.999923,True,595,138,657,200
19,0.792,5,data\real\pharmaceutical_capsules\extracted\datasets\Anomaly\221.png,defective,defective,0.999938,6.2e-05,0.999938,True,353,303,415,365
19,0.792,6,data\real\pharmaceutical_capsules\extracted\datasets\Normal\012.png,normal,normal,0.992716,0.992716,0.007284,True,972,501,1034,563
19,0.792,7,data\real\pharmaceutical_capsules\extracted\datasets\Anomaly\124.png,defective,defective,0.999966,3.4e-05,0.999966,True,630,154,692,216
19,0.792,8,data\real\pharmaceutical_capsules\extracted\datasets\Anomaly\192.png,defective,defective,0.999946,5.4e-05,0.999946,True,63,312,125,374
19,0.792,9,data\real\pharmaceutical_capsules\extracted\datasets\Normal\492.png,normal,normal,0.999762,0.999762,0.000238,True,491,476,553,538
19,0.792,10,data\real\pharmaceutical_capsules\extracted\datasets\Anomaly\351.png,defective,normal,0.671338,0.671338,0.328662,False,1032,143,1094,205
19,0.792,11,data\real\pharmaceutical_capsules\extracted\datasets\Normal\305.png,normal,normal,0.999814,0.999814,0.000186,True,179,324,241,386
19,0.792,12,data\real\pharmaceutical_capsules\extracted\datasets\Normal\082.png,normal,normal,0.999814,0.999814,0.000186,True,1088,496,1150,558
19,0.792,13,data\real\pharmaceutical_capsules\extracted\datasets\Normal\481.png,normal,normal,0.999822,0.999822,0.000178,True,21,161,83,223
19,0.792,14,data\real\pharmaceutical_capsules\extracted\datasets\Anomaly\455.png,defective,defective,0.99982,0.00018,0.99982,True,430,325,492,387
19,0.792,15,data\real\pharmaceutical_capsules\extracted\datasets\Normal\446.png,normal,normal,0.999598,0.999598,0.000402,True,957,469,1019,531
19,0.792,16,data\real\pharmaceutical_capsules\extracted\datasets\Normal\067.png,normal,normal,0.999754,0.999754,0.000246,True,1045,142,1107,204
19,0.792,17,data\real\pharmaceutical_capsules\extracted\datasets\Normal\338.png,normal,normal,0.999837,0.999837,0.000163,True,1164,326,1226,388
19,0.792,18,data\real\pharmaceutical_capsules\extracted\datasets\Anomaly\140.png,defective,defective,0.99995,5e-05,0.99995,True,869,490,931,552
19,0.792,19,data\real\pharmaceutical_capsules\extracted\datasets\Anomaly\242.png,defective,defective,0.9999,0.0001,0.9999,True,510,154,572,216
19,0.792,20,data\real\pharmaceutical_capsules\extracted\datasets\Normal\158.png,normal,normal,0.999763,0.999763,0.000237,True,930,306,992,368
19,0.792,21,data\real\pharmaceutical_capsules\extracted\datasets\Anomaly\415.png,defective,defective,0.999412,0.000588,0.999412,True,274,482,336,544
19,0.792,22,data\real\pharmaceutical_capsules\extracted\datasets\Normal\427.png,normal,normal,0.99977,0.99977,0.00023,True,541,151,603,213
19,0.792,23,data\real\pharmaceutical_capsules\extracted\datasets\Normal\424.png,normal,normal,0.999628,0.999628,0.000372,True,1134,305,1196,367
19,0.792,24,data\real\pharmaceutical_capsules\extracted\datasets\Normal\443.png,normal,normal,0.99986,0.99986,0.00014,True,96,487,158,549
19,0.792,25,data\real\pharmaceutical_capsules\extracted\datasets\Anomaly\321.png,defective,defective,0.999956,4.4e-05,0.999956,True,140,157,202,219
19,0.792,26,data\real\pharmaceutical_capsules\extracted\datasets\Normal\403.png,normal,normal,0.999762,0.999762,0.000238,True,694,331,756,393
19,0.792,27,data\real\pharmaceutical_capsules\extracted\datasets\Anomaly\459.png,defective,defective,0.99997,3e-05,0.99997,True,234,501,296,563
19,0.792,28,data\real\pharmaceutical_capsules\extracted\datasets\Anomaly\137.png,defective,defective,0.999974,2.6e-05,0.999974,True,803,162,865,224
19,0.792,29,data\real\pharmaceutical_capsules\extracted\datasets\Anomaly\587.png,defective,defective,0.99997,3e-05,0.99997,True,52,310,114,372
19,0.792,30,data\real\pharmaceutical_capsules\extracted\datasets\Normal\440.png,normal,normal,0.99979,0.99979,0.00021,True,171,470,233,532
19,0.792,31,data\real\pharmaceutical_capsules\extracted\datasets\Anomaly\469.png,defective,defective,0.999943,5.7e-05,0.999943,True,251,147,313,209
19,0.792,32,data\real\pharmaceutical_capsules\extracted\datasets\Anomaly\094.png,defective,defective,0.999814,0.000186,0.999814,True,595,306,657,368
19,0.792,33,data\real\pharmaceutical_capsules\extracted\datasets\Anomaly\273.png,defective,defective,0.99996,4e-05,0.99996,True,818,496,880,558
19,0.792,34,data\real\pharmaceutical_capsules\extracted\datasets\Normal\033.png,normal,normal,0.999738,0.999738,0.000262,True,18,137,80,199
19,0.792,35,data\real\pharmaceutical_capsules\extracted\datasets\Anomaly\071.png,defective,defective,0.999933,6.7e-05,0.999933,True,202,336,264,398
19,0.792,36,data\real\pharmaceutical_capsules\extracted\datasets\Normal\386.png,normal,normal,0.999792,0.999792,0.000208,True,1039,488,1101,550
20,0.833,1,data\real\pharmaceutical_capsules\extracted\datasets\Anomaly\316.png,defective,defective,0.999963,3.7e-05,0.999963,True,878,138,940,200
20,0.833,2,data\real\pharmaceutical_capsules\extracted\datasets\Normal\068.png,normal,normal,0.999773,0.999773,0.000227,True,373,310,435,372
20,0.833,3,data\real\pharmaceutical_capsules\extracted\datasets\Normal\149.png,normal,normal,0.999805,0.999805,0.000195,True,926,501,988,563
20,0.833,4,data\real\pharmaceutical_capsules\extracted\datasets\Anomaly\443.png,defective,defective,0.999923,7.7e-05,0.999923,True,600,138,662,200
20,0.833,5,data\real\pharmaceutical_capsules\extracted\datasets\Anomaly\221.png,defective,defective,0.999938,6.2e-05,0.999938,True,357,303,419,365
20,0.833,6,data\real\pharmaceutical_capsules\extracted\datasets\Normal\012.png,normal,normal,0.992716,0.992716,0.007284,True,976,501,1038,563
20,0.833,7,data\real\pharmaceutical_capsules\extracted\datasets\Anomaly\124.png,defective,defective,0.999966,3.4e-05,0.999966,True,634,154,696,216
20,0.833,8,data\real\pharmaceutical_capsules\extracted\datasets\Anomaly\192.png,defective,defective,0.999946,5.4e-05,0.999946,True,68,312,130,374
20,0.833,9,data\real\pharmaceutical_capsules\extracted\datasets\Normal\492.png,normal,normal,0.999762,0.999762,0.000238,True,495,476,557,538
20,0.833,10,data\real\pharmaceutical_capsules\extracted\datasets\Anomaly\351.png,defective,normal,0.671338,0.671338,0.328662,False,1037,143,1099,205
20,0.833,11,data\real\pharmaceutical_capsules\extracted\datasets\Normal\305.png,normal,normal,0.999814,0.999814,0.000186,True,183,324,245,386
20,0.833,12,data\real\pharmaceutical_capsules\extracted\datasets\Normal\082.png,normal,normal,0.999814,0.999814,0.000186,True,1093,496,1155,558
20,0.833,13,data\real\pharmaceutical_capsules\extracted\datasets\Normal\481.png,normal,normal,0.999822,0.999822,0.000178,True,25,161,87,223
20,0.833,14,data\real\pharmaceutical_capsules\extracted\datasets\Anomaly\455.png,defective,defective,0.99982,0.00018,0.99982,True,435,325,497,387
20,0.833,15,data\real\pharmaceutical_capsules\extracted\datasets\Normal\446.png,normal,normal,0.999598,0.999598,0.000402,True,961,469,1023,531
20,0.833,16,data\real\pharmaceutical_capsules\extracted\datasets\Normal\067.png,normal,normal,0.999754,0.999754,0.000246,True,1049,142,1111,204
20,0.833,17,data\real\pharmaceutical_capsules\extracted\datasets\Normal\338.png,normal,normal,0.999837,0.999837,0.000163,True,1169,326,1231,388
20,0.833,18,data\real\pharmaceutical_capsules\extracted\datasets\Anomaly\140.png,defective,defective,0.99995,5e-05,0.99995,True,873,490,935,552
20,0.833,19,data\real\pharmaceutical_capsules\extracted\datasets\Anomaly\242.png,defective,defective,0.9999,0.0001,0.9999,True,514,154,576,216
20,0.833,20,data\real\pharmaceutical_capsules\extracted\datasets\Normal\158.png,normal,normal,0.999763,0.999763,0.000237,True,934,306,996,368
20,0.833,21,data\real\pharmaceutical_capsules\extracted\datasets\Anomaly\415.png,defective,defective,0.999412,0.000588,0.999412,True,279,482,341,544
20,0.833,22,data\real\pharmaceutical_capsules\extracted\datasets\Normal\427.png,normal,normal,0.99977,0.99977,0.00023,True,545,151,607,213
20,0.833,23,data\real\pharmaceutical_capsules\extracted\datasets\Normal\424.png,normal,normal,0.999628,0.999628,0.000372,True,1138,305,1200,367
20,0.833,24,data\real\pharmaceutical_capsules\extracted\datasets\Normal\443.png,normal,normal,0.99986,0.99986,0.00014,True,101,487,163,549
20,0.833,25,data\real\pharmaceutical_capsules\extracted\datasets\Anomaly\321.png,defective,defective,0.999956,4.4e-05,0.999956,True,144,157,206,219
20,0.833,26,data\real\pharmaceutical_capsules\extracted\datasets\Normal\403.png,normal,normal,0.999762,0.999762,0.000238,True,699,331,761,393
20,0.833,27,data\real\pharmaceutical_capsules\extracted\datasets\Anomaly\459.png,defective,defective,0.99997,3e-05,0.99997,True,238,501,300,563
20,0.833,28,data\real\pharmaceutical_capsules\extracted\datasets\Anomaly\137.png,defective,defective,0.999974,2.6e-05,0.999974,True,808,162,870,224
20,0.833,29,data\real\pharmaceutical_capsules\extracted\datasets\Anomaly\587.png,defective,defective,0.99997,3e-05,0.99997,True,56,310,118,372
20,0.833,30,data\real\pharmaceutical_capsules\extracted\datasets\Normal\440.png,normal,normal,0.99979,0.99979,0.00021,True,176,470,238,532
20,0.833,31,data\real\pharmaceutical_capsules\extracted\datasets\Anomaly\469.png,defective,defective,0.999943,5.7e-05,0.999943,True,255,147,317,209
20,0.833,32,data\real\pharmaceutical_capsules\extracted\datasets\Anomaly\094.png,defective,defective,0.999814,0.000186,0.999814,True,600,306,662,368
20,0.833,33,data\real\pharmaceutical_capsules\extracted\datasets\Anomaly\273.png,defective,defective,0.99996,4e-05,0.99996,True,822,496,884,558
20,0.833,34,data\real\pharmaceutical_capsules\extracted\datasets\Normal\033.png,normal,normal,0.999738,0.999738,0.000262,True,22,137,84,199
20,0.833,35,data\real\pharmaceutical_capsules\extracted\datasets\Anomaly\071.png,defective,defective,0.999933,6.7e-05,0.999933,True,206,336,268,398
20,0.833,36,data\real\pharmaceutical_capsules\extracted\datasets\Normal\386.png,normal,normal,0.999792,0.999792,0.000208,True,1043,488,1105,550
21,0.875,1,data\real\pharmaceutical_capsules\extracted\datasets\Anomaly\316.png,defective,defective,0.999963,3.7e-05,0.999963,True,882,138,944,200
21,0.875,2,data\real\pharmaceutical_capsules\extracted\datasets\Normal\068.png,normal,normal,0.999773,0.999773,0.000227,True,377,310,439,372
21,0.875,3,data\real\pharmaceutical_capsules\extracted\datasets\Normal\149.png,normal,normal,0.999805,0.999805,0.000195,True,930,501,992,563
21,0.875,4,data\real\pharmaceutical_capsules\extracted\datasets\Anomaly\443.png,defective,defective,0.999923,7.7e-05,0.999923,True,604,138,666,200
21,0.875,5,data\real\pharmaceutical_capsules\extracted\datasets\Anomaly\221.png,defective,defective,0.999938,6.2e-05,0.999938,True,362,303,424,365
21,0.875,6,data\real\pharmaceutical_capsules\extracted\datasets\Normal\012.png,normal,normal,0.992716,0.992716,0.007284,True,981,501,1043,563
21,0.875,7,data\real\pharmaceutical_capsules\extracted\datasets\Anomaly\124.png,defective,defective,0.999966,3.4e-05,0.999966,True,639,154,701,216
21,0.875,8,data\real\pharmaceutical_capsules\extracted\datasets\Anomaly\192.png,defective,defective,0.999946,5.4e-05,0.999946,True,72,312,134,374
21,0.875,9,data\real\pharmaceutical_capsules\extracted\datasets\Normal\492.png,normal,normal,0.999762,0.999762,0.000238,True,500,476,562,538
21,0.875,10,data\real\pharmaceutical_capsules\extracted\datasets\Anomaly\351.png,defective,normal,0.671338,0.671338,0.328662,False,1041,143,1103,205
21,0.875,11,data\real\pharmaceutical_capsules\extracted\datasets\Normal\305.png,normal,normal,0.999814,0.999814,0.000186,True,188,324,250,386
21,0.875,12,data\real\pharmaceutical_capsules\extracted\datasets\Normal\082.png,normal,normal,0.999814,0.999814,0.000186,True,1097,496,1159,558
21,0.875,13,data\real\pharmaceutical_capsules\extracted\datasets\Normal\481.png,normal,normal,0.999822,0.999822,0.000178,True,30,161,92,223
21,0.875,14,data\real\pharmaceutical_capsules\extracted\datasets\Anomaly\455.png,defective,defective,0.99982,0.00018,0.99982,True,439,325,501,387
21,0.875,15,data\real\pharmaceutical_capsules\extracted\datasets\Normal\446.png,normal,normal,0.999598,0.999598,0.000402,True,966,469,1028,531
21,0.875,16,data\real\pharmaceutical_capsules\extracted\datasets\Normal\067.png,normal,normal,0.999754,0.999754,0.000246,True,1054,142,1116,204
21,0.875,17,data\real\pharmaceutical_capsules\extracted\datasets\Normal\338.png,normal,normal,0.999837,0.999837,0.000163,True,1173,326,1235,388
21,0.875,18,data\real\pharmaceutical_capsules\extracted\datasets\Anomaly\140.png,defective,defective,0.99995,5e-05,0.99995,True,878,490,940,552
21,0.875,19,data\real\pharmaceutical_capsules\extracted\datasets\Anomaly\242.png,defective,defective,0.9999,0.0001,0.9999,True,519,154,581,216
21,0.875,20,data\real\pharmaceutical_capsules\extracted\datasets\Normal\158.png,normal,normal,0.999763,0.999763,0.000237,True,939,306,1001,368
21,0.875,21,data\real\pharmaceutical_capsules\extracted\datasets\Anomaly\415.png,defective,defective,0.999412,0.000588,0.999412,True,283,482,345,544
21,0.875,22,data\real\pharmaceutical_capsules\extracted\datasets\Normal\427.png,normal,normal,0.99977,0.99977,0.00023,True,550,151,612,213
21,0.875,23,data\real\pharmaceutical_capsules\extracted\datasets\Normal\424.png,normal,normal,0.999628,0.999628,0.000372,True,1143,305,1205,367
21,0.875,24,data\real\pharmaceutical_capsules\extracted\datasets\Normal\443.png,normal,normal,0.99986,0.99986,0.00014,True,105,487,167,549
21,0.875,25,data\real\pharmaceutical_capsules\extracted\datasets\Anomaly\321.png,defective,defective,0.999956,4.4e-05,0.999956,True,149,157,211,219
21,0.875,26,data\real\pharmaceutical_capsules\extracted\datasets\Normal\403.png,normal,normal,0.999762,0.999762,0.000238,True,703,331,765,393
21,0.875,27,data\real\pharmaceutical_capsules\extracted\datasets\Anomaly\459.png,defective,defective,0.99997,3e-05,0.99997,True,243,501,305,563
21,0.875,28,data\real\pharmaceutical_capsules\extracted\datasets\Anomaly\137.png,defective,defective,0.999974,2.6e-05,0.999974,True,812,162,874,224
21,0.875,29,data\real\pharmaceutical_capsules\extracted\datasets\Anomaly\587.png,defective,defective,0.99997,3e-05,0.99997,True,61,310,123,372
21,0.875,30,data\real\pharmaceutical_capsules\extracted\datasets\Normal\440.png,normal,normal,0.99979,0.99979,0.00021,True,180,470,242,532
21,0.875,31,data\real\pharmaceutical_capsules\extracted\datasets\Anomaly\469.png,defective,defective,0.999943,5.7e-05,0.999943,True,260,147,322,209
21,0.875,32,data\real\pharmaceutical_capsules\extracted\datasets\Anomaly\094.png,defective,defective,0.999814,0.000186,0.999814,True,604,306,666,368
21,0.875,33,data\real\pharmaceutical_capsules\extracted\datasets\Anomaly\273.png,defective,defective,0.99996,4e-05,0.99996,True,827,496,889,558
21,0.875,34,data\real\pharmaceutical_capsules\extracted\datasets\Normal\033.png,normal,normal,0.999738,0.999738,0.000262,True,27,137,89,199
21,0.875,35,data\real\pharmaceutical_capsules\extracted\datasets\Anomaly\071.png,defective,defective,0.999933,6.7e-05,0.999933,True,211,336,273,398
21,0.875,36,data\real\pharmaceutical_capsules\extracted\datasets\Normal\386.png,normal,normal,0.999792,0.999792,0.000208,True,1048,488,1110,550
22,0.917,1,data\real\pharmaceutical_capsules\extracted\datasets\Anomaly\316.png,defective,defective,0.999963,3.7e-05,0.999963,True,887,138,949,200
22,0.917,2,data\real\pharmaceutical_capsules\extracted\datasets\Normal\068.png,normal,normal,0.999773,0.999773,0.000227,True,382,310,444,372
22,0.917,3,data\real\pharmaceutical_capsules\extracted\datasets\Normal\149.png,normal,normal,0.999805,0.999805,0.000195,True,935,501,997,563
22,0.917,4,data\real\pharmaceutical_capsules\extracted\datasets\Anomaly\443.png,defective,defective,0.999923,7.7e-05,0.999923,True,609,138,671,200
22,0.917,5,data\real\pharmaceutical_capsules\extracted\datasets\Anomaly\221.png,defective,defective,0.999938,6.2e-05,0.999938,True,366,303,428,365
22,0.917,6,data\real\pharmaceutical_capsules\extracted\datasets\Normal\012.png,normal,normal,0.992716,0.992716,0.007284,True,985,501,1047,563
22,0.917,7,data\real\pharmaceutical_capsules\extracted\datasets\Anomaly\124.png,defective,defective,0.999966,3.4e-05,0.999966,True,643,154,705,216
22,0.917,8,data\real\pharmaceutical_capsules\extracted\datasets\Anomaly\192.png,defective,defective,0.999946,5.4e-05,0.999946,True,77,312,139,374
22,0.917,9,data\real\pharmaceutical_capsules\extracted\datasets\Normal\492.png,normal,normal,0.999762,0.999762,0.000238,True,504,476,566,538
22,0.917,10,data\real\pharmaceutical_capsules\extracted\datasets\Anomaly\351.png,defective,normal,0.671338,0.671338,0.328662,False,1046,143,1108,205
22,0.917,11,data\real\pharmaceutical_capsules\extracted\datasets\Normal\305.png,normal,normal,0.999814,0.999814,0.000186,True,192,324,254,386
22,0.917,12,data\real\pharmaceutical_capsules\extracted\datasets\Normal\082.png,normal,normal,0.999814,0.999814,0.000186,True,1102,496,1164,558
22,0.917,13,data\real\pharmaceutical_capsules\extracted\datasets\Normal\481.png,normal,normal,0.999822,0.999822,0.000178,True,34,161,96,223
22,0.917,14,data\real\pharmaceutical_capsules\extracted\datasets\Anomaly\455.png,defective,defective,0.99982,0.00018,0.99982,True,444,325,506,387
22,0.917,15,data\real\pharmaceutical_capsules\extracted\datasets\Normal\446.png,normal,normal,0.999598,0.999598,0.000402,True,970,469,1032,531
22,0.917,16,data\real\pharmaceutical_capsules\extracted\datasets\Normal\067.png,normal,normal,0.999754,0.999754,0.000246,True,1058,142,1120,204
22,0.917,17,data\real\pharmaceutical_capsules\extracted\datasets\Normal\338.png,normal,normal,0.999837,0.999837,0.000163,True,1178,326,1240,388
22,0.917,18,data\real\pharmaceutical_capsules\extracted\datasets\Anomaly\140.png,defective,defective,0.99995,5e-05,0.99995,True,882,490,944,552
22,0.917,19,data\real\pharmaceutical_capsules\extracted\datasets\Anomaly\242.png,defective,defective,0.9999,0.0001,0.9999,True,523,154,585,216
22,0.917,20,data\real\pharmaceutical_capsules\extracted\datasets\Normal\158.png,normal,normal,0.999763,0.999763,0.000237,True,943,306,1005,368
22,0.917,21,data\real\pharmaceutical_capsules\extracted\datasets\Anomaly\415.png,defective,defective,0.999412,0.000588,0.999412,True,288,482,350,544
22,0.917,22,data\real\pharmaceutical_capsules\extracted\datasets\Normal\427.png,normal,normal,0.99977,0.99977,0.00023,True,554,151,616,213
22,0.917,23,data\real\pharmaceutical_capsules\extracted\datasets\Normal\424.png,normal,normal,0.999628,0.999628,0.000372,True,1147,305,1209,367
22,0.917,24,data\real\pharmaceutical_capsules\extracted\datasets\Normal\443.png,normal,normal,0.99986,0.99986,0.00014,True,110,487,172,549
22,0.917,25,data\real\pharmaceutical_capsules\extracted\datasets\Anomaly\321.png,defective,defective,0.999956,4.4e-05,0.999956,True,153,157,215,219
22,0.917,26,data\real\pharmaceutical_capsules\extracted\datasets\Normal\403.png,normal,normal,0.999762,0.999762,0.000238,True,708,331,770,393
22,0.917,27,data\real\pharmaceutical_capsules\extracted\datasets\Anomaly\459.png,defective,defective,0.99997,3e-05,0.99997,True,247,501,309,563
22,0.917,28,data\real\pharmaceutical_capsules\extracted\datasets\Anomaly\137.png,defective,defective,0.999974,2.6e-05,0.999974,True,817,162,879,224
22,0.917,29,data\real\pharmaceutical_capsules\extracted\datasets\Anomaly\587.png,defective,defective,0.99997,3e-05,0.99997,True,65,310,127,372
22,0.917,30,data\real\pharmaceutical_capsules\extracted\datasets\Normal\440.png,normal,normal,0.99979,0.99979,0.00021,True,185,470,247,532
22,0.917,31,data\real\pharmaceutical_capsules\extracted\datasets\Anomaly\469.png,defective,defective,0.999943,5.7e-05,0.999943,True,264,147,326,209
22,0.917,32,data\real\pharmaceutical_capsules\extracted\datasets\Anomaly\094.png,defective,defective,0.999814,0.000186,0.999814,True,609,306,671,368
22,0.917,33,data\real\pharmaceutical_capsules\extracted\datasets\Anomaly\273.png,defective,defective,0.99996,4e-05,0.99996,True,831,496,893,558
22,0.917,34,data\real\pharmaceutical_capsules\extracted\datasets\Normal\033.png,normal,normal,0.999738,0.999738,0.000262,True,31,137,93,199
22,0.917,35,data\real\pharmaceutical_capsules\extracted\datasets\Anomaly\071.png,defective,defective,0.999933,6.7e-05,0.999933,True,215,336,277,398
22,0.917,36,data\real\pharmaceutical_capsules\extracted\datasets\Normal\386.png,normal,normal,0.999792,0.999792,0.000208,True,1052,488,1114,550
23,0.958,1,data\real\pharmaceutical_capsules\extracted\datasets\Anomaly\316.png,defective,defective,0.999963,3.7e-05,0.999963,True,891,138,953,200
23,0.958,2,data\real\pharmaceutical_capsules\extracted\datasets\Normal\068.png,normal,normal,0.999773,0.999773,0.000227,True,386,310,448,372
23,0.958,3,data\real\pharmaceutical_capsules\extracted\datasets\Normal\149.png,normal,normal,0.999805,0.999805,0.000195,True,939,501,1001,563
23,0.958,4,data\real\pharmaceutical_capsules\extracted\datasets\Anomaly\443.png,defective,defective,0.999923,7.7e-05,0.999923,True,613,138,675,200
23,0.958,5,data\real\pharmaceutical_capsules\extracted\datasets\Anomaly\221.png,defective,defective,0.999938,6.2e-05,0.999938,True,371,303,433,365
23,0.958,6,data\real\pharmaceutical_capsules\extracted\datasets\Normal\012.png,normal,normal,0.992716,0.992716,0.007284,True,990,501,1052,563
23,0.958,7,data\real\pharmaceutical_capsules\extracted\datasets\Anomaly\124.png,defective,defective,0.999966,3.4e-05,0.999966,True,648,154,710,216
23,0.958,8,data\real\pharmaceutical_capsules\extracted\datasets\Anomaly\192.png,defective,defective,0.999946,5.4e-05,0.999946,True,81,312,143,374
23,0.958,9,data\real\pharmaceutical_capsules\extracted\datasets\Normal\492.png,normal,normal,0.999762,0.999762,0.000238,True,509,476,571,538
23,0.958,10,data\real\pharmaceutical_capsules\extracted\datasets\Anomaly\351.png,defective,normal,0.671338,0.671338,0.328662,False,1050,143,1112,205
23,0.958,11,data\real\pharmaceutical_capsules\extracted\datasets\Normal\305.png,normal,normal,0.999814,0.999814,0.000186,True,197,324,259,386
23,0.958,12,data\real\pharmaceutical_capsules\extracted\datasets\Normal\082.png,normal,normal,0.999814,0.999814,0.000186,True,1106,496,1168,558
23,0.958,13,data\real\pharmaceutical_capsules\extracted\datasets\Normal\481.png,normal,normal,0.999822,0.999822,0.000178,True,39,161,101,223
23,0.958,14,data\real\pharmaceutical_capsules\extracted\datasets\Anomaly\455.png,defective,defective,0.99982,0.00018,0.99982,True,448,325,510,387
23,0.958,15,data\real\pharmaceutical_capsules\extracted\datasets\Normal\446.png,normal,normal,0.999598,0.999598,0.000402,True,975,469,1037,531
23,0.958,16,data\real\pharmaceutical_capsules\extracted\datasets\Normal\067.png,normal,normal,0.999754,0.999754,0.000246,True,1063,142,1125,204
23,0.958,17,data\real\pharmaceutical_capsules\extracted\datasets\Normal\338.png,normal,normal,0.999837,0.999837,0.000163,True,1182,326,1244,388
23,0.958,18,data\real\pharmaceutical_capsules\extracted\datasets\Anomaly\140.png,defective,defective,0.99995,5e-05,0.99995,True,887,490,949,552
23,0.958,19,data\real\pharmaceutical_capsules\extracted\datasets\Anomaly\242.png,defective,defective,0.9999,0.0001,0.9999,True,528,154,590,216
23,0.958,20,data\real\pharmaceutical_capsules\extracted\datasets\Normal\158.png,normal,normal,0.999763,0.999763,0.000237,True,948,306,1010,368
23,0.958,21,data\real\pharmaceutical_capsules\extracted\datasets\Anomaly\415.png,defective,defective,0.999412,0.000588,0.999412,True,292,482,354,544
23,0.958,22,data\real\pharmaceutical_capsules\extracted\datasets\Normal\427.png,normal,normal,0.99977,0.99977,0.00023,True,559,151,621,213
23,0.958,23,data\real\pharmaceutical_capsules\extracted\datasets\Normal\424.png,normal,normal,0.999628,0.999628,0.000372,True,1152,305,1214,367
23,0.958,24,data\real\pharmaceutical_capsules\extracted\datasets\Normal\443.png,normal,normal,0.99986,0.99986,0.00014,True,114,487,176,549
23,0.958,25,data\real\pharmaceutical_capsules\extracted\datasets\Anomaly\321.png,defective,defective,0.999956,4.4e-05,0.999956,True,158,157,220,219
23,0.958,26,data\real\pharmaceutical_capsules\extracted\datasets\Normal\403.png,normal,normal,0.999762,0.999762,0.000238,True,712,331,774,393
23,0.958,27,data\real\pharmaceutical_capsules\extracted\datasets\Anomaly\459.png,defective,defective,0.99997,3e-05,0.99997,True,252,501,314,563
23,0.958,28,data\real\pharmaceutical_capsules\extracted\datasets\Anomaly\137.png,defective,defective,0.999974,2.6e-05,0.999974,True,821,162,883,224
23,0.958,29,data\real\pharmaceutical_capsules\extracted\datasets\Anomaly\587.png,defective,defective,0.99997,3e-05,0.99997,True,70,310,132,372
23,0.958,30,data\real\pharmaceutical_capsules\extracted\datasets\Normal\440.png,normal,normal,0.99979,0.99979,0.00021,True,189,470,251,532
23,0.958,31,data\real\pharmaceutical_capsules\extracted\datasets\Anomaly\469.png,defective,defective,0.999943,5.7e-05,0.999943,True,269,147,331,209
23,0.958,32,data\real\pharmaceutical_capsules\extracted\datasets\Anomaly\094.png,defective,defective,0.999814,0.000186,0.999814,True,613,306,675,368
23,0.958,33,data\real\pharmaceutical_capsules\extracted\datasets\Anomaly\273.png,defective,defective,0.99996,4e-05,0.99996,True,836,496,898,558
23,0.958,34,data\real\pharmaceutical_capsules\extracted\datasets\Normal\033.png,normal,normal,0.999738,0.999738,0.000262,True,36,137,98,199
23,0.958,35,data\real\pharmaceutical_capsules\extracted\datasets\Anomaly\071.png,defective,defective,0.999933,6.7e-05,0.999933,True,220,336,282,398
23,0.958,36,data\real\pharmaceutical_capsules\extracted\datasets\Normal\386.png,normal,normal,0.999792,0.999792,0.000208,True,1057,488,1119,550
24,1.0,1,data\real\pharmaceutical_capsules\extracted\datasets\Anomaly\316.png,defective,defective,0.999963,3.7e-05,0.999963,True,896,138,958,200
24,1.0,2,data\real\pharmaceutical_capsules\extracted\datasets\Normal\068.png,normal,normal,0.999773,0.999773,0.000227,True,391,310,453,372
24,1.0,3,data\real\pharmaceutical_capsules\extracted\datasets\Normal\149.png,normal,normal,0.999805,0.999805,0.000195,True,944,501,1006,563
24,1.0,4,data\real\pharmaceutical_capsules\extracted\datasets\Anomaly\443.png,defective,defective,0.999923,7.7e-05,0.999923,True,618,138,680,200
24,1.0,5,data\real\pharmaceutical_capsules\extracted\datasets\Anomaly\221.png,defective,defective,0.999938,6.2e-05,0.999938,True,375,303,437,365
24,1.0,6,data\real\pharmaceutical_capsules\extracted\datasets\Normal\012.png,normal,normal,0.992716,0.992716,0.007284,True,994,501,1056,563
24,1.0,7,data\real\pharmaceutical_capsules\extracted\datasets\Anomaly\124.png,defective,defective,0.999966,3.4e-05,0.999966,True,652,154,714,216
24,1.0,8,data\real\pharmaceutical_capsules\extracted\datasets\Anomaly\192.png,defective,defective,0.999946,5.4e-05,0.999946,True,86,312,148,374
24,1.0,9,data\real\pharmaceutical_capsules\extracted\datasets\Normal\492.png,normal,normal,0.999762,0.999762,0.000238,True,513,476,575,538
24,1.0,10,data\real\pharmaceutical_capsules\extracted\datasets\Anomaly\351.png,defective,normal,0.671338,0.671338,0.328662,False,1055,143,1117,205
24,1.0,11,data\real\pharmaceutical_capsules\extracted\datasets\Normal\305.png,normal,normal,0.999814,0.999814,0.000186,True,201,324,263,386
24,1.0,12,data\real\pharmaceutical_capsules\extracted\datasets\Normal\082.png,normal,normal,0.999814,0.999814,0.000186,True,1111,496,1173,558
24,1.0,13,data\real\pharmaceutical_capsules\extracted\datasets\Normal\481.png,normal,normal,0.999822,0.999822,0.000178,True,43,161,105,223
24,1.0,14,data\real\pharmaceutical_capsules\extracted\datasets\Anomaly\455.png,defective,defective,0.99982,0.00018,0.99982,True,453,325,515,387
24,1.0,15,data\real\pharmaceutical_capsules\extracted\datasets\Normal\446.png,normal,normal,0.999598,0.999598,0.000402,True,979,469,1041,531
24,1.0,16,data\real\pharmaceutical_capsules\extracted\datasets\Normal\067.png,normal,normal,0.999754,0.999754,0.000246,True,1067,142,1129,204
24,1.0,17,data\real\pharmaceutical_capsules\extracted\datasets\Normal\338.png,normal,normal,0.999837,0.999837,0.000163,True,1187,326,1249,388
24,1.0,18,data\real\pharmaceutical_capsules\extracted\datasets\Anomaly\140.png,defective,defective,0.99995,5e-05,0.99995,True,891,490,953,552
24,1.0,19,data\real\pharmaceutical_capsules\extracted\datasets\Anomaly\242.png,defective,defective,0.9999,0.0001,0.9999,True,532,154,594,216
24,1.0,20,data\real\pharmaceutical_capsules\extracted\datasets\Normal\158.png,normal,normal,0.999763,0.999763,0.000237,True,952,306,1014,368
24,1.0,21,data\real\pharmaceutical_capsules\extracted\datasets\Anomaly\415.png,defective,defective,0.999412,0.000588,0.999412,True,297,482,359,544
24,1.0,22,data\real\pharmaceutical_capsules\extracted\datasets\Normal\427.png,normal,normal,0.99977,0.99977,0.00023,True,563,151,625,213
24,1.0,23,data\real\pharmaceutical_capsules\extracted\datasets\Normal\424.png,normal,normal,0.999628,0.999628,0.000372,True,1156,305,1218,367
24,1.0,24,data\real\pharmaceutical_capsules\extracted\datasets\Normal\443.png,normal,normal,0.99986,0.99986,0.00014,True,119,487,181,549
24,1.0,25,data\real\pharmaceutical_capsules\extracted\datasets\Anomaly\321.png,defective,defective,0.999956,4.4e-05,0.999956,True,162,157,224,219
24,1.0,26,data\real\pharmaceutical_capsules\extracted\datasets\Normal\403.png,normal,normal,0.999762,0.999762,0.000238,True,717,331,779,393
24,1.0,27,data\real\pharmaceutical_capsules\extracted\datasets\Anomaly\459.png,defective,defective,0.99997,3e-05,0.99997,True,256,501,318,563
24,1.0,28,data\real\pharmaceutical_capsules\extracted\datasets\Anomaly\137.png,defective,defective,0.999974,2.6e-05,0.999974,True,826,162,888,224
24,1.0,29,data\real\pharmaceutical_capsules\extracted\datasets\Anomaly\587.png,defective,defective,0.99997,3e-05,0.99997,True,74,310,136,372
24,1.0,30,data\real\pharmaceutical_capsules\extracted\datasets\Normal\440.png,normal,normal,0.99979,0.99979,0.00021,True,194,470,256,532
24,1.0,31,data\real\pharmaceutical_capsules\extracted\datasets\Anomaly\469.png,defective,defective,0.999943,5.7e-05,0.999943,True,273,147,335,209
24,1.0,32,data\real\pharmaceutical_capsules\extracted\datasets\Anomaly\094.png,defective,defective,0.999814,0.000186,0.999814,True,618,306,680,368
24,1.0,33,data\real\pharmaceutical_capsules\extracted\datasets\Anomaly\273.png,defective,defective,0.99996,4e-05,0.99996,True,840,496,902,558
24,1.0,34,data\real\pharmaceutical_capsules\extracted\datasets\Normal\033.png,normal,normal,0.999738,0.999738,0.000262,True,40,137,102,199
24,1.0,35,data\real\pharmaceutical_capsules\extracted\datasets\Anomaly\071.png,defective,defective,0.999933,6.7e-05,0.999933,True,224,336,286,398
24,1.0,36,data\real\pharmaceutical_capsules\extracted\datasets\Normal\386.png,normal,normal,0.999792,0.999792,0.000208,True,1061,488,1123,550
25,1.042,1,data\real\pharmaceutical_capsules\extracted\datasets\Anomaly\316.png,defective,defective,0.999963,3.7e-05,0.999963,True,900,138,962,200
25,1.042,2,data\real\pharmaceutical_capsules\extracted\datasets\Normal\068.png,normal,normal,0.999773,0.999773,0.000227,True,395,310,457,372
25,1.042,3,data\real\pharmaceutical_capsules\extracted\datasets\Normal\149.png,normal,normal,0.999805,0.999805,0.000195,True,948,501,1010,563
25,1.042,4,data\real\pharmaceutical_capsules\extracted\datasets\Anomaly\443.png,defective,defective,0.999923,7.7e-05,0.999923,True,622,138,684,200
25,1.042,5,data\real\pharmaceutical_capsules\extracted\datasets\Anomaly\221.png,defective,defective,0.999938,6.2e-05,0.999938,True,380,303,442,365
25,1.042,6,data\real\pharmaceutical_capsules\extracted\datasets\Normal\012.png,normal,normal,0.992716,0.992716,0.007284,True,999,501,1061,563
25,1.042,7,data\real\pharmaceutical_capsules\extracted\datasets\Anomaly\124.png,defective,defective,0.999966,3.4e-05,0.999966,True,657,154,719,216
25,1.042,8,data\real\pharmaceutical_capsules\extracted\datasets\Anomaly\192.png,defective,defective,0.999946,5.4e-05,0.999946,True,90,312,152,374
25,1.042,9,data\real\pharmaceutical_capsules\extracted\datasets\Normal\492.png,normal,normal,0.999762,0.999762,0.000238,True,518,476,580,538
25,1.042,10,data\real\pharmaceutical_capsules\extracted\datasets\Anomaly\351.png,defective,normal,0.671338,0.671338,0.328662,False,1059,143,1121,205
25,1.042,11,data\real\pharmaceutical_capsules\extracted\datasets\Normal\305.png,normal,normal,0.999814,0.999814,0.000186,True,206,324,268,386
25,1.042,12,data\real\pharmaceutical_capsules\extracted\datasets\Normal\082.png,normal,normal,0.999814,0.999814,0.000186,True,1115,496,1177,558
25,1.042,13,data\real\pharmaceutical_capsules\extracted\datasets\Normal\481.png,normal,normal,0.999822,0.999822,0.000178,True,48,161,110,223
25,1.042,14,data\real\pharmaceutical_capsules\extracted\datasets\Anomaly\455.png,defective,defective,0.99982,0.00018,0.99982,True,457,325,519,387
25,1.042,15,data\real\pharmaceutical_capsules\extracted\datasets\Normal\446.png,normal,normal,0.999598,0.999598,0.000402,True,984,469,1046,531
25,1.042,16,data\real\pharmaceutical_capsules\extracted\datasets\Normal\067.png,normal,normal,0.999754,0.999754,0.000246,True,1072,142,1134,204
25,1.042,17,data\real\pharmaceutical_capsules\extracted\datasets\Normal\338.png,normal,normal,0.999837,0.999837,0.000163,True,1191,326,1253,388
25,1.042,18,data\real\pharmaceutical_capsules\extracted\datasets\Anomaly\140.png,defective,defective,0.99995,5e-05,0.99995,True,896,490,958,552
25,1.042,19,data\real\pharmaceutical_capsules\extracted\datasets\Anomaly\242.png,defective,defective,0.9999,0.0001,0.9999,True,537,154,599,216
25,1.042,20,data\real\pharmaceutical_capsules\extracted\datasets\Normal\158.png,normal,normal,0.999763,0.999763,0.000237,True,957,306,1019,368
25,1.042,21,data\real\pharmaceutical_capsules\extracted\datasets\Anomaly\415.png,defective,defective,0.999412,0.000588,0.999412,True,301,482,363,544
25,1.042,22,data\real\pharmaceutical_capsules\extracted\datasets\Normal\427.png,normal,normal,0.99977,0.99977,0.00023,True,568,151,630,213
25,1.042,23,data\real\pharmaceutical_capsules\extracted\datasets\Normal\424.png,normal,normal,0.999628,0.999628,0.000372,True,1161,305,1223,367
25,1.042,24,data\real\pharmaceutical_capsules\extracted\datasets\Normal\443.png,normal,normal,0.99986,0.99986,0.00014,True,123,487,185,549
25,1.042,25,data\real\pharmaceutical_capsules\extracted\datasets\Anomaly\321.png,defective,defective,0.999956,4.4e-05,0.999956,True,167,157,229,219
25,1.042,26,data\real\pharmaceutical_capsules\extracted\datasets\Normal\403.png,normal,normal,0.999762,0.999762,0.000238,True,721,331,783,393
25,1.042,27,data\real\pharmaceutical_capsules\extracted\datasets\Anomaly\459.png,defective,defective,0.99997,3e-05,0.99997,True,261,501,323,563
25,1.042,28,data\real\pharmaceutical_capsules\extracted\datasets\Anomaly\137.png,defective,defective,0.999974,2.6e-05,0.999974,True,830,162,892,224
25,1.042,29,data\real\pharmaceutical_capsules\extracted\datasets\Anomaly\587.png,defective,defective,0.99997,3e-05,0.99997,True,79,310,141,372
25,1.042,30,data\real\pharmaceutical_capsules\extracted\datasets\Normal\440.png,normal,normal,0.99979,0.99979,0.00021,True,198,470,260,532
25,1.042,31,data\real\pharmaceutical_capsules\extracted\datasets\Anomaly\469.png,defective,defective,0.999943,5.7e-05,0.999943,True,278,147,340,209
25,1.042,32,data\real\pharmaceutical_capsules\extracted\datasets\Anomaly\094.png,defective,defective,0.999814,0.000186,0.999814,True,622,306,684,368
25,1.042,33,data\real\pharmaceutical_capsules\extracted\datasets\Anomaly\273.png,defective,defective,0.99996,4e-05,0.99996,True,845,496,907,558
25,1.042,34,data\real\pharmaceutical_capsules\extracted\datasets\Normal\033.png,normal,normal,0.999738,0.999738,0.000262,True,45,137,107,199
25,1.042,35,data\real\pharmaceutical_capsules\extracted\datasets\Anomaly\071.png,defective,defective,0.999933,6.7e-05,0.999933,True,229,336,291,398
25,1.042,36,data\real\pharmaceutical_capsules\extracted\datasets\Normal\386.png,normal,normal,0.999792,0.999792,0.000208,True,1066,488,1128,550
26,1.083,1,data\real\pharmaceutical_capsules\extracted\datasets\Anomaly\316.png,defective,defective,0.999963,3.7e-05,0.999963,True,905,138,967,200
26,1.083,2,data\real\pharmaceutical_capsules\extracted\datasets\Normal\068.png,normal,normal,0.999773,0.999773,0.000227,True,400,310,462,372
26,1.083,3,data\real\pharmaceutical_capsules\extracted\datasets\Normal\149.png,normal,normal,0.999805,0.999805,0.000195,True,953,501,1015,563
26,1.083,4,data\real\pharmaceutical_capsules\extracted\datasets\Anomaly\443.png,defective,defective,0.999923,7.7e-05,0.999923,True,627,138,689,200
26,1.083,5,data\real\pharmaceutical_capsules\extracted\datasets\Anomaly\221.png,defective,defective,0.999938,6.2e-05,0.999938,True,384,303,446,365
26,1.083,6,data\real\pharmaceutical_capsules\extracted\datasets\Normal\012.png,normal,normal,0.992716,0.992716,0.007284,True,1003,501,1065,563
26,1.083,7,data\real\pharmaceutical_capsules\extracted\datasets\Anomaly\124.png,defective,defective,0.999966,3.4e-05,0.999966,True,661,154,723,216
26,1.083,8,data\real\pharmaceutical_capsules\extracted\datasets\Anomaly\192.png,defective,defective,0.999946,5.4e-05,0.999946,True,95,312,157,374
26,1.083,9,data\real\pharmaceutical_capsules\extracted\datasets\Normal\492.png,normal,normal,0.999762,0.999762,0.000238,True,522,476,584,538
26,1.083,10,data\real\pharmaceutical_capsules\extracted\datasets\Anomaly\351.png,defective,normal,0.671338,0.671338,0.328662,False,1064,143,1126,205
26,1.083,11,data\real\pharmaceutical_capsules\extracted\datasets\Normal\305.png,normal,normal,0.999814,0.999814,0.000186,True,210,324,272,386
26,1.083,12,data\real\pharmaceutical_capsules\extracted\datasets\Normal\082.png,normal,normal,0.999814,0.999814,0.000186,True,1120,496,1182,558
26,1.083,13,data\real\pharmaceutical_capsules\extracted\datasets\Normal\481.png,normal,normal,0.999822,0.999822,0.000178,True,52,161,114,223
26,1.083,14,data\real\pharmaceutical_capsules\extracted\datasets\Anomaly\455.png,defective,defective,0.99982,0.00018,0.99982,True,462,325,524,387
26,1.083,15,data\real\pharmaceutical_capsules\extracted\datasets\Normal\446.png,normal,normal,0.999598,0.999598,0.000402,True,988,469,1050,531
26,1.083,16,data\real\pharmaceutical_capsules\extracted\datasets\Normal\067.png,normal,normal,0.999754,0.999754,0.000246,True,1076,142,1138,204
26,1.083,17,data\real\pharmaceutical_capsules\extracted\datasets\Normal\338.png,normal,normal,0.999837,0.999837,0.000163,True,1196,326,1258,388
26,1.083,18,data\real\pharmaceutical_capsules\extracted\datasets\Anomaly\140.png,defective,defective,0.99995,5e-05,0.99995,True,900,490,962,552
26,1.083,19,data\real\pharmaceutical_capsules\extracted\datasets\Anomaly\242.png,defective,defective,0.9999,0.0001,0.9999,True,541,154,603,216
26,1.083,20,data\real\pharmaceutical_capsules\extracted\datasets\Normal\158.png,normal,normal,0.999763,0.999763,0.000237,True,961,306,1023,368
26,1.083,21,data\real\pharmaceutical_capsules\extracted\datasets\Anomaly\415.png,defective,defective,0.999412,0.000588,0.999412,True,306,482,368,544
26,1.083,22,data\real\pharmaceutical_capsules\extracted\datasets\Normal\427.png,normal,normal,0.99977,0.99977,0.00023,True,572,151,634,213
26,1.083,23,data\real\pharmaceutical_capsules\extracted\datasets\Normal\424.png,normal,normal,0.999628,0.999628,0.000372,True,1165,305,1227,367
26,1.083,24,data\real\pharmaceutical_capsules\extracted\datasets\Normal\443.png,normal,normal,0.99986,0.99986,0.00014,True,128,487,190,549
26,1.083,25,data\real\pharmaceutical_capsules\extracted\datasets\Anomaly\321.png,defective,defective,0.999956,4.4e-05,0.999956,True,171,157,233,219
26,1.083,26,data\real\pharmaceutical_capsules\extracted\datasets\Normal\403.png,normal,normal,0.999762,0.999762,0.000238,True,726,331,788,393
26,1.083,27,data\real\pharmaceutical_capsules\extracted\datasets\Anomaly\459.png,defective,defective,0.99997,3e-05,0.99997,True,265,501,327,563
26,1.083,28,data\real\pharmaceutical_capsules\extracted\datasets\Anomaly\137.png,defective,defective,0.999974,2.6e-05,0.999974,True,835,162,897,224
26,1.083,29,data\real\pharmaceutical_capsules\extracted\datasets\Anomaly\587.png,defective,defective,0.99997,3e-05,0.99997,True,83,310,145,372
26,1.083,30,data\real\pharmaceutical_capsules\extracted\datasets\Normal\440.png,normal,normal,0.99979,0.99979,0.00021,True,203,470,265,532
26,1.083,31,data\real\pharmaceutical_capsules\extracted\datasets\Anomaly\469.png,defective,defective,0.999943,5.7e-05,0.999943,True,282,147,344,209
26,1.083,32,data\real\pharmaceutical_capsules\extracted\datasets\Anomaly\094.png,defective,defective,0.999814,0.000186,0.999814,True,627,306,689,368
26,1.083,33,data\real\pharmaceutical_capsules\extracted\datasets\Anomaly\273.png,defective,defective,0.99996,4e-05,0.99996,True,849,496,911,558
26,1.083,34,data\real\pharmaceutical_capsules\extracted\datasets\Normal\033.png,normal,normal,0.999738,0.999738,0.000262,True,49,137,111,199
26,1.083,35,data\real\pharmaceutical_capsules\extracted\datasets\Anomaly\071.png,defective,defective,0.999933,6.7e-05,0.999933,True,233,336,295,398
26,1.083,36,data\real\pharmaceutical_capsules\extracted\datasets\Normal\386.png,normal,normal,0.999792,0.999792,0.000208,True,1070,488,1132,550
27,1.125,1,data\real\pharmaceutical_capsules\extracted\datasets\Anomaly\316.png,defective,defective,0.999963,3.7e-05,0.999963,True,909,138,971,200
27,1.125,2,data\real\pharmaceutical_capsules\extracted\datasets\Normal\068.png,normal,normal,0.999773,0.999773,0.000227,True,404,310,466,372
27,1.125,3,data\real\pharmaceutical_capsules\extracted\datasets\Normal\149.png,normal,normal,0.999805,0.999805,0.000195,True,957,501,1019,563
27,1.125,4,data\real\pharmaceutical_capsules\extracted\datasets\Anomaly\443.png,defective,defective,0.999923,7.7e-05,0.999923,True,631,138,693,200
27,1.125,5,data\real\pharmaceutical_capsules\extracted\datasets\Anomaly\221.png,defective,defective,0.999938,6.2e-05,0.999938,True,389,303,451,365
27,1.125,6,data\real\pharmaceutical_capsules\extracted\datasets\Normal\012.png,normal,normal,0.992716,0.992716,0.007284,True,1008,501,1070,563
27,1.125,7,data\real\pharmaceutical_capsules\extracted\datasets\Anomaly\124.png,defective,defective,0.999966,3.4e-05,0.999966,True,666,154,728,216
27,1.125,8,data\real\pharmaceutical_capsules\extracted\datasets\Anomaly\192.png,defective,defective,0.999946,5.4e-05,0.999946,True,99,312,161,374
27,1.125,9,data\real\pharmaceutical_capsules\extracted\datasets\Normal\492.png,normal,normal,0.999762,0.999762,0.000238,True,527,476,589,538
27,1.125,10,data\real\pharmaceutical_capsules\extracted\datasets\Anomaly\351.png,defective,normal,0.671338,0.671338,0.328662,False,1068,143,1130,205
27,1.125,11,data\real\pharmaceutical_capsules\extracted\datasets\Normal\305.png,normal,normal,0.999814,0.999814,0.000186,True,215,324,277,386
27,1.125,12,data\real\pharmaceutical_capsules\extracted\datasets\Normal\082.png,normal,normal,0.999814,0.999814,0.000186,True,1124,496,1186,558
27,1.125,13,data\real\pharmaceutical_capsules\extracted\datasets\Normal\481.png,normal,normal,0.999822,0.999822,0.000178,True,57,161,119,223
27,1.125,14,data\real\pharmaceutical_capsules\extracted\datasets\Anomaly\455.png,defective,defective,0.99982,0.00018,0.99982,True,466,325,528,387
27,1.125,15,data\real\pharmaceutical_capsules\extracted\datasets\Normal\446.png,normal,normal,0.999598,0.999598,0.000402,True,993,469,1055,531
27,1.125,16,data\real\pharmaceutical_capsules\extracted\datasets\Normal\067.png,normal,normal,0.999754,0.999754,0.000246,True,1081,142,1143,204
27,1.125,17,data\real\pharmaceutical_capsules\extracted\datasets\Normal\338.png,normal,normal,0.999837,0.999837,0.000163,True,1200,326,1262,388
27,1.125,18,data\real\pharmaceutical_capsules\extracted\datasets\Anomaly\140.png,defective,defective,0.99995,5e-05,0.99995,True,905,490,967,552
27,1.125,19,data\real\pharmaceutical_capsules\extracted\datasets\Anomaly\242.png,defective,defective,0.9999,0.0001,0.9999,True,546,154,608,216
27,1.125,20,data\real\pharmaceutical_capsules\extracted\datasets\Normal\158.png,normal,normal,0.999763,0.999763,0.000237,True,966,306,1028,368
27,1.125,21,data\real\pharmaceutical_capsules\extracted\datasets\Anomaly\415.png,defective,defective,0.999412,0.000588,0.999412,True,310,482,372,544
27,1.125,22,data\real\pharmaceutical_capsules\extracted\datasets\Normal\427.png,normal,normal,0.99977,0.99977,0.00023,True,577,151,639,213
27,1.125,23,data\real\pharmaceutical_capsules\extracted\datasets\Normal\424.png,normal,normal,0.999628,0.999628,0.000372,True,1170,305,1232,367
27,1.125,24,data\real\pharmaceutical_capsules\extracted\datasets\Normal\443.png,normal,normal,0.99986,0.99986,0.00014,True,132,487,194,549
27,1.125,25,data\real\pharmaceutical_capsules\extracted\datasets\Anomaly\321.png,defective,defective,0.999956,4.4e-05,0.999956,True,176,157,238,219
27,1.125,26,data\real\pharmaceutical_capsules\extracted\datasets\Normal\403.png,normal,normal,0.999762,0.999762,0.000238,True,730,331,792,393
27,1.125,27,data\real\pharmaceutical_capsules\extracted\datasets\Anomaly\459.png,defective,defective,0.99997,3e-05,0.99997,True,270,501,332,563
27,1.125,28,data\real\pharmaceutical_capsules\extracted\datasets\Anomaly\137.png,defective,defective,0.999974,2.6e-05,0.999974,True,839,162,901,224
27,1.125,29,data\real\pharmaceutical_capsules\extracted\datasets\Anomaly\587.png,defective,defective,0.99997,3e-05,0.99997,True,88,310,150,372
27,1.125,30,data\real\pharmaceutical_capsules\extracted\datasets\Normal\440.png,normal,normal,0.99979,0.99979,0.00021,True,207,470,269,532
27,1.125,31,data\real\pharmaceutical_capsules\extracted\datasets\Anomaly\469.png,defective,defective,0.999943,5.7e-05,0.999943,True,287,147,349,209
27,1.125,32,data\real\pharmaceutical_capsules\extracted\datasets\Anomaly\094.png,defective,defective,0.999814,0.000186,0.999814,True,631,306,693,368
27,1.125,33,data\real\pharmaceutical_capsules\extracted\datasets\Anomaly\273.png,defective,defective,0.99996,4e-05,0.99996,True,854,496,916,558
27,1.125,34,data\real\pharmaceutical_capsules\extracted\datasets\Normal\033.png,normal,normal,0.999738,0.999738,0.000262,True,54,137,116,199
27,1.125,35,data\real\pharmaceutical_capsules\extracted\datasets\Anomaly\071.png,defective,defective,0.999933,6.7e-05,0.999933,True,238,336,300,398
27,1.125,36,data\real\pharmaceutical_capsules\extracted\datasets\Normal\386.png,normal,normal,0.999792,0.999792,0.000208,True,1075,488,1137,550
28,1.167,1,data\real\pharmaceutical_capsules\extracted\datasets\Anomaly\316.png,defective,defective,0.999963,3.7e-05,0.999963,True,914,138,976,200
28,1.167,2,data\real\pharmaceutical_capsules\extracted\datasets\Normal\068.png,normal,normal,0.999773,0.999773,0.000227,True,409,310,471,372
28,1.167,3,data\real\pharmaceutical_capsules\extracted\datasets\Normal\149.png,normal,normal,0.999805,0.999805,0.000195,True,962,501,1024,563
28,1.167,4,data\real\pharmaceutical_capsules\extracted\datasets\Anomaly\443.png,defective,defective,0.999923,7.7e-05,0.999923,True,636,138,698,200
28,1.167,5,data\real\pharmaceutical_capsules\extracted\datasets\Anomaly\221.png,defective,defective,0.999938,6.2e-05,0.999938,True,393,303,455,365
28,1.167,6,data\real\pharmaceutical_capsules\extracted\datasets\Normal\012.png,normal,normal,0.992716,0.992716,0.007284,True,1012,501,1074,563
28,1.167,7,data\real\pharmaceutical_capsules\extracted\datasets\Anomaly\124.png,defective,defective,0.999966,3.4e-05,0.999966,True,670,154,732,216
28,1.167,8,data\real\pharmaceutical_capsules\extracted\datasets\Anomaly\192.png,defective,defective,0.999946,5.4e-05,0.999946,True,104,312,166,374
28,1.167,9,data\real\pharmaceutical_capsules\extracted\datasets\Normal\492.png,normal,normal,0.999762,0.999762,0.000238,True,531,476,593,538
28,1.167,10,data\real\pharmaceutical_capsules\extracted\datasets\Anomaly\351.png,defective,normal,0.671338,0.671338,0.328662,False,1073,143,1135,205
28,1.167,11,data\real\pharmaceutical_capsules\extracted\datasets\Normal\305.png,normal,normal,0.999814,0.999814,0.000186,True,219,324,281,386
28,1.167,12,data\real\pharmaceutical_capsules\extracted\datasets\Normal\082.png,normal,normal,0.999814,0.999814,0.000186,True,1129,496,1191,558
28,1.167,13,data\real\pharmaceutical_capsules\extracted\datasets\Normal\481.png,normal,normal,0.999822,0.999822,0.000178,True,61,161,123,223
28,1.167,14,data\real\pharmaceutical_capsules\extracted\datasets\Anomaly\455.png,defective,defective,0.99982,0.00018,0.99982,True,471,325,533,387
28,1.167,15,data\real\pharmaceutical_capsules\extracted\datasets\Normal\446.png,normal,normal,0.999598,0.999598,0.000402,True,997,469,1059,531
28,1.167,16,data\real\pharmaceutical_capsules\extracted\datasets\Normal\067.png,normal,normal,0.999754,0.999754,0.000246,True,1085,142,1147,204
28,1.167,17,data\real\pharmaceutical_capsules\extracted\datasets\Normal\338.png,normal,normal,0.999837,0.999837,0.000163,True,1205,326,1267,388
28,1.167,18,data\real\pharmaceutical_capsules\extracted\datasets\Anomaly\140.png,defective,defective,0.99995,5e-05,0.99995,True,909,490,971,552
28,1.167,19,data\real\pharmaceutical_capsules\extracted\datasets\Anomaly\242.png,defective,defective,0.9999,0.0001,0.9999,True,550,154,612,216
28,1.167,20,data\real\pharmaceutical_capsules\extracted\datasets\Normal\158.png,normal,normal,0.999763,0.999763,0.000237,True,970,306,1032,368
28,1.167,21,data\real\pharmaceutical_capsules\extracted\datasets\Anomaly\415.png,defective,defective,0.999412,0.000588,0.999412,True,315,482,377,544
28,1.167,22,data\real\pharmaceutical_capsules\extracted\datasets\Normal\427.png,normal,normal,0.99977,0.99977,0.00023,True,581,151,643,213
28,1.167,23,data\real\pharmaceutical_capsules\extracted\datasets\Normal\424.png,normal,normal,0.999628,0.999628,0.000372,True,1174,305,1236,367
28,1.167,24,data\real\pharmaceutical_capsules\extracted\datasets\Normal\443.png,normal,normal,0.99986,0.99986,0.00014,True,137,487,199,549
28,1.167,25,data\real\pharmaceutical_capsules\extracted\datasets\Anomaly\321.png,defective,defective,0.999956,4.4e-05,0.999956,True,180,157,242,219
28,1.167,26,data\real\pharmaceutical_capsules\extracted\datasets\Normal\403.png,normal,normal,0.999762,0.999762,0.000238,True,735,331,797,393
28,1.167,27,data\real\pharmaceutical_capsules\extracted\datasets\Anomaly\459.png,defective,defective,0.99997,3e-05,0.99997,True,274,501,336,563
28,1.167,28,data\real\pharmaceutical_capsules\extracted\datasets\Anomaly\137.png,defective,defective,0.999974,2.6e-05,0.999974,True,844,162,906,224
28,1.167,29,data\real\pharmaceutical_capsules\extracted\datasets\Anomaly\587.png,defective,defective,0.99997,3e-05,0.99997,True,92,310,154,372
28,1.167,30,data\real\pharmaceutical_capsules\extracted\datasets\Normal\440.png,normal,normal,0.99979,0.99979,0.00021,True,212,470,274,532
28,1.167,31,data\real\pharmaceutical_capsules\extracted\datasets\Anomaly\469.png,defective,defective,0.999943,5.7e-05,0.999943,True,291,147,353,209
28,1.167,32,data\real\pharmaceutical_capsules\extracted\datasets\Anomaly\094.png,defective,defective,0.999814,0.000186,0.999814,True,636,306,698,368
28,1.167,33,data\real\pharmaceutical_capsules\extracted\datasets\Anomaly\273.png,defective,defective,0.99996,4e-05,0.99996,True,858,496,920,558
28,1.167,34,data\real\pharmaceutical_capsules\extracted\datasets\Normal\033.png,normal,normal,0.999738,0.999738,0.000262,True,58,137,120,199
28,1.167,35,data\real\pharmaceutical_capsules\extracted\datasets\Anomaly\071.png,defective,defective,0.999933,6.7e-05,0.999933,True,242,336,304,398
28,1.167,36,data\real\pharmaceutical_capsules\extracted\datasets\Normal\386.png,normal,normal,0.999792,0.999792,0.000208,True,1079,488,1141,550
29,1.208,1,data\real\pharmaceutical_capsules\extracted\datasets\Anomaly\316.png,defective,defective,0.999963,3.7e-05,0.999963,True,918,138,980,200
29,1.208,2,data\real\pharmaceutical_capsules\extracted\datasets\Normal\068.png,normal,normal,0.999773,0.999773,0.000227,True,413,310,475,372
29,1.208,3,data\real\pharmaceutical_capsules\extracted\datasets\Normal\149.png,normal,normal,0.999805,0.999805,0.000195,True,966,501,1028,563
29,1.208,4,data\real\pharmaceutical_capsules\extracted\datasets\Anomaly\443.png,defective,defective,0.999923,7.7e-05,0.999923,True,640,138,702,200
29,1.208,5,data\real\pharmaceutical_capsules\extracted\datasets\Anomaly\221.png,defective,defective,0.999938,6.2e-05,0.999938,True,398,303,460,365
29,1.208,6,data\real\pharmaceutical_capsules\extracted\datasets\Normal\012.png,normal,normal,0.992716,0.992716,0.007284,True,1017,501,1079,563
29,1.208,7,data\real\pharmaceutical_capsules\extracted\datasets\Anomaly\124.png,defective,defective,0.999966,3.4e-05,0.999966,True,675,154,737,216
29,1.208,8,data\real\pharmaceutical_capsules\extracted\datasets\Anomaly\192.png,defective,defective,0.999946,5.4e-05,0.999946,True,108,312,170,374
29,1.208,9,data\real\pharmaceutical_capsules\extracted\datasets\Normal\492.png,normal,normal,0.999762,0.999762,0.000238,True,536,476,598,538
29,1.208,10,data\real\pharmaceutical_capsules\extracted\datasets\Anomaly\351.png,defective,normal,0.671338,0.671338,0.328662,False,1077,143,1139,205
29,1.208,11,data\real\pharmaceutical_capsules\extracted\datasets\Normal\305.png,normal,normal,0.999814,0.999814,0.000186,True,224,324,286,386
29,1.208,12,data\real\pharmaceutical_capsules\extracted\datasets\Normal\082.png,normal,normal,0.999814,0.999814,0.000186,True,1133,496,1195,558
29,1.208,13,data\real\pharmaceutical_capsules\extracted\datasets\Normal\481.png,normal,normal,0.999822,0.999822,0.000178,True,66,161,128,223
29,1.208,14,data\real\pharmaceutical_capsules\extracted\datasets\Anomaly\455.png,defective,defective,0.99982,0.00018,0.99982,True,475,325,537,387
29,1.208,15,data\real\pharmaceutical_capsules\extracted\datasets\Normal\446.png,normal,normal,0.999598,0.999598,0.000402,True,1002,469,1064,531
29,1.208,16,data\real\pharmaceutical_capsules\extracted\datasets\Normal\067.png,normal,normal,0.999754,0.999754,0.000246,True,1090,142,1152,204
29,1.208,17,data\real\pharmaceutical_capsules\extracted\datasets\Normal\338.png,normal,normal,0.999837,0.999837,0.000163,True,1209,326,1271,388
29,1.208,18,data\real\pharmaceutical_capsules\extracted\datasets\Anomaly\140.png,defective,defective,0.99995,5e-05,0.99995,True,914,490,976,552
29,1.208,19,data\real\pharmaceutical_capsules\extracted\datasets\Anomaly\242.png,defective,defective,0.9999,0.0001,0.9999,True,555,154,617,216
29,1.208,20,data\real\pharmaceutical_capsules\extracted\datasets\Normal\158.png,normal,normal,0.999763,0.999763,0.000237,True,975,306,1037,368
29,1.208,21,data\real\pharmaceutical_capsules\extracted\datasets\Anomaly\415.png,defective,defective,0.999412,0.000588,0.999412,True,319,482,381,544
29,1.208,22,data\real\pharmaceutical_capsules\extracted\datasets\Normal\427.png,normal,normal,0.99977,0.99977,0.00023,True,586,151,648,213
29,1.208,23,data\real\pharmaceutical_capsules\extracted\datasets\Normal\424.png,normal,normal,0.999628,0.999628,0.000372,True,1179,305,1241,367
29,1.208,24,data\real\pharmaceutical_capsules\extracted\datasets\Normal\443.png,normal,normal,0.99986,0.99986,0.00014,True,141,487,203,549
29,1.208,25,data\real\pharmaceutical_capsules\extracted\datasets\Anomaly\321.png,defective,defective,0.999956,4.4e-05,0.999956,True,185,157,247,219
29,1.208,26,data\real\pharmaceutical_capsules\extracted\datasets\Normal\403.png,normal,normal,0.999762,0.999762,0.000238,True,739,331,801,393
29,1.208,27,data\real\pharmaceutical_capsules\extracted\datasets\Anomaly\459.png,defective,defective,0.99997,3e-05,0.99997,True,279,501,341,563
29,1.208,28,data\real\pharmaceutical_capsules\extracted\datasets\Anomaly\137.png,defective,defective,0.999974,2.6e-05,0.999974,True,848,162,910,224
29,1.208,29,data\real\pharmaceutical_capsules\extracted\datasets\Anomaly\587.png,defective,defective,0.99997,3e-05,0.99997,True,97,310,159,372
29,1.208,30,data\real\pharmaceutical_capsules\extracted\datasets\Normal\440.png,normal,normal,0.99979,0.99979,0.00021,True,216,470,278,532
29,1.208,31,data\real\pharmaceutical_capsules\extracted\datasets\Anomaly\469.png,defective,defective,0.999943,5.7e-05,0.999943,True,296,147,358,209
29,1.208,32,data\real\pharmaceutical_capsules\extracted\datasets\Anomaly\094.png,defective,defective,0.999814,0.000186,0.999814,True,640,306,702,368
29,1.208,33,data\real\pharmaceutical_capsules\extracted\datasets\Anomaly\273.png,defective,defective,0.99996,4e-05,0.99996,True,863,496,925,558
29,1.208,34,data\real\pharmaceutical_capsules\extracted\datasets\Normal\033.png,normal,normal,0.999738,0.999738,0.000262,True,63,137,125,199
29,1.208,35,data\real\pharmaceutical_capsules\extracted\datasets\Anomaly\071.png,defective,defective,0.999933,6.7e-05,0.999933,True,247,336,309,398
29,1.208,36,data\real\pharmaceutical_capsules\extracted\datasets\Normal\386.png,normal,normal,0.999792,0.999792,0.000208,True,1084,488,1146,550
30,1.25,1,data\real\pharmaceutical_capsules\extracted\datasets\Anomaly\316.png,defective,defective,0.999963,3.7e-05,0.999963,True,923,138,985,200
30,1.25,2,data\real\pharmaceutical_capsules\extracted\datasets\Normal\068.png,normal,normal,0.999773,0.999773,0.000227,True,418,310,480,372
30,1.25,3,data\real\pharmaceutical_capsules\extracted\datasets\Normal\149.png,normal,normal,0.999805,0.999805,0.000195,True,971,501,1033,563
30,1.25,4,data\real\pharmaceutical_capsules\extracted\datasets\Anomaly\443.png,defective,defective,0.999923,7.7e-05,0.999923,True,645,138,707,200
30,1.25,5,data\real\pharmaceutical_capsules\extracted\datasets\Anomaly\221.png,defective,defective,0.999938,6.2e-05,0.999938,True,402,303,464,365
30,1.25,6,data\real\pharmaceutical_capsules\extracted\datasets\Normal\012.png,normal,normal,0.992716,0.992716,0.007284,True,1021,501,1083,563
30,1.25,7,data\real\pharmaceutical_capsules\extracted\datasets\Anomaly\124.png,defective,defective,0.999966,3.4e-05,0.999966,True,679,154,741,216
30,1.25,8,data\real\pharmaceutical_capsules\extracted\datasets\Anomaly\192.png,defective,defective,0.999946,5.4e-05,0.999946,True,113,312,175,374
30,1.25,9,data\real\pharmaceutical_capsules\extracted\datasets\Normal\492.png,normal,normal,0.999762,0.999762,0.000238,True,540,476,602,538
30,1.25,10,data\real\pharmaceutical_capsules\extracted\datasets\Anomaly\351.png,defective,normal,0.671338,0.671338,0.328662,False,1082,143,1144,205
30,1.25,11,data\real\pharmaceutical_capsules\extracted\datasets\Normal\305.png,normal,normal,0.999814,0.999814,0.000186,True,228,324,290,386
30,1.25,12,data\real\pharmaceutical_capsules\extracted\datasets\Normal\082.png,normal,normal,0.999814,0.999814,0.000186,True,1138,496,1200,558
30,1.25,13,data\real\pharmaceutical_capsules\extracted\datasets\Normal\481.png,normal,normal,0.999822,0.999822,0.000178,True,70,161,132,223
30,1.25,14,data\real\pharmaceutical_capsules\extracted\datasets\Anomaly\455.png,defective,defective,0.99982,0.00018,0.99982,True,480,325,542,387
30,1.25,15,data\real\pharmaceutical_capsules\extracted\datasets\Normal\446.png,normal,normal,0.999598,0.999598,0.000402,True,1006,469,1068,531
30,1.25,16,data\real\pharmaceutical_capsules\extracted\datasets\Normal\067.png,normal,normal,0.999754,0.999754,0.000246,True,1094,142,1156,204
30,1.25,17,data\real\pharmaceutical_capsules\extracted\datasets\Normal\338.png,normal,normal,0.999837,0.999837,0.000163,True,1214,326,1276,388
30,1.25,18,data\real\pharmaceutical_capsules\extracted\datasets\Anomaly\140.png,defective,defective,0.99995,5e-05,0.99995,True,918,490,980,552
30,1.25,19,data\real\pharmaceutical_capsules\extracted\datasets\Anomaly\242.png,defective,defective,0.9999,0.0001,0.9999,True,559,154,621,216
30,1.25,20,data\real\pharmaceutical_capsules\extracted\datasets\Normal\158.png,normal,normal,0.999763,0.999763,0.000237,True,979,306,1041,368
30,1.25,21,data\real\pharmaceutical_capsules\extracted\datasets\Anomaly\415.png,defective,defective,0.999412,0.000588,0.999412,True,324,482,386,544
30,1.25,22,data\real\pharmaceutical_capsules\extracted\datasets\Normal\427.png,normal,normal,0.99977,0.99977,0.00023,True,590,151,652,213
30,1.25,23,data\real\pharmaceutical_capsules\extracted\datasets\Normal\424.png,normal,normal,0.999628,0.999628,0.000372,True,1183,305,1245,367
30,1.25,24,data\real\pharmaceutical_capsules\extracted\datasets\Normal\443.png,normal,normal,0.99986,0.99986,0.00014,True,146,487,208,549
30,1.25,25,data\real\pharmaceutical_capsules\extracted\datasets\Anomaly\321.png,defective,defective,0.999956,4.4e-05,0.999956,True,189,157,251,219
30,1.25,26,data\real\pharmaceutical_capsules\extracted\datasets\Normal\403.png,normal,normal,0.999762,0.999762,0.000238,True,744,331,806,393
30,1.25,27,data\real\pharmaceutical_capsules\extracted\datasets\Anomaly\459.png,defective,defective,0.99997,3e-05,0.99997,True,283,501,345,563
30,1.25,28,data\real\pharmaceutical_capsules\extracted\datasets\Anomaly\137.png,defective,defective,0.999974,2.6e-05,0.999974,True,853,162,915,224
30,1.25,29,data\real\pharmaceutical_capsules\extracted\datasets\Anomaly\587.png,defective,defective,0.99997,3e-05,0.99997,True,101,310,163,372
30,1.25,30,data\real\pharmaceutical_capsules\extracted\datasets\Normal\440.png,normal,normal,0.99979,0.99979,0.00021,True,221,470,283,532
30,1.25,31,data\real\pharmaceutical_capsules\extracted\datasets\Anomaly\469.png,defective,defective,0.999943,5.7e-05,0.999943,True,300,147,362,209
30,1.25,32,data\real\pharmaceutical_capsules\extracted\datasets\Anomaly\094.png,defective,defective,0.999814,0.000186,0.999814,True,645,306,707,368
30,1.25,33,data\real\pharmaceutical_capsules\extracted\datasets\Anomaly\273.png,defective,defective,0.99996,4e-05,0.99996,True,867,496,929,558
30,1.25,34,data\real\pharmaceutical_capsules\extracted\datasets\Normal\033.png,normal,normal,0.999738,0.999738,0.000262,True,67,137,129,199
30,1.25,35,data\real\pharmaceutical_capsules\extracted\datasets\Anomaly\071.png,defective,defective,0.999933,6.7e-05,0.999933,True,251,336,313,398
30,1.25,36,data\real\pharmaceutical_capsules\extracted\datasets\Normal\386.png,normal,normal,0.999792,0.999792,0.000208,True,1088,488,1150,550
31,1.292,1,data\real\pharmaceutical_capsules\extracted\datasets\Anomaly\316.png,defective,defective,0.999963,3.7e-05,0.999963,True,927,138,989,200
31,1.292,2,data\real\pharmaceutical_capsules\extracted\datasets\Normal\068.png,normal,normal,0.999773,0.999773,0.000227,True,422,310,484,372
31,1.292,3,data\real\pharmaceutical_capsules\extracted\datasets\Normal\149.png,normal,normal,0.999805,0.999805,0.000195,True,975,501,1037,563
31,1.292,4,data\real\pharmaceutical_capsules\extracted\datasets\Anomaly\443.png,defective,defective,0.999923,7.7e-05,0.999923,True,649,138,711,200
31,1.292,5,data\real\pharmaceutical_capsules\extracted\datasets\Anomaly\221.png,defective,defective,0.999938,6.2e-05,0.999938,True,407,303,469,365
31,1.292,6,data\real\pharmaceutical_capsules\extracted\datasets\Normal\012.png,normal,normal,0.992716,0.992716,0.007284,True,1026,501,1088,563
31,1.292,7,data\real\pharmaceutical_capsules\extracted\datasets\Anomaly\124.png,defective,defective,0.999966,3.4e-05,0.999966,True,684,154,746,216
31,1.292,8,data\real\pharmaceutical_capsules\extracted\datasets\Anomaly\192.png,defective,defective,0.999946,5.4e-05,0.999946,True,117,312,179,374
31,1.292,9,data\real\pharmaceutical_capsules\extracted\datasets\Normal\492.png,normal,normal,0.999762,0.999762,0.000238,True,545,476,607,538
31,1.292,10,data\real\pharmaceutical_capsules\extracted\datasets\Anomaly\351.png,defective,normal,0.671338,0.671338,0.328662,False,1086,143,1148,205
31,1.292,11,data\real\pharmaceutical_capsules\extracted\datasets\Normal\305.png,normal,normal,0.999814,0.999814,0.000186,True,233,324,295,386
31,1.292,12,data\real\pharmaceutical_capsules\extracted\datasets\Normal\082.png,normal,normal,0.999814,0.999814,0.000186,True,1142,496,1204,558
31,1.292,13,data\real\pharmaceutical_capsules\extracted\datasets\Normal\481.png,normal,normal,0.999822,0.999822,0.000178,True,75,161,137,223
31,1.292,14,data\real\pharmaceutical_capsules\extracted\datasets\Anomaly\455.png,defective,defective,0.99982,0.00018,0.99982,True,484,325,546,387
31,1.292,15,data\real\pharmaceutical_capsules\extracted\datasets\Normal\446.png,normal,normal,0.999598,0.999598,0.000402,True,1011,469,1073,531
31,1.292,16,data\real\pharmaceutical_capsules\extracted\datasets\Normal\067.png,normal,normal,0.999754,0.999754,0.000246,True,1099,142,1161,204
31,1.292,17,data\real\pharmaceutical_capsules\extracted\datasets\Normal\338.png,normal,normal,0.999837,0.999837,0.000163,True,1218,326,1279,388
31,1.292,18,data\real\pharmaceutical_capsules\extracted\datasets\Anomaly\140.png,defective,defective,0.99995,5e-05,0.99995,True,923,490,985,552
31,1.292,19,data\real\pharmaceutical_capsules\extracted\datasets\Anomaly\242.png,defective,defective,0.9999,0.0001,0.9999,True,564,154,626,216
31,1.292,20,data\real\pharmaceutical_capsules\extracted\datasets\Normal\158.png,normal,normal,0.999763,0.999763,0.000237,True,984,306,1046,368
31,1.292,21,data\real\pharmaceutical_capsules\extracted\datasets\Anomaly\415.png,defective,defective,0.999412,0.000588,0.999412,True,328,482,390,544
31,1.292,22,data\real\pharmaceutical_capsules\extracted\datasets\Normal\427.png,normal,normal,0.99977,0.99977,0.00023,True,595,151,657,213
31,1.292,23,data\real\pharmaceutical_capsules\extracted\datasets\Normal\424.png,normal,normal,0.999628,0.999628,0.000372,True,1188,305,1250,367
31,1.292,24,data\real\pharmaceutical_capsules\extracted\datasets\Normal\443.png,normal,normal,0.99986,0.99986,0.00014,True,150,487,212,549
31,1.292,25,data\real\pharmaceutical_capsules\extracted\datasets\Anomaly\321.png,defective,defective,0.999956,4.4e-05,0.999956,True,194,157,256,219
31,1.292,26,data\real\pharmaceutical_capsules\extracted\datasets\Normal\403.png,normal,normal,0.999762,0.999762,0.000238,True,748,331,810,393
31,1.292,27,data\real\pharmaceutical_capsules\extracted\datasets\Anomaly\459.png,defective,defective,0.99997,3e-05,0.99997,True,288,501,350,563
31,1.292,28,data\real\pharmaceutical_capsules\extracted\datasets\Anomaly\137.png,defective,defective,0.999974,2.6e-05,0.999974,True,857,162,919,224
31,1.292,29,data\real\pharmaceutical_capsules\extracted\datasets\Anomaly\587.png,defective,defective,0.99997,3e-05,0.99997,True,106,310,168,372
31,1.292,30,data\real\pharmaceutical_capsules\extracted\datasets\Normal\440.png,normal,normal,0.99979,0.99979,0.00021,True,225,470,287,532
31,1.292,31,data\real\pharmaceutical_capsules\extracted\datasets\Anomaly\469.png,defective,defective,0.999943,5.7e-05,0.999943,True,305,147,367,209
31,1.292,32,data\real\pharmaceutical_capsules\extracted\datasets\Anomaly\094.png,defective,defective,0.999814,0.000186,0.999814,True,649,306,711,368
31,1.292,33,data\real\pharmaceutical_capsules\extracted\datasets\Anomaly\273.png,defective,defective,0.99996,4e-05,0.99996,True,872,496,934,558
31,1.292,34,data\real\pharmaceutical_capsules\extracted\datasets\Normal\033.png,normal,normal,0.999738,0.999738,0.000262,True,72,137,134,199
31,1.292,35,data\real\pharmaceutical_capsules\extracted\datasets\Anomaly\071.png,defective,defective,0.999933,6.7e-05,0.999933,True,256,336,318,398
31,1.292,36,data\real\pharmaceutical_capsules\extracted\datasets\Normal\386.png,normal,normal,0.999792,0.999792,0.000208,True,1093,488,1155,550
32,1.333,1,data\real\pharmaceutical_capsules\extracted\datasets\Anomaly\316.png,defective,defective,0.999963,3.7e-05,0.999963,True,932,138,994,200
32,1.333,2,data\real\pharmaceutical_capsules\extracted\datasets\Normal\068.png,normal,normal,0.999773,0.999773,0.000227,True,427,310,489,372
32,1.333,3,data\real\pharmaceutical_capsules\extracted\datasets\Normal\149.png,normal,normal,0.999805,0.999805,0.000195,True,980,501,1042,563
32,1.333,4,data\real\pharmaceutical_capsules\extracted\datasets\Anomaly\443.png,defective,defective,0.999923,7.7e-05,0.999923,True,654,138,716,200
32,1.333,5,data\real\pharmaceutical_capsules\extracted\datasets\Anomaly\221.png,defective,defective,0.999938,6.2e-05,0.999938,True,411,303,473,365
32,1.333,6,data\real\pharmaceutical_capsules\extracted\datasets\Normal\012.png,normal,normal,0.992716,0.992716,0.007284,True,1030,501,1092,563
32,1.333,7,data\real\pharmaceutical_capsules\extracted\datasets\Anomaly\124.png,defective,defective,0.999966,3.4e-05,0.999966,True,688,154,750,216
32,1.333,8,data\real\pharmaceutical_capsules\extracted\datasets\Anomaly\192.png,defective,defective,0.999946,5.4e-05,0.999946,True,122,312,184,374
32,1.333,9,data\real\pharmaceutical_capsules\extracted\datasets\Normal\492.png,normal,normal,0.999762,0.999762,0.000238,True,549,476,611,538
32,1.333,10,data\real\pharmaceutical_capsules\extracted\datasets\Anomaly\351.png,defective,normal,0.671338,0.671338,0.328662,False,1091,143,1153,205
32,1.333,11,data\real\pharmaceutical_capsules\extracted\datasets\Normal\305.png,normal,normal,0.999814,0.999814,0.000186,True,237,324,299,386
32,1.333,12,data\real\pharmaceutical_capsules\extracted\datasets\Normal\082.png,normal,normal,0.999814,0.999814,0.000186,True,1147,496,1209,558
32,1.333,13,data\real\pharmaceutical_capsules\extracted\datasets\Normal\481.png,normal,normal,0.999822,0.999822,0.000178,True,79,161,141,223
32,1.333,14,data\real\pharmaceutical_capsules\extracted\datasets\Anomaly\455.png,defective,defective,0.99982,0.00018,0.99982,True,489,325,551,387
32,1.333,15,data\real\pharmaceutical_capsules\extracted\datasets\Normal\446.png,normal,normal,0.999598,0.999598,0.000402,True,1015,469,1077,531
32,1.333,16,data\real\pharmaceutical_capsules\extracted\datasets\Normal\067.png,normal,normal,0.999754,0.999754,0.000246,True,1103,142,1165,204
32,1.333,17,data\real\pharmaceutical_capsules\extracted\datasets\Normal\338.png,normal,normal,0.999837,0.999837,0.000163,True,1223,326,1279,388
32,1.333,18,data\real\pharmaceutical_capsules\extracted\datasets\Anomaly\140.png,defective,defective,0.99995,5e-05,0.99995,True,927,490,989,552
32,1.333,19,data\real\pharmaceutical_capsules\extracted\datasets\Anomaly\242.png,defective,defective,0.9999,0.0001,0.9999,True,568,154,630,216
32,1.333,20,data\real\pharmaceutical_capsules\extracted\datasets\Normal\158.png,normal,normal,0.999763,0.999763,0.000237,True,988,306,1050,368
32,1.333,21,data\real\pharmaceutical_capsules\extracted\datasets\Anomaly\415.png,defective,defective,0.999412,0.000588,0.999412,True,333,482,395,544
32,1.333,22,data\real\pharmaceutical_capsules\extracted\datasets\Normal\427.png,normal,normal,0.99977,0.99977,0.00023,True,599,151,661,213
32,1.333,23,data\real\pharmaceutical_capsules\extracted\datasets\Normal\424.png,normal,normal,0.999628,0.999628,0.000372,True,1192,305,1254,367
32,1.333,24,data\real\pharmaceutical_capsules\extracted\datasets\Normal\443.png,normal,normal,0.99986,0.99986,0.00014,True,155,487,217,549
32,1.333,25,data\real\pharmaceutical_capsules\extracted\datasets\Anomaly\321.png,defective,defective,0.999956,4.4e-05,0.999956,True,198,157,260,219
32,1.333,26,data\real\pharmaceutical_capsules\extracted\datasets\Normal\403.png,normal,normal,0.999762,0.999762,0.000238,True,753,331,815,393
32,1.333,27,data\real\pharmaceutical_capsules\extracted\datasets\Anomaly\459.png,defective,defective,0.99997,3e-05,0.99997,True,292,501,354,563
32,1.333,28,data\real\pharmaceutical_capsules\extracted\datasets\Anomaly\137.png,defective,defective,0.999974,2.6e-05,0.999974,True,862,162,924,224
32,1.333,29,data\real\pharmaceutical_capsules\extracted\datasets\Anomaly\587.png,defective,defective,0.99997,3e-05,0.99997,True,110,310,172,372
32,1.333,30,data\real\pharmaceutical_capsules\extracted\datasets\Normal\440.png,normal,normal,0.99979,0.99979,0.00021,True,230,470,292,532
32,1.333,31,data\real\pharmaceutical_capsules\extracted\datasets\Anomaly\469.png,defective,defective,0.999943,5.7e-05,0.999943,True,309,147,371,209
32,1.333,32,data\real\pharmaceutical_capsules\extracted\datasets\Anomaly\094.png,defective,defective,0.999814,0.000186,0.999814,True,654,306,716,368
32,1.333,33,data\real\pharmaceutical_capsules\extracted\datasets\Anomaly\273.png,defective,defective,0.99996,4e-05,0.99996,True,876,496,938,558
32,1.333,34,data\real\pharmaceutical_capsules\extracted\datasets\Normal\033.png,normal,normal,0.999738,0.999738,0.000262,True,76,137,138,199
32,1.333,35,data\real\pharmaceutical_capsules\extracted\datasets\Anomaly\071.png,defective,defective,0.999933,6.7e-05,0.999933,True,260,336,322,398
32,1.333,36,data\real\pharmaceutical_capsules\extracted\datasets\Normal\386.png,normal,normal,0.999792,0.999792,0.000208,True,1097,488,1159,550
33,1.375,1,data\real\pharmaceutical_capsules\extracted\datasets\Anomaly\316.png,defective,defective,0.999963,3.7e-05,0.999963,True,936,138,998,200
33,1.375,2,data\real\pharmaceutical_capsules\extracted\datasets\Normal\068.png,normal,normal,0.999773,0.999773,0.000227,True,431,310,493,372
33,1.375,3,data\real\pharmaceutical_capsules\extracted\datasets\Normal\149.png,normal,normal,0.999805,0.999805,0.000195,True,984,501,1046,563
33,1.375,4,data\real\pharmaceutical_capsules\extracted\datasets\Anomaly\443.png,defective,defective,0.999923,7.7e-05,0.999923,True,658,138,720,200
33,1.375,5,data\real\pharmaceutical_capsules\extracted\datasets\Anomaly\221.png,defective,defective,0.999938,6.2e-05,0.999938,True,416,303,478,365
33,1.375,6,data\real\pharmaceutical_capsules\extracted\datasets\Normal\012.png,normal,normal,0.992716,0.992716,0.007284,True,1035,501,1097,563
33,1.375,7,data\real\pharmaceutical_capsules\extracted\datasets\Anomaly\124.png,defective,defective,0.999966,3.4e-05,0.999966,True,693,154,755,216
33,1.375,8,data\real\pharmaceutical_capsules\extracted\datasets\Anomaly\192.png,defective,defective,0.999946,5.4e-05,0.999946,True,126,312,188,374
33,1.375,9,data\real\pharmaceutical_capsules\extracted\datasets\Normal\492.png,normal,normal,0.999762,0.999762,0.000238,True,554,476,616,538
33,1.375,10,data\real\pharmaceutical_capsules\extracted\datasets\Anomaly\351.png,defective,normal,0.671338,0.671338,0.328662,False,1095,143,1157,205
33,1.375,11,data\real\pharmaceutical_capsules\extracted\datasets\Normal\305.png,normal,normal,0.999814,0.999814,0.000186,True,242,324,304,386
33,1.375,12,data\real\pharmaceutical_capsules\extracted\datasets\Normal\082.png,normal,normal,0.999814,0.999814,0.000186,True,1151,496,1213,558
33,1.375,13,data\real\pharmaceutical_capsules\extracted\datasets\Normal\481.png,normal,normal,0.999822,0.999822,0.000178,True,84,161,146,223
33,1.375,14,data\real\pharmaceutical_capsules\extracted\datasets\Anomaly\455.png,defective,defective,0.99982,0.00018,0.99982,True,493,325,555,387
33,1.375,15,data\real\pharmaceutical_capsules\extracted\datasets\Normal\446.png,normal,normal,0.999598,0.999598,0.000402,True,1020,469,1082,531
33,1.375,16,data\real\pharmaceutical_capsules\extracted\datasets\Normal\067.png,normal,normal,0.999754,0.999754,0.000246,True,1108,142,1170,204
33,1.375,17,data\real\pharmaceutical_capsules\extracted\datasets\Normal\338.png,normal,normal,0.999837,0.999837,0.000163,True,1227,326,1279,388
33,1.375,18,data\real\pharmaceutical_capsules\extracted\datasets\Anomaly\140.png,defective,defective,0.99995,5e-05,0.99995,True,932,490,994,552
33,1.375,19,data\real\pharmaceutical_capsules\extracted\datasets\Anomaly\242.png,defective,defective,0.9999,0.0001,0.9999,True,573,154,635,216
33,1.375,20,data\real\pharmaceutical_capsules\extracted\datasets\Normal\158.png,normal,normal,0.999763,0.999763,0.000237,True,993,306,1055,368
33,1.375,21,data\real\pharmaceutical_capsules\extracted\datasets\Anomaly\415.png,defective,defective,0.999412,0.000588,0.999412,True,337,482,399,544
33,1.375,22,data\real\pharmaceutical_capsules\extracted\datasets\Normal\427.png,normal,normal,0.99977,0.99977,0.00023,True,604,151,666,213
33,1.375,23,data\real\pharmaceutical_capsules\extracted\datasets\Normal\424.png,normal,normal,0.999628,0.999628,0.000372,True,1197,305,1259,367
33,1.375,24,data\real\pharmaceutical_capsules\extracted\datasets\Normal\443.png,normal,normal,0.99986,0.99986,0.00014,True,159,487,221,549
33,1.375,25,data\real\pharmaceutical_capsules\extracted\datasets\Anomaly\321.png,defective,defective,0.999956,4.4e-05,0.999956,True,203,157,265,219
33,1.375,26,data\real\pharmaceutical_capsules\extracted\datasets\Normal\403.png,normal,normal,0.999762,0.999762,0.000238,True,757,331,819,393
33,1.375,27,data\real\pharmaceutical_capsules\extracted\datasets\Anomaly\459.png,defective,defective,0.99997,3e-05,0.99997,True,297,501,359,563
33,1.375,28,data\real\pharmaceutical_capsules\extracted\datasets\Anomaly\137.png,defective,defective,0.999974,2.6e-05,0.999974,True,866,162,928,224
33,1.375,29,data\real\pharmaceutical_capsules\extracted\datasets\Anomaly\587.png,defective,defective,0.99997,3e-05,0.99997,True,115,310,177,372
33,1.375,30,data\real\pharmaceutical_capsules\extracted\datasets\Normal\440.png,normal,normal,0.99979,0.99979,0.00021,True,234,470,296,532
33,1.375,31,data\real\pharmaceutical_capsules\extracted\datasets\Anomaly\469.png,defective,defective,0.999943,5.7e-05,0.999943,True,314,147,376,209
33,1.375,32,data\real\pharmaceutical_capsules\extracted\datasets\Anomaly\094.png,defective,defective,0.999814,0.000186,0.999814,True,658,306,720,368
33,1.375,33,data\real\pharmaceutical_capsules\extracted\datasets\Anomaly\273.png,defective,defective,0.99996,4e-05,0.99996,True,881,496,943,558
33,1.375,34,data\real\pharmaceutical_capsules\extracted\datasets\Normal\033.png,normal,normal,0.999738,0.999738,0.000262,True,81,137,143,199
33,1.375,35,data\real\pharmaceutical_capsules\extracted\datasets\Anomaly\071.png,defective,defective,0.999933,6.7e-05,0.999933,True,265,336,327,398
33,1.375,36,data\real\pharmaceutical_capsules\extracted\datasets\Normal\386.png,normal,normal,0.999792,0.999792,0.000208,True,1102,488,1164,550
34,1.417,1,data\real\pharmaceutical_capsules\extracted\datasets\Anomaly\316.png,defective,defective,0.999963,3.7e-05,0.999963,True,941,138,1003,200
34,1.417,2,data\real\pharmaceutical_capsules\extracted\datasets\Normal\068.png,normal,normal,0.999773,0.999773,0.000227,True,436,310,498,372
34,1.417,3,data\real\pharmaceutical_capsules\extracted\datasets\Normal\149.png,normal,normal,0.999805,0.999805,0.000195,True,989,501,1051,563
34,1.417,4,data\real\pharmaceutical_capsules\extracted\datasets\Anomaly\443.png,defective,defective,0.999923,7.7e-05,0.999923,True,663,138,725,200
34,1.417,5,data\real\pharmaceutical_capsules\extracted\datasets\Anomaly\221.png,defective,defective,0.999938,6.2e-05,0.999938,True,420,303,482,365
34,1.417,6,data\real\pharmaceutical_capsules\extracted\datasets\Normal\012.png,normal,normal,0.992716,0.992716,0.007284,True,1039,501,1101,563
34,1.417,7,data\real\pharmaceutical_capsules\extracted\datasets\Anomaly\124.png,defective,defective,0.999966,3.4e-05,0.999966,True,697,154,759,216
34,1.417,8,data\real\pharmaceutical_capsules\extracted\datasets\Anomaly\192.png,defective,defective,0.999946,5.4e-05,0.999946,True,131,312,193,374
34,1.417,9,data\real\pharmaceutical_capsules\extracted\datasets\Normal\492.png,normal,normal,0.999762,0.999762,0.000238,True,558,476,620,538
34,1.417,10,data\real\pharmaceutical_capsules\extracted\datasets\Anomaly\351.png,defective,normal,0.671338,0.671338,0.328662,False,1100,143,1162,205
34,1.417,11,data\real\pharmaceutical_capsules\extracted\datasets\Normal\305.png,normal,normal,0.999814,0.999814,0.000186,True,246,324,308,386
34,1.417,12,data\real\pharmaceutical_capsules\extracted\datasets\Normal\082.png,normal,normal,0.999814,0.999814,0.000186,True,1156,496,1218,558
34,1.417,13,data\real\pharmaceutical_capsules\extracted\datasets\Normal\481.png,normal,normal,0.999822,0.999822,0.000178,True,88,161,150,223
34,1.417,14,data\real\pharmaceutical_capsules\extracted\datasets\Anomaly\455.png,defective,defective,0.99982,0.00018,0.99982,True,498,325,560,387
34,1.417,15,data\real\pharmaceutical_capsules\extracted\datasets\Normal\446.png,normal,normal,0.999598,0.999598,0.000402,True,1024,469,1086,531
34,1.417,16,data\real\pharmaceutical_capsules\extracted\datasets\Normal\067.png,normal,normal,0.999754,0.999754,0.000246,True,1112,142,1174,204
34,1.417,17,data\real\pharmaceutical_capsules\extracted\datasets\Normal\338.png,normal,normal,0.999837,0.999837,0.000163,True,1232,326,1279,388
34,1.417,18,data\real\pharmaceutical_capsules\extracted\datasets\Anomaly\140.png,defective,defective,0.99995,5e-05,0.99995,True,936,490,998,552
34,1.417,19,data\real\pharmaceutical_capsules\extracted\datasets\Anomaly\242.png,defective,defective,0.9999,0.0001,0.9999,True,577,154,639,216
34,1.417,20,data\real\pharmaceutical_capsules\extracted\datasets\Normal\158.png,normal,normal,0.999763,0.999763,0.000237,True,997,306,1059,368
34,1.417,21,data\real\pharmaceutical_capsules\extracted\datasets\Anomaly\415.png,defective,defective,0.999412,0.000588,0.999412,True,342,482,404,544
34,1.417,22,data\real\pharmaceutical_capsules\extracted\datasets\Normal\427.png,normal,normal,0.99977,0.99977,0.00023,True,608,151,670,213
34,1.417,23,data\real\pharmaceutical_capsules\extracted\datasets\Normal\424.png,normal,normal,0.999628,0.999628,0.000372,True,1201,305,1263,367
34,1.417,24,data\real\pharmaceutical_capsules\extracted\datasets\Normal\443.png,normal,normal,0.99986,0.99986,0.00014,True,164,487,226,549
34,1.417,25,data\real\pharmaceutical_capsules\extracted\datasets\Anomaly\321.png,defective,defective,0.999956,4.4e-05,0.999956,True,207,157,269,219
34,1.417,26,data\real\pharmaceutical_capsules\extracted\datasets\Normal\403.png,normal,normal,0.999762,0.999762,0.000238,True,762,331,824,393
34,1.417,27,data\real\pharmaceutical_capsules\extracted\datasets\Anomaly\459.png,defective,defective,0.99997,3e-05,0.99997,True,301,501,363,563
34,1.417,28,data\real\pharmaceutical_capsules\extracted\datasets\Anomaly\137.png,defective,defective,0.999974,2.6e-05,0.999974,True,871,162,933,224
34,1.417,29,data\real\pharmaceutical_capsules\extracted\datasets\Anomaly\587.png,defective,defective,0.99997,3e-05,0.99997,True,119,310,181,372
34,1.417,30,data\real\pharmaceutical_capsules\extracted\datasets\Normal\440.png,normal,normal,0.99979,0.99979,0.00021,True,239,470,301,532
34,1.417,31,data\real\pharmaceutical_capsules\extracted\datasets\Anomaly\469.png,defective,defective,0.999943,5.7e-05,0.999943,True,318,147,380,209
34,1.417,32,data\real\pharmaceutical_capsules\extracted\datasets\Anomaly\094.png,defective,defective,0.999814,0.000186,0.999814,True,663,306,725,368
34,1.417,33,data\real\pharmaceutical_capsules\extracted\datasets\Anomaly\273.png,defective,defective,0.99996,4e-05,0.99996,True,885,496,947,558
34,1.417,34,data\real\pharmaceutical_capsules\extracted\datasets\Normal\033.png,normal,normal,0.999738,0.999738,0.000262,True,85,137,147,199
34,1.417,35,data\real\pharmaceutical_capsules\extracted\datasets\Anomaly\071.png,defective,defective,0.999933,6.7e-05,0.999933,True,269,336,331,398
34,1.417,36,data\real\pharmaceutical_capsules\extracted\datasets\Normal\386.png,normal,normal,0.999792,0.999792,0.000208,True,1106,488,1168,550
35,1.458,1,data\real\pharmaceutical_capsules\extracted\datasets\Anomaly\316.png,defective,defective,0.999963,3.7e-05,0.999963,True,945,138,1007,200
35,1.458,2,data\real\pharmaceutical_capsules\extracted\datasets\Normal\068.png,normal,normal,0.999773,0.999773,0.000227,True,440,310,502,372
35,1.458,3,data\real\pharmaceutical_capsules\extracted\datasets\Normal\149.png,normal,normal,0.999805,0.999805,0.000195,True,993,501,1055,563
35,1.458,4,data\real\pharmaceutical_capsules\extracted\datasets\Anomaly\443.png,defective,defective,0.999923,7.7e-05,0.999923,True,667,138,729,200
35,1.458,5,data\real\pharmaceutical_capsules\extracted\datasets\Anomaly\221.png,defective,defective,0.999938,6.2e-05,0.999938,True,425,303,487,365
35,1.458,6,data\real\pharmaceutical_capsules\extracted\datasets\Normal\012.png,normal,normal,0.992716,0.992716,0.007284,True,1044,501,1106,563
35,1.458,7,data\real\pharmaceutical_capsules\extracted\datasets\Anomaly\124.png,defective,defective,0.999966,3.4e-05,0.999966,True,702,154,764,216
35,1.458,8,data\real\pharmaceutical_capsules\extracted\datasets\Anomaly\192.png,defective,defective,0.999946,5.4e-05,0.999946,True,135,312,197,374
35,1.458,9,data\real\pharmaceutical_capsules\extracted\datasets\Normal\492.png,normal,normal,0.999762,0.999762,0.000238,True,563,476,625,538
35,1.458,10,data\real\pharmaceutical_capsules\extracted\datasets\Anomaly\351.png,defective,normal,0.671338,0.671338,0.328662,False,1104,143,1166,205
35,1.458,11,data\real\pharmaceutical_capsules\extracted\datasets\Normal\305.png,normal,normal,0.999814,0.999814,0.000186,True,251,324,313,386
35,1.458,12,data\real\pharmaceutical_capsules\extracted\datasets\Normal\082.png,normal,normal,0.999814,0.999814,0.000186,True,1160,496,1222,558
35,1.458,13,data\real\pharmaceutical_capsules\extracted\datasets\Normal\481.png,normal,normal,0.999822,0.999822,0.000178,True,93,161,155,223
35,1.458,14,data\real\pharmaceutical_capsules\extracted\datasets\Anomaly\455.png,defective,defective,0.99982,0.00018,0.99982,True,502,325,564,387
35,1.458,15,data\real\pharmaceutical_capsules\extracted\datasets\Normal\446.png,normal,normal,0.999598,0.999598,0.000402,True,1029,469,1091,531
35,1.458,16,data\real\pharmaceutical_capsules\extracted\datasets\Normal\067.png,normal,normal,0.999754,0.999754,0.000246,True,1117,142,1179,204
35,1.458,17,data\real\pharmaceutical_capsules\extracted\datasets\Normal\338.png,normal,normal,0.999837,0.999837,0.000163,True,1236,326,1279,388
35,1.458,18,data\real\pharmaceutical_capsules\extracted\datasets\Anomaly\140.png,defective,defective,0.99995,5e-05,0.99995,True,941,490,1003,552
35,1.458,19,data\real\pharmaceutical_capsules\extracted\datasets\Anomaly\242.png,defective,defective,0.9999,0.0001,0.9999,True,582,154,644,216
35,1.458,20,data\real\pharmaceutical_capsules\extracted\datasets\Normal\158.png,normal,normal,0.999763,0.999763,0.000237,True,1002,306,1064,368
35,1.458,21,data\real\pharmaceutical_capsules\extracted\datasets\Anomaly\415.png,defective,defective,0.999412,0.000588,0.999412,True,346,482,408,544
35,1.458,22,data\real\pharmaceutical_capsules\extracted\datasets\Normal\427.png,normal,normal,0.99977,0.99977,0.00023,True,613,151,675,213
35,1.458,23,data\real\pharmaceutical_capsules\extracted\datasets\Normal\424.png,normal,normal,0.999628,0.999628,0.000372,True,1206,305,1268,367
35,1.458,24,data\real\pharmaceutical_capsules\extracted\datasets\Normal\443.png,normal,normal,0.99986,0.99986,0.00014,True,168,487,230,549
35,1.458,25,data\real\pharmaceutical_capsules\extracted\datasets\Anomaly\321.png,defective,defective,0.999956,4.4e-05,0.999956,True,212,157,274,219
35,1.458,26,data\real\pharmaceutical_capsules\extracted\datasets\Normal\403.png,normal,normal,0.999762,0.999762,0.000238,True,766,331,828,393
35,1.458,27,data\real\pharmaceutical_capsules\extracted\datasets\Anomaly\459.png,defective,defective,0.99997,3e-05,0.99997,True,306,501,368,563
35,1.458,28,data\real\pharmaceutical_capsules\extracted\datasets\Anomaly\137.png,defective,defective,0.999974,2.6e-05,0.999974,True,875,162,937,224
35,1.458,29,data\real\pharmaceutical_capsules\extracted\datasets\Anomaly\587.png,defective,defective,0.99997,3e-05,0.99997,True,124,310,186,372
35,1.458,30,data\real\pharmaceutical_capsules\extracted\datasets\Normal\440.png,normal,normal,0.99979,0.99979,0.00021,True,243,470,305,532
35,1.458,31,data\real\pharmaceutical_capsules\extracted\datasets\Anomaly\469.png,defective,defective,0.999943,5.7e-05,0.999943,True,323,147,385,209
35,1.458,32,data\real\pharmaceutical_capsules\extracted\datasets\Anomaly\094.png,defective,defective,0.999814,0.000186,0.999814,True,667,306,729,368
35,1.458,33,data\real\pharmaceutical_capsules\extracted\datasets\Anomaly\273.png,defective,defective,0.99996,4e-05,0.99996,True,890,496,952,558
35,1.458,34,data\real\pharmaceutical_capsules\extracted\datasets\Normal\033.png,normal,normal,0.999738,0.999738,0.000262,True,90,137,152,199
35,1.458,35,data\real\pharmaceutical_capsules\extracted\datasets\Anomaly\071.png,defective,defective,0.999933,6.7e-05,0.999933,True,274,336,336,398
35,1.458,36,data\real\pharmaceutical_capsules\extracted\datasets\Normal\386.png,normal,normal,0.999792,0.999792,0.000208,True,1111,488,1173,550
36,1.5,1,data\real\pharmaceutical_capsules\extracted\datasets\Anomaly\316.png,defective,defective,0.999963,3.7e-05,0.999963,True,950,138,1012,200
36,1.5,2,data\real\pharmaceutical_capsules\extracted\datasets\Normal\068.png,normal,normal,0.999773,0.999773,0.000227,True,445,310,507,372
36,1.5,3,data\real\pharmaceutical_capsules\extracted\datasets\Normal\149.png,normal,normal,0.999805,0.999805,0.000195,True,998,501,1060,563
36,1.5,4,data\real\pharmaceutical_capsules\extracted\datasets\Anomaly\443.png,defective,defective,0.999923,7.7e-05,0.999923,True,672,138,734,200
36,1.5,5,data\real\pharmaceutical_capsules\extracted\datasets\Anomaly\221.png,defective,defective,0.999938,6.2e-05,0.999938,True,429,303,491,365
36,1.5,6,data\real\pharmaceutical_capsules\extracted\datasets\Normal\012.png,normal,normal,0.992716,0.992716,0.007284,True,1048,501,1110,563
36,1.5,7,data\real\pharmaceutical_capsules\extracted\datasets\Anomaly\124.png,defective,defective,0.999966,3.4e-05,0.999966,True,706,154,768,216
36,1.5,8,data\real\pharmaceutical_capsules\extracted\datasets\Anomaly\192.png,defective,defective,0.999946,5.4e-05,0.999946,True,140,312,202,374
36,1.5,9,data\real\pharmaceutical_capsules\extracted\datasets\Normal\492.png,normal,normal,0.999762,0.999762,0.000238,True,567,476,629,538
36,1.5,10,data\real\pharmaceutical_capsules\extracted\datasets\Anomaly\351.png,defective,normal,0.671338,0.671338,0.328662,False,1109,143,1171,205
36,1.5,11,data\real\pharmaceutical_capsules\extracted\datasets\Normal\305.png,normal,normal,0.999814,0.999814,0.000186,True,255,324,317,386
36,1.5,12,data\real\pharmaceutical_capsules\extracted\datasets\Normal\082.png,normal,normal,0.999814,0.999814,0.000186,True,1165,496,1227,558
36,1.5,13,data\real\pharmaceutical_capsules\extracted\datasets\Normal\481.png,normal,normal,0.999822,0.999822,0.000178,True,97,161,159,223
36,1.5,14,data\real\pharmaceutical_capsules\extracted\datasets\Anomaly\455.png,defective,defective,0.99982,0.00018,0.99982,True,507,325,569,387
36,1.5,15,data\real\pharmaceutical_capsules\extracted\datasets\Normal\446.png,normal,normal,0.999598,0.999598,0.000402,True,1033,469,1095,531
36,1.5,16,data\real\pharmaceutical_capsules\extracted\datasets\Normal\067.png,normal,normal,0.999754,0.999754,0.000246,True,1121,142,1183,204
36,1.5,17,data\real\pharmaceutical_capsules\extracted\datasets\Normal\338.png,normal,normal,0.999837,0.999837,0.000163,True,1241,326,1279,388
36,1.5,18,data\real\pharmaceutical_capsules\extracted\datasets\Anomaly\140.png,defective,defective,0.99995,5e-05,0.99995,True,945,490,1007,552
36,1.5,19,data\real\pharmaceutical_capsules\extracted\datasets\Anomaly\242.png,defective,defective,0.9999,0.0001,0.9999,True,586,154,648,216
36,1.5,20,data\real\pharmaceutical_capsules\extracted\datasets\Normal\158.png,normal,normal,0.999763,0.999763,0.000237,True,1006,306,1068,368
36,1.5,21,data\real\pharmaceutical_capsules\extracted\datasets\Anomaly\415.png,defective,defective,0.999412,0.000588,0.999412,True,351,482,413,544
36,1.5,22,data\real\pharmaceutical_capsules\extracted\datasets\Normal\427.png,normal,normal,0.99977,0.99977,0.00023,True,617,151,679,213
36,1.5,23,data\real\pharmaceutical_capsules\extracted\datasets\Normal\424.png,normal,normal,0.999628,0.999628,0.000372,True,1210,305,1272,367
36,1.5,24,data\real\pharmaceutical_capsules\extracted\datasets\Normal\443.png,normal,normal,0.99986,0.99986,0.00014,True,173,487,235,549
36,1.5,25,data\real\pharmaceutical_capsules\extracted\datasets\Anomaly\321.png,defective,defective,0.999956,4.4e-05,0.999956,True,216,157,278,219
36,1.5,26,data\real\pharmaceutical_capsules\extracted\datasets\Normal\403.png,normal,normal,0.999762,0.999762,0.000238,True,771,331,833,393
36,1.5,27,data\real\pharmaceutical_capsules\extracted\datasets\Anomaly\459.png,defective,defective,0.99997,3e-05,0.99997,True,310,501,372,563
36,1.5,28,data\real\pharmaceutical_capsules\extracted\datasets\Anomaly\137.png,defective,defective,0.999974,2.6e-05,0.999974,True,880,162,942,224
36,1.5,29,data\real\pharmaceutical_capsules\extracted\datasets\Anomaly\587.png,defective,defective,0.99997,3e-05,0.99997,True,128,310,190,372
36,1.5,30,data\real\pharmaceutical_capsules\extracted\datasets\Normal\440.png,normal,normal,0.99979,0.99979,0.00021,True,248,470,310,532
36,1.5,31,data\real\pharmaceutical_capsules\extracted\datasets\Anomaly\469.png,defective,defective,0.999943,5.7e-05,0.999943,True,327,147,389,209
36,1.5,32,data\real\pharmaceutical_capsules\extracted\datasets\Anomaly\094.png,defective,defective,0.999814,0.000186,0.999814,True,672,306,734,368
36,1.5,33,data\real\pharmaceutical_capsules\extracted\datasets\Anomaly\273.png,defective,defective,0.99996,4e-05,0.99996,True,894,496,956,558
36,1.5,34,data\real\pharmaceutical_capsules\extracted\datasets\Normal\033.png,normal,normal,0.999738,0.999738,0.000262,True,94,137,156,199
36,1.5,35,data\real\pharmaceutical_capsules\extracted\datasets\Anomaly\071.png,defective,defective,0.999933,6.7e-05,0.999933,True,278,336,340,398
36,1.5,36,data\real\pharmaceutical_capsules\extracted\datasets\Normal\386.png,normal,normal,0.999792,0.999792,0.000208,True,1115,488,1177,550
37,1.542,1,data\real\pharmaceutical_capsules\extracted\datasets\Anomaly\316.png,defective,defective,0.999963,3.7e-05,0.999963,True,954,138,1016,200
37,1.542,2,data\real\pharmaceutical_capsules\extracted\datasets\Normal\068.png,normal,normal,0.999773,0.999773,0.000227,True,449,310,511,372
37,1.542,3,data\real\pharmaceutical_capsules\extracted\datasets\Normal\149.png,normal,normal,0.999805,0.999805,0.000195,True,1002,501,1064,563
37,1.542,4,data\real\pharmaceutical_capsules\extracted\datasets\Anomaly\443.png,defective,defective,0.999923,7.7e-05,0.999923,True,676,138,738,200
37,1.542,5,data\real\pharmaceutical_capsules\extracted\datasets\Anomaly\221.png,defective,defective,0.999938,6.2e-05,0.999938,True,434,303,496,365
37,1.542,6,data\real\pharmaceutical_capsules\extracted\datasets\Normal\012.png,normal,normal,0.992716,0.992716,0.007284,True,1053,501,1115,563
37,1.542,7,data\real\pharmaceutical_capsules\extracted\datasets\Anomaly\124.png,defective,defective,0.999966,3.4e-05,0.999966,True,711,154,773,216
37,1.542,8,data\real\pharmaceutical_capsules\extracted\datasets\Anomaly\192.png,defective,defective,0.999946,5.4e-05,0.999946,True,144,312,206,374
37,1.542,9,data\real\pharmaceutical_capsules\extracted\datasets\Normal\492.png,normal,normal,0.999762,0.999762,0.000238,True,572,476,634,538
37,1.542,10,data\real\pharmaceutical_capsules\extracted\datasets\Anomaly\351.png,defective,normal,0.671338,0.671338,0.328662,False,1113,143,1175,205
37,1.542,11,data\real\pharmaceutical_capsules\extracted\datasets\Normal\305.png,normal,normal,0.999814,0.999814,0.000186,True,260,324,322,386
37,1.542,12,data\real\pharmaceutical_capsules\extracted\datasets\Normal\082.png,normal,normal,0.999814,0.999814,0.000186,True,1169,496,1231,558
37,1.542,13,data\real\pharmaceutical_capsules\extracted\datasets\Normal\481.png,normal,normal,0.999822,0.999822,0.000178,True,102,161,164,223
37,1.542,14,data\real\pharmaceutical_capsules\extracted\datasets\Anomaly\455.png,defective,defective,0.99982,0.00018,0.99982,True,511,325,573,387
37,1.542,15,data\real\pharmaceutical_capsules\extracted\datasets\Normal\446.png,normal,normal,0.999598,0.999598,0.000402,True,1038,469,1100,531
37,1.542,16,data\real\pharmaceutical_capsules\extracted\datasets\Normal\067.png,normal,normal,0.999754,0.999754,0.000246,True,1126,142,1188,204
37,1.542,17,data\real\pharmaceutical_capsules\extracted\datasets\Normal\338.png,normal,normal,0.999837,0.999837,0.000163,True,1245,326,1279,388
37,1.542,18,data\real\pharmaceutical_capsules\extracted\datasets\Anomaly\140.png,defective,defective,0.99995,5e-05,0.99995,True,950,490,1012,552
37,1.542,19,data\real\pharmaceutical_capsules\extracted\datasets\Anomaly\242.png,defective,defective,0.9999,0.0001,0.9999,True,591,154,653,216
37,1.542,20,data\real\pharmaceutical_capsules\extracted\datasets\Normal\158.png,normal,normal,0.999763,0.999763,0.000237,True,1011,306,1073,368
37,1.542,21,data\real\pharmaceutical_capsules\extracted\datasets\Anomaly\415.png,defective,defective,0.999412,0.000588,0.999412,True,355,482,417,544
37,1.542,22,data\real\pharmaceutical_capsules\extracted\datasets\Normal\427.png,normal,normal,0.99977,0.99977,0.00023,True,622,151,684,213
37,1.542,23,data\real\pharmaceutical_capsules\extracted\datasets\Normal\424.png,normal,normal,0.999628,0.999628,0.000372,True,1215,305,1277,367
37,1.542,24,data\real\pharmaceutical_capsules\extracted\datasets\Normal\443.png,normal,normal,0.99986,0.99986,0.00014,True,177,487,239,549
37,1.542,25,data\real\pharmaceutical_capsules\extracted\datasets\Anomaly\321.png,defective,defective,0.999956,4.4e-05,0.999956,True,221,157,283,219
37,1.542,26,data\real\pharmaceutical_capsules\extracted\datasets\Normal\403.png,normal,normal,0.999762,0.999762,0.000238,True,775,331,837,393
37,1.542,27,data\real\pharmaceutical_capsules\extracted\datasets\Anomaly\459.png,defective,defective,0.99997,3e-05,0.99997,True,315,501,377,563
37,1.542,28,data\real\pharmaceutical_capsules\extracted\datasets\Anomaly\137.png,defective,defective,0.999974,2.6e-05,0.999974,True,884,162,946,224
37,1.542,29,data\real\pharmaceutical_capsules\extracted\datasets\Anomaly\587.png,defective,defective,0.99997,3e-05,0.99997,True,133,310,195,372
37,1.542,30,data\real\pharmaceutical_capsules\extracted\datasets\Normal\440.png,normal,normal,0.99979,0.99979,0.00021,True,252,470,314,532
37,1.542,31,data\real\pharmaceutical_capsules\extracted\datasets\Anomaly\469.png,defective,defective,0.999943,5.7e-05,0.999943,True,332,147,394,209
37,1.542,32,data\real\pharmaceutical_capsules\extracted\datasets\Anomaly\094.png,defective,defective,0.999814,0.000186,0.999814,True,676,306,738,368
37,1.542,33,data\real\pharmaceutical_capsules\extracted\datasets\Anomaly\273.png,defective,defective,0.99996,4e-05,0.99996,True,899,496,961,558
37,1.542,34,data\real\pharmaceutical_capsules\extracted\datasets\Normal\033.png,normal,normal,0.999738,0.999738,0.000262,True,99,137,161,199
37,1.542,35,data\real\pharmaceutical_capsules\extracted\datasets\Anomaly\071.png,defective,defective,0.999933,6.7e-05,0.999933,True,283,336,345,398
37,1.542,36,data\real\pharmaceutical_capsules\extracted\datasets\Normal\386.png,normal,normal,0.999792,0.999792,0.000208,True,1120,488,1182,550
38,1.583,1,data\real\pharmaceutical_capsules\extracted\datasets\Anomaly\316.png,defective,defective,0.999963,3.7e-05,0.999963,True,959,138,1021,200
38,1.583,2,data\real\pharmaceutical_capsules\extracted\datasets\Normal\068.png,normal,normal,0.999773,0.999773,0.000227,True,454,310,516,372
38,1.583,3,data\real\pharmaceutical_capsules\extracted\datasets\Normal\149.png,normal,normal,0.999805,0.999805,0.000195,True,1007,501,1069,563
38,1.583,4,data\real\pharmaceutical_capsules\extracted\datasets\Anomaly\443.png,defective,defective,0.999923,7.7e-05,0.999923,True,681,138,743,200
38,1.583,5,data\real\pharmaceutical_capsules\extracted\datasets\Anomaly\221.png,defective,defective,0.999938,6.2e-05,0.999938,True,438,303,500,365
38,1.583,6,data\real\pharmaceutical_capsules\extracted\datasets\Normal\012.png,normal,normal,0.992716,0.992716,0.007284,True,1057,501,1119,563
38,1.583,7,data\real\pharmaceutical_capsules\extracted\datasets\Anomaly\124.png,defective,defective,0.999966,3.4e-05,0.999966,True,715,154,777,216
38,1.583,8,data\real\pharmaceutical_capsules\extracted\datasets\Anomaly\192.png,defective,defective,0.999946,5.4e-05,0.999946,True,149,312,211,374
38,1.583,9,data\real\pharmaceutical_capsules\extracted\datasets\Normal\492.png,normal,normal,0.999762,0.999762,0.000238,True,576,476,638,538
38,1.583,10,data\real\pharmaceutical_capsules\extracted\datasets\Anomaly\351.png,defective,normal,0.671338,0.671338,0.328662,False,1118,143,1180,205
38,1.583,11,data\real\pharmaceutical_capsules\extracted\datasets\Normal\305.png,normal,normal,0.999814,0.999814,0.000186,True,264,324,326,386
38,1.583,12,data\real\pharmaceutical_capsules\extracted\datasets\Normal\082.png,normal,normal,0.999814,0.999814,0.000186,True,1174,496,1236,558
38,1.583,13,data\real\pharmaceutical_capsules\extracted\datasets\Normal\481.png,normal,normal,0.999822,0.999822,0.000178,True,106,161,168,223
38,1.583,14,data\real\pharmaceutical_capsules\extracted\datasets\Anomaly\455.png,defective,defective,0.99982,0.00018,0.99982,True,516,325,578,387
38,1.583,15,data\real\pharmaceutical_capsules\extracted\datasets\Normal\446.png,normal,normal,0.999598,0.999598,0.000402,True,1042,469,1104,531
38,1.583,16,data\real\pharmaceutical_capsules\extracted\datasets\Normal\067.png,normal,normal,0.999754,0.999754,0.000246,True,1130,142,1192,204
38,1.583,17,data\real\pharmaceutical_capsules\extracted\datasets\Normal\338.png,normal,normal,0.999837,0.999837,0.000163,True,0,326,33,388
38,1.583,18,data\real\pharmaceutical_capsules\extracted\datasets\Anomaly\140.png,defective,defective,0.99995,5e-05,0.99995,True,954,490,1016,552
38,1.583,19,data\real\pharmaceutical_capsules\extracted\datasets\Anomaly\242.png,defective,defective,0.9999,0.0001,0.9999,True,595,154,657,216
38,1.583,20,data\real\pharmaceutical_capsules\extracted\datasets\Normal\158.png,normal,normal,0.999763,0.999763,0.000237,True,1015,306,1077,368
38,1.583,21,data\real\pharmaceutical_capsules\extracted\datasets\Anomaly\415.png,defective,defective,0.999412,0.000588,0.999412,True,360,482,422,544
38,1.583,22,data\real\pharmaceutical_capsules\extracted\datasets\Normal\427.png,normal,normal,0.99977,0.99977,0.00023,True,626,151,688,213
38,1.583,23,data\real\pharmaceutical_capsules\extracted\datasets\Normal\424.png,normal,normal,0.999628,0.999628,0.000372,True,1219,305,1279,367
38,1.583,24,data\real\pharmaceutical_capsules\extracted\datasets\Normal\443.png,normal,normal,0.99986,0.99986,0.00014,True,182,487,244,549
38,1.583,25,data\real\pharmaceutical_capsules\extracted\datasets\Anomaly\321.png,defective,defective,0.999956,4.4e-05,0.999956,True,225,157,287,219
38,1.583,26,data\real\pharmaceutical_capsules\extracted\datasets\Normal\403.png,normal,normal,0.999762,0.999762,0.000238,True,780,331,842,393
38,1.583,27,data\real\pharmaceutical_capsules\extracted\datasets\Anomaly\459.png,defective,defective,0.99997,3e-05,0.99997,True,319,501,381,563
38,1.583,28,data\real\pharmaceutical_capsules\extracted\datasets\Anomaly\137.png,defective,defective,0.999974,2.6e-05,0.999974,True,889,162,951,224
38,1.583,29,data\real\pharmaceutical_capsules\extracted\datasets\Anomaly\587.png,defective,defective,0.99997,3e-05,0.99997,True,137,310,199,372
38,1.583,30,data\real\pharmaceutical_capsules\extracted\datasets\Normal\440.png,normal,normal,0.99979,0.99979,0.00021,True,257,470,319,532
38,1.583,31,data\real\pharmaceutical_capsules\extracted\datasets\Anomaly\469.png,defective,defective,0.999943,5.7e-05,0.999943,True,336,147,398,209
38,1.583,32,data\real\pharmaceutical_capsules\extracted\datasets\Anomaly\094.png,defective,defective,0.999814,0.000186,0.999814,True,681,306,743,368
38,1.583,33,data\real\pharmaceutical_capsules\extracted\datasets\Anomaly\273.png,defective,defective,0.99996,4e-05,0.99996,True,903,496,965,558
38,1.583,34,data\real\pharmaceutical_capsules\extracted\datasets\Normal\033.png,normal,normal,0.999738,0.999738,0.000262,True,103,137,165,199
38,1.583,35,data\real\pharmaceutical_capsules\extracted\datasets\Anomaly\071.png,defective,defective,0.999933,6.7e-05,0.999933,True,287,336,349,398
38,1.583,36,data\real\pharmaceutical_capsules\extracted\datasets\Normal\386.png,normal,normal,0.999792,0.999792,0.000208,True,1124,488,1186,550
39,1.625,1,data\real\pharmaceutical_capsules\extracted\datasets\Anomaly\316.png,defective,defective,0.999963,3.7e-05,0.999963,True,963,138,1025,200
39,1.625,2,data\real\pharmaceutical_capsules\extracted\datasets\Normal\068.png,normal,normal,0.999773,0.999773,0.000227,True,458,310,520,372
39,1.625,3,data\real\pharmaceutical_capsules\extracted\datasets\Normal\149.png,normal,normal,0.999805,0.999805,0.000195,True,1011,501,1073,563
39,1.625,4,data\real\pharmaceutical_capsules\extracted\datasets\Anomaly\443.png,defective,defective,0.999923,7.7e-05,0.999923,True,685,138,747,200
39,1.625,5,data\real\pharmaceutical_capsules\extracted\datasets\Anomaly\221.png,defective,defective,0.999938,6.2e-05,0.999938,True,443,303,505,365
39,1.625,6,data\real\pharmaceutical_capsules\extracted\datasets\Normal\012.png,normal,normal,0.992716,0.992716,0.007284,True,1062,501,1124,563
39,1.625,7,data\real\pharmaceutical_capsules\extracted\datasets\Anomaly\124.png,defective,defective,0.999966,3.4e-05,0.999966,True,720,154,782,216
39,1.625,8,data\real\pharmaceutical_capsules\extracted\datasets\Anomaly\192.png,defective,defective,0.999946,5.4e-05,0.999946,True,153,312,215,374
39,1.625,9,data\real\pharmaceutical_capsules\extracted\datasets\Normal\492.png,normal,normal,0.999762,0.999762,0.000238,True,581,476,643,538
39,1.625,10,data\real\pharmaceutical_capsules\extracted\datasets\Anomaly\351.png,defective,normal,0.671338,0.671338,0.328662,False,1122,143,1184,205
39,1.625,11,data\real\pharmaceutical_capsules\extracted\datasets\Normal\305.png,normal,normal,0.999814,0.999814,0.000186,True,269,324,331,386
39,1.625,12,data\real\pharmaceutical_capsules\extracted\datasets\Normal\082.png,normal,normal,0.999814,0.999814,0.000186,True,1178,496,1240,558
39,1.625,13,data\real\pharmaceutical_capsules\extracted\datasets\Normal\481.png,normal,normal,0.999822,0.999822,0.000178,True,111,161,173,223
39,1.625,14,data\real\pharmaceutical_capsules\extracted\datasets\Anomaly\455.png,defective,defective,0.99982,0.00018,0.99982,True,520,325,582,387
39,1.625,15,data\real\pharmaceutical_capsules\extracted\datasets\Normal\446.png,normal,normal,0.999598,0.999598,0.000402,True,1047,469,1109,531
39,1.625,16,data\real\pharmaceutical_capsules\extracted\datasets\Normal\067.png,normal,normal,0.999754,0.999754,0.000246,True,1135,142,1197,204
39,1.625,17,data\real\pharmaceutical_capsules\extracted\datasets\Normal\338.png,normal,normal,0.999837,0.999837,0.000163,True,0,326,37,388
39,1.625,18,data\real\pharmaceutical_capsules\extracted\datasets\Anomaly\140.png,defective,defective,0.99995,5e-05,0.99995,True,959,490,1021,552
39,1.625,19,data\real\pharmaceutical_capsules\extracted\datasets\Anomaly\242.png,defective,defective,0.9999,0.0001,0.9999,True,600,154,662,216
39,1.625,20,data\real\pharmaceutical_capsules\extracted\datasets\Normal\158.png,normal,normal,0.999763,0.999763,0.000237,True,1020,306,1082,368
39,1.625,21,data\real\pharmaceutical_capsules\extracted\datasets\Anomaly\415.png,defective,defective,0.999412,0.000588,0.999412,True,364,482,426,544
39,1.625,22,data\real\pharmaceutical_capsules\extracted\datasets\Normal\427.png,normal,normal,0.99977,0.99977,0.00023,True,631,151,693,213
39,1.625,23,data\real\pharmaceutical_capsules\extracted\datasets\Normal\424.png,normal,normal,0.999628,0.999628,0.000372,True,1224,305,1279,367
39,1.625,24,data\real\pharmaceutical_capsules\extracted\datasets\Normal\443.png,normal,normal,0.99986,0.99986,0.00014,True,186,487,248,549
39,1.625,25,data\real\pharmaceutical_capsules\extracted\datasets\Anomaly\321.png,defective,defective,0.999956,4.4e-05,0.999956,True,230,157,292,219
39,1.625,26,data\real\pharmaceutical_capsules\extracted\datasets\Normal\403.png,normal,normal,0.999762,0.999762,0.000238,True,784,331,846,393
39,1.625,27,data\real\pharmaceutical_capsules\extracted\datasets\Anomaly\459.png,defective,defective,0.99997,3e-05,0.99997,True,324,501,386,563
39,1.625,28,data\real\pharmaceutical_capsules\extracted\datasets\Anomaly\137.png,defective,defective,0.999974,2.6e-05,0.999974,True,893,162,955,224
39,1.625,29,data\real\pharmaceutical_capsules\extracted\datasets\Anomaly\587.png,defective,defective,0.99997,3e-05,0.99997,True,142,310,204,372
39,1.625,30,data\real\pharmaceutical_capsules\extracted\datasets\Normal\440.png,normal,normal,0.99979,0.99979,0.00021,True,261,470,323,532
39,1.625,31,data\real\pharmaceutical_capsules\extracted\datasets\Anomaly\469.png,defective,defective,0.999943,5.7e-05,0.999943,True,341,147,403,209
39,1.625,32,data\real\pharmaceutical_capsules\extracted\datasets\Anomaly\094.png,defective,defective,0.999814,0.000186,0.999814,True,685,306,747,368
39,1.625,33,data\real\pharmaceutical_capsules\extracted\datasets\Anomaly\273.png,defective,defective,0.99996,4e-05,0.99996,True,908,496,970,558
39,1.625,34,data\real\pharmaceutical_capsules\extracted\datasets\Normal\033.png,normal,normal,0.999738,0.999738,0.000262,True,108,137,170,199
39,1.625,35,data\real\pharmaceutical_capsules\extracted\datasets\Anomaly\071.png,defective,defective,0.999933,6.7e-05,0.999933,True,292,336,354,398
39,1.625,36,data\real\pharmaceutical_capsules\extracted\datasets\Normal\386.png,normal,normal,0.999792,0.999792,0.000208,True,1129,488,1191,550
40,1.667,1,data\real\pharmaceutical_capsules\extracted\datasets\Anomaly\316.png,defective,defective,0.999963,3.7e-05,0.999963,True,968,138,1030,200
40,1.667,2,data\real\pharmaceutical_capsules\extracted\datasets\Normal\068.png,normal,normal,0.999773,0.999773,0.000227,True,463,310,525,372
40,1.667,3,data\real\pharmaceutical_capsules\extracted\datasets\Normal\149.png,normal,normal,0.999805,0.999805,0.000195,True,1016,501,1078,563
40,1.667,4,data\real\pharmaceutical_capsules\extracted\datasets\Anomaly\443.png,defective,defective,0.999923,7.7e-05,0.999923,True,690,138,752,200
40,1.667,5,data\real\pharmaceutical_capsules\extracted\datasets\Anomaly\221.png,defective,defective,0.999938,6.2e-05,0.999938,True,447,303,509,365
40,1.667,6,data\real\pharmaceutical_capsules\extracted\datasets\Normal\012.png,normal,normal,0.992716,0.992716,0.007284,True,1066,501,1128,563
40,1.667,7,data\real\pharmaceutical_capsules\extracted\datasets\Anomaly\124.png,defective,defective,0.999966,3.4e-05,0.999966,True,724,154,786,216
40,1.667,8,data\real\pharmaceutical_capsules\extracted\datasets\Anomaly\192.png,defective,defective,0.999946,5.4e-05,0.999946,True,158,312,220,374
40,1.667,9,data\real\pharmaceutical_capsules\extracted\datasets\Normal\492.png,normal,normal,0.999762,0.999762,0.000238,True,585,476,647,538
40,1.667,10,data\real\pharmaceutical_capsules\extracted\datasets\Anomaly\351.png,defective,normal,0.671338,0.671338,0.328662,False,1127,143,1189,205
40,1.667,11,data\real\pharmaceutical_capsules\extracted\datasets\Normal\305.png,normal,normal,0.999814,0.999814,0.000186,True,273,324,335,386
40,1.667,12,data\real\pharmaceutical_capsules\extracted\datasets\Normal\082.png,normal,normal,0.999814,0.999814,0.000186,True,1183,496,1245,558
40,1.667,13,data\real\pharmaceutical_capsules\extracted\datasets\Normal\481.png,normal,normal,0.999822,0.999822,0.000178,True,115,161,177,223
40,1.667,14,data\real\pharmaceutical_capsules\extracted\datasets\Anomaly\455.png,defective,defective,0.99982,0.00018,0.99982,True,525,325,587,387
40,1.667,15,data\real\pharmaceutical_capsules\extracted\datasets\Normal\446.png,normal,normal,0.999598,0.999598,0.000402,True,1051,469,1113,531
40,1.667,16,data\real\pharmaceutical_capsules\extracted\datasets\Normal\067.png,normal,normal,0.999754,0.999754,0.000246,True,1139,142,1201,204
40,1.667,17,data\real\pharmaceutical_capsules\extracted\datasets\Normal\338.png,normal,normal,0.999837,0.999837,0.000163,True,0,326,42,388
40,1.667,18,data\real\pharmaceutical_capsules\extracted\datasets\Anomaly\140.png,defective,defective,0.99995,5e-05,0.99995,True,963,490,1025,552
40,1.667,19,data\real\pharmaceutical_capsules\extracted\datasets\Anomaly\242.png,defective,defective,0.9999,0.0001,0.9999,True,604,154,666,216
40,1.667,20,data\real\pharmaceutical_capsules\extracted\datasets\Normal\158.png,normal,normal,0.999763,0.999763,0.000237,True,1024,306,1086,368
40,1.667,21,data\real\pharmaceutical_capsules\extracted\datasets\Anomaly\415.png,defective,defective,0.999412,0.000588,0.999412,True,369,482,431,544
40,1.667,22,data\real\pharmaceutical_capsules\extracted\datasets\Normal\427.png,normal,normal,0.99977,0.99977,0.00023,True,635,151,697,213
40,1.667,23,data\real\pharmaceutical_capsules\extracted\datasets\Normal\424.png,normal,normal,0.999628,0.999628,0.000372,True,1228,305,1279,367
40,1.667,24,data\real\pharmaceutical_capsules\extracted\datasets\Normal\443.png,normal,normal,0.99986,0.99986,0.00014,True,191,487,253,549
40,1.667,25,data\real\pharmaceutical_capsules\extracted\datasets\Anomaly\321.png,defective,defective,0.999956,4.4e-05,0.999956,True,234,157,296,219
40,1.667,26,data\real\pharmaceutical_capsules\extracted\datasets\Normal\403.png,normal,normal,0.999762,0.999762,0.000238,True,789,331,851,393
40,1.667,27,data\real\pharmaceutical_capsules\extracted\datasets\Anomaly\459.png,defective,defective,0.99997,3e-05,0.99997,True,328,501,390,563
40,1.667,28,data\real\pharmaceutical_capsules\extracted\datasets\Anomaly\137.png,defective,defective,0.999974,2.6e-05,0.999974,True,898,162,960,224
40,1.667,29,data\real\pharmaceutical_capsules\extracted\datasets\Anomaly\587.png,defective,defective,0.99997,3e-05,0.99997,True,146,310,208,372
40,1.667,30,data\real\pharmaceutical_capsules\extracted\datasets\Normal\440.png,normal,normal,0.99979,0.99979,0.00021,True,266,470,328,532
40,1.667,31,data\real\pharmaceutical_capsules\extracted\datasets\Anomaly\469.png,defective,defective,0.999943,5.7e-05,0.999943,True,345,147,407,209
40,1.667,32,data\real\pharmaceutical_capsules\extracted\datasets\Anomaly\094.png,defective,defective,0.999814,0.000186,0.999814,True,690,306,752,368
40,1.667,33,data\real\pharmaceutical_capsules\extracted\datasets\Anomaly\273.png,defective,defective,0.99996,4e-05,0.99996,True,912,496,974,558
40,1.667,34,data\real\pharmaceutical_capsules\extracted\datasets\Normal\033.png,normal,normal,0.999738,0.999738,0.000262,True,112,137,174,199
40,1.667,35,data\real\pharmaceutical_capsules\extracted\datasets\Anomaly\071.png,defective,defective,0.999933,6.7e-05,0.999933,True,296,336,358,398
40,1.667,36,data\real\pharmaceutical_capsules\extracted\datasets\Normal\386.png,normal,normal,0.999792,0.999792,0.000208,True,1133,488,1195,550
41,1.708,1,data\real\pharmaceutical_capsules\extracted\datasets\Anomaly\316.png,defective,defective,0.999963,3.7e-05,0.999963,True,972,138,1034,200
41,1.708,2,data\real\pharmaceutical_capsules\extracted\datasets\Normal\068.png,normal,normal,0.999773,0.999773,0.000227,True,467,310,529,372
41,1.708,3,data\real\pharmaceutical_capsules\extracted\datasets\Normal\149.png,normal,normal,0.999805,0.999805,0.000195,True,1020,501,1082,563
41,1.708,4,data\real\pharmaceutical_capsules\extracted\datasets\Anomaly\443.png,defective,defective,0.999923,7.7e-05,0.999923,True,694,138,756,200
41,1.708,5,data\real\pharmaceutical_capsules\extracted\datasets\Anomaly\221.png,defective,defective,0.999938,6.2e-05,0.999938,True,452,303,514,365
41,1.708,6,data\real\pharmaceutical_capsules\extracted\datasets\Normal\012.png,normal,normal,0.992716,0.992716,0.007284,True,1071,501,1133,563
41,1.708,7,data\real\pharmaceutical_capsules\extracted\datasets\Anomaly\124.png,defective,defective,0.999966,3.4e-05,0.999966,True,729,154,791,216
41,1.708,8,data\real\pharmaceutical_capsules\extracted\datasets\Anomaly\192.png,defective,defective,0.999946,5.4e-05,0.999946,True,162,312,224,374
41,1.708,9,data\real\pharmaceutical_capsules\extracted\datasets\Normal\492.png,normal,normal,0.999762,0.999762,0.000238,True,590,476,652,538
41,1.708,10,data\real\pharmaceutical_capsules\extracted\datasets\Anomaly\351.png,defective,normal,0.671338,0.671338,0.328662,False,1131,143,1193,205
41,1.708,11,data\real\pharmaceutical_capsules\extracted\datasets\Normal\305.png,normal,normal,0.999814,0.999814,0.000186,True,278,324,340,386
41,1.708,12,data\real\pharmaceutical_capsules\extracted\datasets\Normal\082.png,normal,normal,0.999814,0.999814,0.000186,True,1187,496,1249,558
41,1.708,13,data\real\pharmaceutical_capsules\extracted\datasets\Normal\481.png,normal,normal,0.999822,0.999822,0.000178,True,120,161,182,223
41,1.708,14,data\real\pharmaceutical_capsules\extracted\datasets\Anomaly\455.png,defective,defective,0.99982,0.00018,0.99982,True,529,325,591,387
41,1.708,15,data\real\pharmaceutical_capsules\extracted\datasets\Normal\446.png,normal,normal,0.999598,0.999598,0.000402,True,1056,469,1118,531
41,1.708,16,data\real\pharmaceutical_capsules\extracted\datasets\Normal\067.png,normal,normal,0.999754,0.999754,0.000246,True,1144,142,1206,204
41,1.708,17,data\real\pharmaceutical_capsules\extracted\datasets\Normal\338.png,normal,normal,0.999837,0.999837,0.000163,True,0,326,46,388
41,1.708,18,data\real\pharmaceutical_capsules\extracted\datasets\Anomaly\140.png,defective,defective,0.99995,5e-05,0.99995,True,968,490,1030,552
41,1.708,19,data\real\pharmaceutical_capsules\extracted\datasets\Anomaly\242.png,defective,defective,0.9999,0.0001,0.9999,True,609,154,671,216
41,1.708,20,data\real\pharmaceutical_capsules\extracted\datasets\Normal\158.png,normal,normal,0.999763,0.999763,0.000237,True,1029,306,1091,368
41,1.708,21,data\real\pharmaceutical_capsules\extracted\datasets\Anomaly\415.png,defective,defective,0.999412,0.000588,0.999412,True,373,482,435,544
41,1.708,22,data\real\pharmaceutical_capsules\extracted\datasets\Normal\427.png,normal,normal,0.99977,0.99977,0.00023,True,640,151,702,213
41,1.708,23,data\real\pharmaceutical_capsules\extracted\datasets\Normal\424.png,normal,normal,0.999628,0.999628,0.000372,True,1233,305,1279,367
41,1.708,24,data\real\pharmaceutical_capsules\extracted\datasets\Normal\443.png,normal,normal,0.99986,0.99986,0.00014,True,195,487,257,549
41,1.708,25,data\real\pharmaceutical_capsules\extracted\datasets\Anomaly\321.png,defective,defective,0.999956,4.4e-05,0.999956,True,239,157,301,219
41,1.708,26,data\real\pharmaceutical_capsules\extracted\datasets\Normal\403.png,normal,normal,0.999762,0.999762,0.000238,True,793,331,855,393
41,1.708,27,data\real\pharmaceutical_capsules\extracted\datasets\Anomaly\459.png,defective,defective,0.99997,3e-05,0.99997,True,333,501,395,563
41,1.708,28,data\real\pharmaceutical_capsules\extracted\datasets\Anomaly\137.png,defective,defective,0.999974,2.6e-05,0.999974,True,902,162,964,224
41,1.708,29,data\real\pharmaceutical_capsules\extracted\datasets\Anomaly\587.png,defective,defective,0.99997,3e-05,0.99997,True,151,310,213,372
41,1.708,30,data\real\pharmaceutical_capsules\extracted\datasets\Normal\440.png,normal,normal,0.99979,0.99979,0.00021,True,270,470,332,532
41,1.708,31,data\real\pharmaceutical_capsules\extracted\datasets\Anomaly\469.png,defective,defective,0.999943,5.7e-05,0.999943,True,350,147,412,209
41,1.708,32,data\real\pharmaceutical_capsules\extracted\datasets\Anomaly\094.png,defective,defective,0.999814,0.000186,0.999814,True,694,306,756,368
41,1.708,33,data\real\pharmaceutical_capsules\extracted\datasets\Anomaly\273.png,defective,defective,0.99996,4e-05,0.99996,True,917,496,979,558
41,1.708,34,data\real\pharmaceutical_capsules\extracted\datasets\Normal\033.png,normal,normal,0.999738,0.999738,0.000262,True,117,137,179,199
41,1.708,35,data\real\pharmaceutical_capsules\extracted\datasets\Anomaly\071.png,defective,defective,0.999933,6.7e-05,0.999933,True,301,336,363,398
41,1.708,36,data\real\pharmaceutical_capsules\extracted\datasets\Normal\386.png,normal,normal,0.999792,0.999792,0.000208,True,1138,488,1200,550
42,1.75,1,data\real\pharmaceutical_capsules\extracted\datasets\Anomaly\316.png,defective,defective,0.999963,3.7e-05,0.999963,True,977,138,1039,200
42,1.75,2,data\real\pharmaceutical_capsules\extracted\datasets\Normal\068.png,normal,normal,0.999773,0.999773,0.000227,True,472,310,534,372
42,1.75,3,data\real\pharmaceutical_capsules\extracted\datasets\Normal\149.png,normal,normal,0.999805,0.999805,0.000195,True,1025,501,1087,563
42,1.75,4,data\real\pharmaceutical_capsules\extracted\datasets\Anomaly\443.png,defective,defective,0.999923,7.7e-05,0.999923,True,699,138,761,200
42,1.75,5,data\real\pharmaceutical_capsules\extracted\datasets\Anomaly\221.png,defective,defective,0.999938,6.2e-05,0.999938,True,456,303,518,365
42,1.75,6,data\real\pharmaceutical_capsules\extracted\datasets\Normal\012.png,normal,normal,0.992716,0.992716,0.007284,True,1075,501,1137,563
42,1.75,7,data\real\pharmaceutical_capsules\extracted\datasets\Anomaly\124.png,defective,defective,0.999966,3.4e-05,0.999966,True,733,154,795,216
42,1.75,8,data\real\pharmaceutical_capsules\extracted\datasets\Anomaly\192.png,defective,defective,0.999946,5.4e-05,0.999946,True,167,312,229,374
42,1.75,9,data\real\pharmaceutical_capsules\extracted\datasets\Normal\492.png,normal,normal,0.999762,0.999762,0.000238,True,594,476,656,538
42,1.75,10,data\real\pharmaceutical_capsules\extracted\datasets\Anomaly\351.png,defective,normal,0.671338,0.671338,0.328662,False,1136,143,1198,205
42,1.75,11,data\real\pharmaceutical_capsules\extracted\datasets\Normal\305.png,normal,normal,0.999814,0.999814,0.000186,True,282,324,344,386
42,1.75,12,data\real\pharmaceutical_capsules\extracted\datasets\Normal\082.png,normal,normal,0.999814,0.999814,0.000186,True,1192,496,1254,558
42,1.75,13,data\real\pharmaceutical_capsules\extracted\datasets\Normal\481.png,normal,normal,0.999822,0.999822,0.000178,True,124,161,186,223
42,1.75,14,data\real\pharmaceutical_capsules\extracted\datasets\Anomaly\455.png,defective,defective,0.99982,0.00018,0.99982,True,534,325,596,387
42,1.75,15,data\real\pharmaceutical_capsules\extracted\datasets\Normal\446.png,normal,normal,0.999598,0.999598,0.000402,True,1060,469,1122,531
42,1.75,16,data\real\pharmaceutical_capsules\extracted\datasets\Normal\067.png,normal,normal,0.999754,0.999754,0.000246,True,1148,142,1210,204
42,1.75,17,data\real\pharmaceutical_capsules\extracted\datasets\Normal\338.png,normal,normal,0.999837,0.999837,0.000163,True,0,326,51,388
42,1.75,18,data\real\pharmaceutical_capsules\extracted\datasets\Anomaly\140.png,defective,defective,0.99995,5e-05,0.99995,True,972,490,1034,552
42,1.75,19,data\real\pharmaceutical_capsules\extracted\datasets\Anomaly\242.png,defective,defective,0.9999,0.0001,0.9999,True,613,154,675,216
42,1.75,20,data\real\pharmaceutical_capsules\extracted\datasets\Normal\158.png,normal,normal,0.999763,0.999763,0.000237,True,1033,306,1095,368
42,1.75,21,data\real\pharmaceutical_capsules\extracted\datasets\Anomaly\415.png,defective,defective,0.999412,0.000588,0.999412,True,378,482,440,544
42,1.75,22,data\real\pharmaceutical_capsules\extracted\datasets\Normal\427.png,normal,normal,0.99977,0.99977,0.00023,True,644,151,706,213
42,1.75,23,data\real\pharmaceutical_capsules\extracted\datasets\Normal\424.png,normal,normal,0.999628,0.999628,0.000372,True,1237,305,1279,367
42,1.75,24,data\real\pharmaceutical_capsules\extracted\datasets\Normal\443.png,normal,normal,0.99986,0.99986,0.00014,True,200,487,262,549
42,1.75,25,data\real\pharmaceutical_capsules\extracted\datasets\Anomaly\321.png,defective,defective,0.999956,4.4e-05,0.999956,True,243,157,305,219
42,1.75,26,data\real\pharmaceutical_capsules\extracted\datasets\Normal\403.png,normal,normal,0.999762,0.999762,0.000238,True,798,331,860,393
42,1.75,27,data\real\pharmaceutical_capsules\extracted\datasets\Anomaly\459.png,defective,defective,0.99997,3e-05,0.99997,True,337,501,399,563
42,1.75,28,data\real\pharmaceutical_capsules\extracted\datasets\Anomaly\137.png,defective,defective,0.999974,2.6e-05,0.999974,True,907,162,969,224
42,1.75,29,data\real\pharmaceutical_capsules\extracted\datasets\Anomaly\587.png,defective,defective,0.99997,3e-05,0.99997,True,155,310,217,372
42,1.75,30,data\real\pharmaceutical_capsules\extracted\datasets\Normal\440.png,normal,normal,0.99979,0.99979,0.00021,True,275,470,337,532
42,1.75,31,data\real\pharmaceutical_capsules\extracted\datasets\Anomaly\469.png,defective,defective,0.999943,5.7e-05,0.999943,True,354,147,416,209
42,1.75,32,data\real\pharmaceutical_capsules\extracted\datasets\Anomaly\094.png,defective,defective,0.999814,0.000186,0.999814,True,699,306,761,368
42,1.75,33,data\real\pharmaceutical_capsules\extracted\datasets\Anomaly\273.png,defective,defective,0.99996,4e-05,0.99996,True,921,496,983,558
42,1.75,34,data\real\pharmaceutical_capsules\extracted\datasets\Normal\033.png,normal,normal,0.999738,0.999738,0.000262,True,121,137,183,199
42,1.75,35,data\real\pharmaceutical_capsules\extracted\datasets\Anomaly\071.png,defective,defective,0.999933,6.7e-05,0.999933,True,305,336,367,398
42,1.75,36,data\real\pharmaceutical_capsules\extracted\datasets\Normal\386.png,normal,normal,0.999792,0.999792,0.000208,True,1142,488,1204,550
43,1.792,1,data\real\pharmaceutical_capsules\extracted\datasets\Anomaly\316.png,defective,defective,0.999963,3.7e-05,0.999963,True,981,138,1043,200
43,1.792,2,data\real\pharmaceutical_capsules\extracted\datasets\Normal\068.png,normal,normal,0.999773,0.999773,0.000227,True,476,310,538,372
43,1.792,3,data\real\pharmaceutical_capsules\extracted\datasets\Normal\149.png,normal,normal,0.999805,0.999805,0.000195,True,1029,501,1091,563
43,1.792,4,data\real\pharmaceutical_capsules\extracted\datasets\Anomaly\443.png,defective,defective,0.999923,7.7e-05,0.999923,True,703,138,765,200
43,1.792,5,data\real\pharmaceutical_capsules\extracted\datasets\Anomaly\221.png,defective,defective,0.999938,6.2e-05,0.999938,True,461,303,523,365
43,1.792,6,data\real\pharmaceutical_capsules\extracted\datasets\Normal\012.png,normal,normal,0.992716,0.992716,0.007284,True,1080,501,1142,563
43,1.792,7,data\real\pharmaceutical_capsules\extracted\datasets\Anomaly\124.png,defective,defective,0.999966,3.4e-05,0.999966,True,738,154,800,216
43,1.792,8,data\real\pharmaceutical_capsules\extracted\datasets\Anomaly\192.png,defective,defective,0.999946,5.4e-05,0.999946,True,171,312,233,374
43,1.792,9,data\real\pharmaceutical_capsules\extracted\datasets\Normal\492.png,normal,normal,0.999762,0.999762,0.000238,True,599,476,661,538
43,1.792,10,data\real\pharmaceutical_capsules\extracted\datasets\Anomaly\351.png,defective,normal,0.671338,0.671338,0.328662,False,1140,143,1202,205
43,1.792,11,data\real\pharmaceutical_capsules\extracted\datasets\Normal\305.png,normal,normal,0.999814,0.999814,0.000186,True,287,324,349,386
43,1.792,12,data\real\pharmaceutical_capsules\extracted\datasets\Normal\082.png,normal,normal,0.999814,0.999814,0.000186,True,1196,496,1258,558
43,1.792,13,data\real\pharmaceutical_capsules\extracted\datasets\Normal\481.png,normal,normal,0.999822,0.999822,0.000178,True,129,161,191,223
43,1.792,14,data\real\pharmaceutical_capsules\extracted\datasets\Anomaly\455.png,defective,defective,0.99982,0.00018,0.99982,True,538,325,600,387
43,1.792,15,data\real\pharmaceutical_capsules\extracted\datasets\Normal\446.png,normal,normal,0.999598,0.999598,0.000402,True,1065,469,1127,531
43,1.792,16,data\real\pharmaceutical_capsules\extracted\datasets\Normal\067.png,normal,normal,0.999754,0.999754,0.000246,True,1153,142,1215,204
43,1.792,17,data\real\pharmaceutical_capsules\extracted\datasets\Normal\338.png,normal,normal,0.999837,0.999837,0.000163,True,0,326,55,388
43,1.792,18,data\real\pharmaceutical_capsules\extracted\datasets\Anomaly\140.png,defective,defective,0.99995,5e-05,0.99995,True,977,490,1039,552
43,1.792,19,data\real\pharmaceutical_capsules\extracted\datasets\Anomaly\242.png,defective,defective,0.9999,0.0001,0.9999,True,618,154,680,216
43,1.792,20,data\real\pharmaceutical_capsules\extracted\datasets\Normal\158.png,normal,normal,0.999763,0.999763,0.000237,True,1038,306,1100,368
43,1.792,21,data\real\pharmaceutical_capsules\extracted\datasets\Anomaly\415.png,defective,defective,0.999412,0.000588,0.999412,True,382,482,444,544
43,1.792,22,data\real\pharmaceutical_capsules\extracted\datasets\Normal\427.png,normal,normal,0.99977,0.99977,0.00023,True,649,151,711,213
43,1.792,23,data\real\pharmaceutical_capsules\extracted\datasets\Normal\424.png,normal,normal,0.999628,0.999628,0.000372,True,1242,305,1279,367
43,1.792,24,data\real\pharmaceutical_capsules\extracted\datasets\Normal\443.png,normal,normal,0.99986,0.99986,0.00014,True,204,487,266,549
43,1.792,25,data\real\pharmaceutical_capsules\extracted\datasets\Anomaly\321.png,defective,defective,0.999956,4.4e-05,0.999956,True,248,157,310,219
43,1.792,26,data\real\pharmaceutical_capsules\extracted\datasets\Normal\403.png,normal,normal,0.999762,0.999762,0.000238,True,802,331,864,393
43,1.792,27,data\real\pharmaceutical_capsules\extracted\datasets\Anomaly\459.png,defective,defective,0.99997,3e-05,0.99997,True,342,501,404,563
43,1.792,28,data\real\pharmaceutical_capsules\extracted\datasets\Anomaly\137.png,defective,defective,0.999974,2.6e-05,0.999974,True,911,162,973,224
43,1.792,29,data\real\pharmaceutical_capsules\extracted\datasets\Anomaly\587.png,defective,defective,0.99997,3e-05,0.99997,True,160,310,222,372
43,1.792,30,data\real\pharmaceutical_capsules\extracted\datasets\Normal\440.png,normal,normal,0.99979,0.99979,0.00021,True,279,470,341,532
43,1.792,31,data\real\pharmaceutical_capsules\extracted\datasets\Anomaly\469.png,defective,defective,0.999943,5.7e-05,0.999943,True,359,147,421,209
43,1.792,32,data\real\pharmaceutical_capsules\extracted\datasets\Anomaly\094.png,defective,defective,0.999814,0.000186,0.999814,True,703,306,765,368
43,1.792,33,data\real\pharmaceutical_capsules\extracted\datasets\Anomaly\273.png,defective,defective,0.99996,4e-05,0.99996,True,926,496,988,558
43,1.792,34,data\real\pharmaceutical_capsules\extracted\datasets\Normal\033.png,normal,normal,0.999738,0.999738,0.000262,True,126,137,188,199
43,1.792,35,data\real\pharmaceutical_capsules\extracted\datasets\Anomaly\071.png,defective,defective,0.999933,6.7e-05,0.999933,True,310,336,372,398
43,1.792,36,data\real\pharmaceutical_capsules\extracted\datasets\Normal\386.png,normal,normal,0.999792,0.999792,0.000208,True,1147,488,1209,550
44,1.833,1,data\real\pharmaceutical_capsules\extracted\datasets\Anomaly\316.png,defective,defective,0.999963,3.7e-05,0.999963,True,986,138,1048,200
44,1.833,2,data\real\pharmaceutical_capsules\extracted\datasets\Normal\068.png,normal,normal,0.999773,0.999773,0.000227,True,481,310,543,372
44,1.833,3,data\real\pharmaceutical_capsules\extracted\datasets\Normal\149.png,normal,normal,0.999805,0.999805,0.000195,True,1034,501,1096,563
44,1.833,4,data\real\pharmaceutical_capsules\extracted\datasets\Anomaly\443.png,defective,defective,0.999923,7.7e-05,0.999923,True,708,138,770,200
44,1.833,5,data\real\pharmaceutical_capsules\extracted\datasets\Anomaly\221.png,defective,defective,0.999938,6.2e-05,0.999938,True,465,303,527,365
44,1.833,6,data\real\pharmaceutical_capsules\extracted\datasets\Normal\012.png,normal,normal,0.992716,0.992716,0.007284,True,1084,501,1146,563
44,1.833,7,data\real\pharmaceutical_capsules\extracted\datasets\Anomaly\124.png,defective,defective,0.999966,3.4e-05,0.999966,True,742,154,804,216
44,1.833,8,data\real\pharmaceutical_capsules\extracted\datasets\Anomaly\192.png,defective,defective,0.999946,5.4e-05,0.999946,True,176,312,238,374
44,1.833,9,data\real\pharmaceutical_capsules\extracted\datasets\Normal\492.png,normal,normal,0.999762,0.999762,0.000238,True,603,476,665,538
44,1.833,10,data\real\pharmaceutical_capsules\extracted\datasets\Anomaly\351.png,defective,normal,0.671338,0.671338,0.328662,False,1145,143,1207,205
44,1.833,11,data\real\pharmaceutical_capsules\extracted\datasets\Normal\305.png,normal,normal,0.999814,0.999814,0.000186,True,291,324,353,386
44,1.833,12,data\real\pharmaceutical_capsules\extracted\datasets\Normal\082.png,normal,normal,0.999814,0.999814,0.000186,True,1201,496,1263,558
44,1.833,13,data\real\pharmaceutical_capsules\extracted\datasets\Normal\481.png,normal,normal,0.999822,0.999822,0.000178,True,133,161,195,223
44,1.833,14,data\real\pharmaceutical_capsules\extracted\datasets\Anomaly\455.png,defective,defective,0.99982,0.00018,0.99982,True,543,325,605,387
44,1.833,15,data\real\pharmaceutical_capsules\extracted\datasets\Normal\446.png,normal,normal,0.999598,0.999598,0.000402,True,1069,469,1131,531
44,1.833,16,data\real\pharmaceutical_capsules\extracted\datasets\Normal\067.png,normal,normal,0.999754,0.999754,0.000246,True,1157,142,1219,204
44,1.833,17,data\real\pharmaceutical_capsules\extracted\datasets\Normal\338.png,normal,normal,0.999837,0.999837,0.000163,True,0,326,60,388
44,1.833,18,data\real\pharmaceutical_capsules\extracted\datasets\Anomaly\140.png,defective,defective,0.99995,5e-05,0.99995,True,981,490,1043,552
44,1.833,19,data\real\pharmaceutical_capsules\extracted\datasets\Anomaly\242.png,defective,defective,0.9999,0.0001,0.9999,True,622,154,684,216
44,1.833,20,data\real\pharmaceutical_capsules\extracted\datasets\Normal\158.png,normal,normal,0.999763,0.999763,0.000237,True,1042,306,1104,368
44,1.833,21,data\real\pharmaceutical_capsules\extracted\datasets\Anomaly\415.png,defective,defective,0.999412,0.000588,0.999412,True,387,482,449,544
44,1.833,22,data\real\pharmaceutical_capsules\extracted\datasets\Normal\427.png,normal,normal,0.99977,0.99977,0.00023,True,653,151,715,213
44,1.833,23,data\real\pharmaceutical_capsules\extracted\datasets\Normal\424.png,normal,normal,0.999628,0.999628,0.000372,True,1246,305,1279,367
44,1.833,24,data\real\pharmaceutical_capsules\extracted\datasets\Normal\443.png,normal,normal,0.99986,0.99986,0.00014,True,209,487,271,549
44,1.833,25,data\real\pharmaceutical_capsules\extracted\datasets\Anomaly\321.png,defective,defective,0.999956,4.4e-05,0.999956,True,252,157,314,219
44,1.833,26,data\real\pharmaceutical_capsules\extracted\datasets\Normal\403.png,normal,normal,0.999762,0.999762,0.000238,True,807,331,869,393
44,1.833,27,data\real\pharmaceutical_capsules\extracted\datasets\Anomaly\459.png,defective,defective,0.99997,3e-05,0.99997,True,346,501,408,563
44,1.833,28,data\real\pharmaceutical_capsules\extracted\datasets\Anomaly\137.png,defective,defective,0.999974,2.6e-05,0.999974,True,916,162,978,224
44,1.833,29,data\real\pharmaceutical_capsules\extracted\datasets\Anomaly\587.png,defective,defective,0.99997,3e-05,0.99997,True,164,310,226,372
44,1.833,30,data\real\pharmaceutical_capsules\extracted\datasets\Normal\440.png,normal,normal,0.99979,0.99979,0.00021,True,284,470,346,532
44,1.833,31,data\real\pharmaceutical_capsules\extracted\datasets\Anomaly\469.png,defective,defective,0.999943,5.7e-05,0.999943,True,363,147,425,209
44,1.833,32,data\real\pharmaceutical_capsules\extracted\datasets\Anomaly\094.png,defective,defective,0.999814,0.000186,0.999814,True,708,306,770,368
44,1.833,33,data\real\pharmaceutical_capsules\extracted\datasets\Anomaly\273.png,defective,defective,0.99996,4e-05,0.99996,True,930,496,992,558
44,1.833,34,data\real\pharmaceutical_capsules\extracted\datasets\Normal\033.png,normal,normal,0.999738,0.999738,0.000262,True,130,137,192,199
44,1.833,35,data\real\pharmaceutical_capsules\extracted\datasets\Anomaly\071.png,defective,defective,0.999933,6.7e-05,0.999933,True,314,336,376,398
44,1.833,36,data\real\pharmaceutical_capsules\extracted\datasets\Normal\386.png,normal,normal,0.999792,0.999792,0.000208,True,1151,488,1213,550
45,1.875,1,data\real\pharmaceutical_capsules\extracted\datasets\Anomaly\316.png,defective,defective,0.999963,3.7e-05,0.999963,True,990,138,1052,200
45,1.875,2,data\real\pharmaceutical_capsules\extracted\datasets\Normal\068.png,normal,normal,0.999773,0.999773,0.000227,True,485,310,547,372
45,1.875,3,data\real\pharmaceutical_capsules\extracted\datasets\Normal\149.png,normal,normal,0.999805,0.999805,0.000195,True,1038,501,1100,563
45,1.875,4,data\real\pharmaceutical_capsules\extracted\datasets\Anomaly\443.png,defective,defective,0.999923,7.7e-05,0.999923,True,712,138,774,200
45,1.875,5,data\real\pharmaceutical_capsules\extracted\datasets\Anomaly\221.png,defective,defective,0.999938,6.2e-05,0.999938,True,470,303,532,365
45,1.875,6,data\real\pharmaceutical_capsules\extracted\datasets\Normal\012.png,normal,normal,0.992716,0.992716,0.007284,True,1089,501,1151,563
45,1.875,7,data\real\pharmaceutical_capsules\extracted\datasets\Anomaly\124.png,defective,defective,0.999966,3.4e-05,0.999966,True,747,154,809,216
45,1.875,8,data\real\pharmaceutical_capsules\extracted\datasets\Anomaly\192.png,defective,defective,0.999946,5.4e-05,0.999946,True,180,312,242,374
45,1.875,9,data\real\pharmaceutical_capsules\extracted\datasets\Normal\492.png,normal,normal,0.999762,0.999762,0.000238,True,608,476,670,538
45,1.875,10,data\real\pharmaceutical_capsules\extracted\datasets\Anomaly\351.png,defective,normal,0.671338,0.671338,0.328662,False,1149,143,1211,205
45,1.875,11,data\real\pharmaceutical_capsules\extracted\datasets\Normal\305.png,normal,normal,0.999814,0.999814,0.000186,True,296,324,358,386
45,1.875,12,data\real\pharmaceutical_capsules\extracted\datasets\Normal\082.png,normal,normal,0.999814,0.999814,0.000186,True,1205,496,1267,558
45,1.875,13,data\real\pharmaceutical_capsules\extracted\datasets\Normal\481.png,normal,normal,0.999822,0.999822,0.000178,True,138,161,200,223
45,1.875,14,data\real\pharmaceutical_capsules\extracted\datasets\Anomaly\455.png,defective,defective,0.99982,0.00018,0.99982,True,547,325,609,387
45,1.875,15,data\real\pharmaceutical_capsules\extracted\datasets\Normal\446.png,normal,normal,0.999598,0.999598,0.000402,True,1074,469,1136,531
45,1.875,16,data\real\pharmaceutical_capsules\extracted\datasets\Normal\067.png,normal,normal,0.999754,0.999754,0.000246,True,1162,142,1224,204
45,1.875,17,data\real\pharmaceutical_capsules\extracted\datasets\Normal\338.png,normal,normal,0.999837,0.999837,0.000163,True,1,326,63,388
45,1.875,18,data\real\pharmaceutical_capsules\extracted\datasets\Anomaly\140.png,defective,defective,0.99995,5e-05,0.99995,True,986,490,1048,552
45,1.875,19,data\real\pharmaceutical_capsules\extracted\datasets\Anomaly\242.png,defective,defective,0.9999,0.0001,0.9999,True,627,154,689,216
45,1.875,20,data\real\pharmaceutical_capsules\extracted\datasets\Normal\158.png,normal,normal,0.999763,0.999763,0.000237,True,1047,306,1109,368
45,1.875,21,data\real\pharmaceutical_capsules\extracted\datasets\Anomaly\415.png,defective,defective,0.999412,0.000588,0.999412,True,391,482,453,544
45,1.875,22,data\real\pharmaceutical_capsules\extracted\datasets\Normal\427.png,normal,normal,0.99977,0.99977,0.00023,True,658,151,720,213
45,1.875,23,data\real\pharmaceutical_capsules\extracted\datasets\Normal\424.png,normal,normal,0.999628,0.999628,0.000372,True,0,305,34,367
45,1.875,24,data\real\pharmaceutical_capsules\extracted\datasets\Normal\443.png,normal,normal,0.99986,0.99986,0.00014,True,213,487,275,549
45,1.875,25,data\real\pharmaceutical_capsules\extracted\datasets\Anomaly\321.png,defective,defective,0.999956,4.4e-05,0.999956,True,257,157,319,219
45,1.875,26,data\real\pharmaceutical_capsules\extracted\datasets\Normal\403.png,normal,normal,0.999762,0.999762,0.000238,True,811,331,873,393
45,1.875,27,data\real\pharmaceutical_capsules\extracted\datasets\Anomaly\459.png,defective,defective,0.99997,3e-05,0.99997,True,351,501,413,563
45,1.875,28,data\real\pharmaceutical_capsules\extracted\datasets\Anomaly\137.png,defective,defective,0.999974,2.6e-05,0.999974,True,920,162,982,224
45,1.875,29,data\real\pharmaceutical_capsules\extracted\datasets\Anomaly\587.png,defective,defective,0.99997,3e-05,0.99997,True,169,310,231,372
45,1.875,30,data\real\pharmaceutical_capsules\extracted\datasets\Normal\440.png,normal,normal,0.99979,0.99979,0.00021,True,288,470,350,532
45,1.875,31,data\real\pharmaceutical_capsules\extracted\datasets\Anomaly\469.png,defective,defective,0.999943,5.7e-05,0.999943,True,368,147,430,209
45,1.875,32,data\real\pharmaceutical_capsules\extracted\datasets\Anomaly\094.png,defective,defective,0.999814,0.000186,0.999814,True,712,306,774,368
45,1.875,33,data\real\pharmaceutical_capsules\extracted\datasets\Anomaly\273.png,defective,defective,0.99996,4e-05,0.99996,True,935,496,997,558
45,1.875,34,data\real\pharmaceutical_capsules\extracted\datasets\Normal\033.png,normal,normal,0.999738,0.999738,0.000262,True,135,137,197,199
45,1.875,35,data\real\pharmaceutical_capsules\extracted\datasets\Anomaly\071.png,defective,defective,0.999933,6.7e-05,0.999933,True,319,336,381,398
45,1.875,36,data\real\pharmaceutical_capsules\extracted\datasets\Normal\386.png,normal,normal,0.999792,0.999792,0.000208,True,1156,488,1218,550
46,1.917,1,data\real\pharmaceutical_capsules\extracted\datasets\Anomaly\316.png,defective,defective,0.999963,3.7e-05,0.999963,True,995,138,1057,200
46,1.917,2,data\real\pharmaceutical_capsules\extracted\datasets\Normal\068.png,normal,normal,0.999773,0.999773,0.000227,True,490,310,552,372
46,1.917,3,data\real\pharmaceutical_capsules\extracted\datasets\Normal\149.png,normal,normal,0.999805,0.999805,0.000195,True,1043,501,1105,563
46,1.917,4,data\real\pharmaceutical_capsules\extracted\datasets\Anomaly\443.png,defective,defective,0.999923,7.7e-05,0.999923,True,717,138,779,200
46,1.917,5,data\real\pharmaceutical_capsules\extracted\datasets\Anomaly\221.png,defective,defective,0.999938,6.2e-05,0.999938,True,474,303,536,365
46,1.917,6,data\real\pharmaceutical_capsules\extracted\datasets\Normal\012.png,normal,normal,0.992716,0.992716,0.007284,True,1093,501,1155,563
46,1.917,7,data\real\pharmaceutical_capsules\extracted\datasets\Anomaly\124.png,defective,defective,0.999966,3.4e-05,0.999966,True,751,154,813,216
46,1.917,8,data\real\pharmaceutical_capsules\extracted\datasets\Anomaly\192.png,defective,defective,0.999946,5.4e-05,0.999946,True,185,312,247,374
46,1.917,9,data\real\pharmaceutical_capsules\extracted\datasets\Normal\492.png,normal,normal,0.999762,0.999762,0.000238,True,612,476,674,538
46,1.917,10,data\real\pharmaceutical_capsules\extracted\datasets\Anomaly\351.png,defective,normal,0.671338,0.671338,0.328662,False,1154,143,1216,205
46,1.917,11,data\real\pharmaceutical_capsules\extracted\datasets\Normal\305.png,normal,normal,0.999814,0.999814,0.000186,True,300,324,362,386
46,1.917,12,data\real\pharmaceutical_capsules\extracted\datasets\Normal\082.png,normal,normal,0.999814,0.999814,0.000186,True,1210,496,1272,558
46,1.917,13,data\real\pharmaceutical_capsules\extracted\datasets\Normal\481.png,normal,normal,0.999822,0.999822,0.000178,True,142,161,204,223
46,1.917,14,data\real\pharmaceutical_capsules\extracted\datasets\Anomaly\455.png,defective,defective,0.99982,0.00018,0.99982,True,552,325,614,387
46,1.917,15,data\real\pharmaceutical_capsules\extracted\datasets\Normal\446.png,normal,normal,0.999598,0.999598,0.000402,True,1078,469,1140,531
46,1.917,16,data\real\pharmaceutical_capsules\extracted\datasets\Normal\067.png,normal,normal,0.999754,0.999754,0.000246,True,1166,142,1228,204
46,1.917,17,data\real\pharmaceutical_capsules\extracted\datasets\Normal\338.png,normal,normal,0.999837,0.999837,0.000163,True,6,326,68,388
46,1.917,18,data\real\pharmaceutical_capsules\extracted\datasets\Anomaly\140.png,defective,defective,0.99995,5e-05,0.99995,True,990,490,1052,552
46,1.917,19,data\real\pharmaceutical_capsules\extracted\datasets\Anomaly\242.png,defective,defective,0.9999,0.0001,0.9999,True,631,154,693,216
46,1.917,20,data\real\pharmaceutical_capsules\extracted\datasets\Normal\158.png,normal,normal,0.999763,0.999763,0.000237,True,1051,306,1113,368
46,1.917,21,data\real\pharmaceutical_capsules\extracted\datasets\Anomaly\415.png,defective,defective,0.999412,0.000588,0.999412,True,396,482,458,544
46,1.917,22,data\real\pharmaceutical_capsules\extracted\datasets\Normal\427.png,normal,normal,0.99977,0.99977,0.00023,True,662,151,724,213
46,1.917,23,data\real\pharmaceutical_capsules\extracted\datasets\Normal\424.png,normal,normal,0.999628,0.999628,0.000372,True,0,305,38,367
46,1.917,24,data\real\pharmaceutical_capsules\extracted\datasets\Normal\443.png,normal,normal,0.99986,0.99986,0.00014,True,218,487,280,549
46,1.917,25,data\real\pharmaceutical_capsules\extracted\datasets\Anomaly\321.png,defective,defective,0.999956,4.4e-05,0.999956,True,261,157,323,219
46,1.917,26,data\real\pharmaceutical_capsules\extracted\datasets\Normal\403.png,normal,normal,0.999762,0.999762,0.000238,True,816,331,878,393
46,1.917,27,data\real\pharmaceutical_capsules\extracted\datasets\Anomaly\459.png,defective,defective,0.99997,3e-05,0.99997,True,355,501,417,563
46,1.917,28,data\real\pharmaceutical_capsules\extracted\datasets\Anomaly\137.png,defective,defective,0.999974,2.6e-05,0.999974,True,925,162,987,224
46,1.917,29,data\real\pharmaceutical_capsules\extracted\datasets\Anomaly\587.png,defective,defective,0.99997,3e-05,0.99997,True,173,310,235,372
46,1.917,30,data\real\pharmaceutical_capsules\extracted\datasets\Normal\440.png,normal,normal,0.99979,0.99979,0.00021,True,293,470,355,532
46,1.917,31,data\real\pharmaceutical_capsules\extracted\datasets\Anomaly\469.png,defective,defective,0.999943,5.7e-05,0.999943,True,372,147,434,209
46,1.917,32,data\real\pharmaceutical_capsules\extracted\datasets\Anomaly\094.png,defective,defective,0.999814,0.000186,0.999814,True,717,306,779,368
46,1.917,33,data\real\pharmaceutical_capsules\extracted\datasets\Anomaly\273.png,defective,defective,0.99996,4e-05,0.99996,True,939,496,1001,558
46,1.917,34,data\real\pharmaceutical_capsules\extracted\datasets\Normal\033.png,normal,normal,0.999738,0.999738,0.000262,True,139,137,201,199
46,1.917,35,data\real\pharmaceutical_capsules\extracted\datasets\Anomaly\071.png,defective,defective,0.999933,6.7e-05,0.999933,True,323,336,385,398
46,1.917,36,data\real\pharmaceutical_capsules\extracted\datasets\Normal\386.png,normal,normal,0.999792,0.999792,0.000208,True,1160,488,1222,550
47,1.958,1,data\real\pharmaceutical_capsules\extracted\datasets\Anomaly\316.png,defective,defective,0.999963,3.7e-05,0.999963,True,999,138,1061,200
47,1.958,2,data\real\pharmaceutical_capsules\extracted\datasets\Normal\068.png,normal,normal,0.999773,0.999773,0.000227,True,494,310,556,372
47,1.958,3,data\real\pharmaceutical_capsules\extracted\datasets\Normal\149.png,normal,normal,0.999805,0.999805,0.000195,True,1047,501,1109,563
47,1.958,4,data\real\pharmaceutical_capsules\extracted\datasets\Anomaly\443.png,defective,defective,0.999923,7.7e-05,0.999923,True,721,138,783,200
47,1.958,5,data\real\pharmaceutical_capsules\extracted\datasets\Anomaly\221.png,defective,defective,0.999938,6.2e-05,0.999938,True,479,303,541,365
47,1.958,6,data\real\pharmaceutical_capsules\extracted\datasets\Normal\012.png,normal,normal,0.992716,0.992716,0.007284,True,1098,501,1160,563
47,1.958,7,data\real\pharmaceutical_capsules\extracted\datasets\Anomaly\124.png,defective,defective,0.999966,3.4e-05,0.999966,True,756,154,818,216
47,1.958,8,data\real\pharmaceutical_capsules\extracted\datasets\Anomaly\192.png,defective,defective,0.999946,5.4e-05,0.999946,True,189,312,251,374
47,1.958,9,data\real\pharmaceutical_capsules\extracted\datasets\Normal\492.png,normal,normal,0.999762,0.999762,0.000238,True,617,476,679,538
47,1.958,10,data\real\pharmaceutical_capsules\extracted\datasets\Anomaly\351.png,defective,normal,0.671338,0.671338,0.328662,False,1158,143,1220,205
47,1.958,11,data\real\pharmaceutical_capsules\extracted\datasets\Normal\305.png,normal,normal,0.999814,0.999814,0.000186,True,305,324,367,386
47,1.958,12,data\real\pharmaceutical_capsules\extracted\datasets\Normal\082.png,normal,normal,0.999814,0.999814,0.000186,True,1214,496,1276,558
47,1.958,13,data\real\pharmaceutical_capsules\extracted\datasets\Normal\481.png,normal,normal,0.999822,0.999822,0.000178,True,147,161,209,223
47,1.958,14,data\real\pharmaceutical_capsules\extracted\datasets\Anomaly\455.png,defective,defective,0.99982,0.00018,0.99982,True,556,325,618,387
47,1.958,15,data\real\pharmaceutical_capsules\extracted\datasets\Normal\446.png,normal,normal,0.999598,0.999598,0.000402,True,1083,469,1145,531
47,1.958,16,data\real\pharmaceutical_capsules\extracted\datasets\Normal\067.png,normal,normal,0.999754,0.999754,0.000246,True,1171,142,1233,204
47,1.958,17,data\real\pharmaceutical_capsules\extracted\datasets\Normal\338.png,normal,normal,0.999837,0.999837,0.000163,True,10,326,72,388
47,1.958,18,data\real\pharmaceutical_capsules\extracted\datasets\Anomaly\140.png,defective,defective,0.99995,5e-05,0.99995,True,995,490,1057,552
47,1.958,19,data\real\pharmaceutical_capsules\extracted\datasets\Anomaly\242.png,defective,defective,0.9999,0.0001,0.9999,True,636,154,698,216
47,1.958,20,data\real\pharmaceutical_capsules\extracted\datasets\Normal\158.png,normal,normal,0.999763,0.999763,0.000237,True,1056,306,1118,368
47,1.958,21,data\real\pharmaceutical_capsules\extracted\datasets\Anomaly\415.png,defective,defective,0.999412,0.000588,0.999412,True,400,482,462,544
47,1.958,22,data\real\pharmaceutical_capsules\extracted\datasets\Normal\427.png,normal,normal,0.99977,0.99977,0.00023,True,667,151,729,213
47,1.958,23,data\real\pharmaceutical_capsules\extracted\datasets\Normal\424.png,normal,normal,0.999628,0.999628,0.000372,True,0,305,43,367
47,1.958,24,data\real\pharmaceutical_capsules\extracted\datasets\Normal\443.png,normal,normal,0.99986,0.99986,0.00014,True,222,487,284,549
47,1.958,25,data\real\pharmaceutical_capsules\extracted\datasets\Anomaly\321.png,defective,defective,0.999956,4.4e-05,0.999956,True,266,157,328,219
47,1.958,26,data\real\pharmaceutical_capsules\extracted\datasets\Normal\403.png,normal,normal,0.999762,0.999762,0.000238,True,820,331,882,393
47,1.958,27,data\real\pharmaceutical_capsules\extracted\datasets\Anomaly\459.png,defective,defective,0.99997,3e-05,0.99997,True,360,501,422,563
47,1.958,28,data\real\pharmaceutical_capsules\extracted\datasets\Anomaly\137.png,defective,defective,0.999974,2.6e-05,0.999974,True,929,162,991,224
47,1.958,29,data\real\pharmaceutical_capsules\extracted\datasets\Anomaly\587.png,defective,defective,0.99997,3e-05,0.99997,True,178,310,240,372
47,1.958,30,data\real\pharmaceutical_capsules\extracted\datasets\Normal\440.png,normal,normal,0.99979,0.99979,0.00021,True,297,470,359,532
47,1.958,31,data\real\pharmaceutical_capsules\extracted\datasets\Anomaly\469.png,defective,defective,0.999943,5.7e-05,0.999943,True,377,147,439,209
47,1.958,32,data\real\pharmaceutical_capsules\extracted\datasets\Anomaly\094.png,defective,defective,0.999814,0.000186,0.999814,True,721,306,783,368
47,1.958,33,data\real\pharmaceutical_capsules\extracted\datasets\Anomaly\273.png,defective,defective,0.99996,4e-05,0.99996,True,944,496,1006,558
47,1.958,34,data\real\pharmaceutical_capsules\extracted\datasets\Normal\033.png,normal,normal,0.999738,0.999738,0.000262,True,144,137,206,199
47,1.958,35,data\real\pharmaceutical_capsules\extracted\datasets\Anomaly\071.png,defective,defective,0.999933,6.7e-05,0.999933,True,328,336,390,398
47,1.958,36,data\real\pharmaceutical_capsules\extracted\datasets\Normal\386.png,normal,normal,0.999792,0.999792,0.000208,True,1165,488,1227,550
48,2.0,1,data\real\pharmaceutical_capsules\extracted\datasets\Anomaly\316.png,defective,defective,0.999963,3.7e-05,0.999963,True,1004,138,1066,200
48,2.0,2,data\real\pharmaceutical_capsules\extracted\datasets\Normal\068.png,normal,normal,0.999773,0.999773,0.000227,True,499,310,561,372
48,2.0,3,data\real\pharmaceutical_capsules\extracted\datasets\Normal\149.png,normal,normal,0.999805,0.999805,0.000195,True,1052,501,1114,563
48,2.0,4,data\real\pharmaceutical_capsules\extracted\datasets\Anomaly\443.png,defective,defective,0.999923,7.7e-05,0.999923,True,726,138,788,200
48,2.0,5,data\real\pharmaceutical_capsules\extracted\datasets\Anomaly\221.png,defective,defective,0.999938,6.2e-05,0.999938,True,483,303,545,365
48,2.0,6,data\real\pharmaceutical_capsules\extracted\datasets\Normal\012.png,normal,normal,0.992716,0.992716,0.007284,True,1102,501,1164,563
48,2.0,7,data\real\pharmaceutical_capsules\extracted\datasets\Anomaly\124.png,defective,defective,0.999966,3.4e-05,0.999966,True,760,154,822,216
48,2.0,8,data\real\pharmaceutical_capsules\extracted\datasets\Anomaly\192.png,defective,defective,0.999946,5.4e-05,0.999946,True,194,312,256,374
48,2.0,9,data\real\pharmaceutical_capsules\extracted\datasets\Normal\492.png,normal,normal,0.999762,0.999762,0.000238,True,621,476,683,538
48,2.0,10,data\real\pharmaceutical_capsules\extracted\datasets\Anomaly\351.png,defective,normal,0.671338,0.671338,0.328662,False,1163,143,1225,205
48,2.0,11,data\real\pharmaceutical_capsules\extracted\datasets\Normal\305.png,normal,normal,0.999814,0.999814,0.000186,True,309,324,371,386
48,2.0,12,data\real\pharmaceutical_capsules\extracted\datasets\Normal\082.png,normal,normal,0.999814,0.999814,0.000186,True,1219,496,1279,558
48,2.0,13,data\real\pharmaceutical_capsules\extracted\datasets\Normal\481.png,normal,normal,0.999822,0.999822,0.000178,True,151,161,213,223
48,2.0,14,data\real\pharmaceutical_capsules\extracted\datasets\Anomaly\455.png,defective,defective,0.99982,0.00018,0.99982,True,561,325,623,387
48,2.0,15,data\real\pharmaceutical_capsules\extracted\datasets\Normal\446.png,normal,normal,0.999598,0.999598,0.000402,True,1087,469,1149,531
48,2.0,16,data\real\pharmaceutical_capsules\extracted\datasets\Normal\067.png,normal,normal,0.999754,0.999754,0.000246,True,1175,142,1237,204
48,2.0,17,data\real\pharmaceutical_capsules\extracted\datasets\Normal\338.png,normal,normal,0.999837,0.999837,0.000163,True,15,326,77,388
48,2.0,18,data\real\pharmaceutical_capsules\extracted\datasets\Anomaly\140.png,defective,defective,0.99995,5e-05,0.99995,True,999,490,1061,552
48,2.0,19,data\real\pharmaceutical_capsules\extracted\datasets\Anomaly\242.png,defective,defective,0.9999,0.0001,0.9999,True,640,154,702,216
48,2.0,20,data\real\pharmaceutical_capsules\extracted\datasets\Normal\158.png,normal,normal,0.999763,0.999763,0.000237,True,1060,306,1122,368
48,2.0,21,data\real\pharmaceutical_capsules\extracted\datasets\Anomaly\415.png,defective,defective,0.999412,0.000588,0.999412,True,405,482,467,544
48,2.0,22,data\real\pharmaceutical_capsules\extracted\datasets\Normal\427.png,normal,normal,0.99977,0.99977,0.00023,True,671,151,733,213
48,2.0,23,data\real\pharmaceutical_capsules\extracted\datasets\Normal\424.png,normal,normal,0.999628,0.999628,0.000372,True,0,305,47,367
48,2.0,24,data\real\pharmaceutical_capsules\extracted\datasets\Normal\443.png,normal,normal,0.99986,0.99986,0.00014,True,227,487,289,549
48,2.0,25,data\real\pharmaceutical_capsules\extracted\datasets\Anomaly\321.png,defective,defective,0.999956,4.4e-05,0.999956,True,270,157,332,219
48,2.0,26,data\real\pharmaceutical_capsules\extracted\datasets\Normal\403.png,normal,normal,0.999762,0.999762,0.000238,True,825,331,887,393
48,2.0,27,data\real\pharmaceutical_capsules\extracted\datasets\Anomaly\459.png,defective,defective,0.99997,3e-05,0.99997,True,364,501,426,563
48,2.0,28,data\real\pharmaceutical_capsules\extracted\datasets\Anomaly\137.png,defective,defective,0.999974,2.6e-05,0.999974,True,934,162,996,224
48,2.0,29,data\real\pharmaceutical_capsules\extracted\datasets\Anomaly\587.png,defective,defective,0.99997,3e-05,0.99997,True,182,310,244,372
48,2.0,30,data\real\pharmaceutical_capsules\extracted\datasets\Normal\440.png,normal,normal,0.99979,0.99979,0.00021,True,302,470,364,532
48,2.0,31,data\real\pharmaceutical_capsules\extracted\datasets\Anomaly\469.png,defective,defective,0.999943,5.7e-05,0.999943,True,381,147,443,209
48,2.0,32,data\real\pharmaceutical_capsules\extracted\datasets\Anomaly\094.png,defective,defective,0.999814,0.000186,0.999814,True,726,306,788,368
48,2.0,33,data\real\pharmaceutical_capsules\extracted\datasets\Anomaly\273.png,defective,defective,0.99996,4e-05,0.99996,True,948,496,1010,558
48,2.0,34,data\real\pharmaceutical_capsules\extracted\datasets\Normal\033.png,normal,normal,0.999738,0.999738,0.000262,True,148,137,210,199
48,2.0,35,data\real\pharmaceutical_capsules\extracted\datasets\Anomaly\071.png,defective,defective,0.999933,6.7e-05,0.999933,True,332,336,394,398
48,2.0,36,data\real\pharmaceutical_capsules\extracted\datasets\Normal\386.png,normal,normal,0.999792,0.999792,0.000208,True,1169,488,1231,550
49,2.042,1,data\real\pharmaceutical_capsules\extracted\datasets\Anomaly\316.png,defective,defective,0.999963,3.7e-05,0.999963,True,1008,138,1070,200
49,2.042,2,data\real\pharmaceutical_capsules\extracted\datasets\Normal\068.png,normal,normal,0.999773,0.999773,0.000227,True,503,310,565,372
49,2.042,3,data\real\pharmaceutical_capsules\extracted\datasets\Normal\149.png,normal,normal,0.999805,0.999805,0.000195,True,1056,501,1118,563
49,2.042,4,data\real\pharmaceutical_capsules\extracted\datasets\Anomaly\443.png,defective,defective,0.999923,7.7e-05,0.999923,True,730,138,792,200
49,2.042,5,data\real\pharmaceutical_capsules\extracted\datasets\Anomaly\221.png,defective,defective,0.999938,6.2e-05,0.999938,True,488,303,550,365
49,2.042,6,data\real\pharmaceutical_capsules\extracted\datasets\Normal\012.png,normal,normal,0.992716,0.992716,0.007284,True,1107,501,1169,563
49,2.042,7,data\real\pharmaceutical_capsules\extracted\datasets\Anomaly\124.png,defective,defective,0.999966,3.4e-05,0.999966,True,765,154,827,216
49,2.042,8,data\real\pharmaceutical_capsules\extracted\datasets\Anomaly\192.png,defective,defective,0.999946,5.4e-05,0.999946,True,198,312,260,374
49,2.042,9,data\real\pharmaceutical_capsules\extracted\datasets\Normal\492.png,normal,normal,0.999762,0.999762,0.000238,True,626,476,688,538
49,2.042,10,data\real\pharmaceutical_capsules\extracted\datasets\Anomaly\351.png,defective,normal,0.671338,0.671338,0.328662,False,1167,143,1229,205
49,2.042,11,data\real\pharmaceutical_capsules\extracted\datasets\Normal\305.png,normal,normal,0.999814,0.999814,0.000186,True,314,324,376,386
49,2.042,12,data\real\pharmaceutical_capsules\extracted\datasets\Normal\082.png,normal,normal,0.999814,0.999814,0.000186,True,1223,496,1279,558
49,2.042,13,data\real\pharmaceutical_capsules\extracted\datasets\Normal\481.png,normal,normal,0.999822,0.999822,0.000178,True,156,161,218,223
49,2.042,14,data\real\pharmaceutical_capsules\extracted\datasets\Anomaly\455.png,defective,defective,0.99982,0.00018,0.99982,True,565,325,627,387
49,2.042,15,data\real\pharmaceutical_capsules\extracted\datasets\Normal\446.png,normal,normal,0.999598,0.999598,0.000402,True,1092,469,1154,531
49,2.042,16,data\real\pharmaceutical_capsules\extracted\datasets\Normal\067.png,normal,normal,0.999754,0.999754,0.000246,True,1180,142,1242,204
49,2.042,17,data\real\pharmaceutical_capsules\extracted\datasets\Normal\338.png,normal,normal,0.999837,0.999837,0.000163,True,19,326,81,388
49,2.042,18,data\real\pharmaceutical_capsules\extracted\datasets\Anomaly\140.png,defective,defective,0.99995,5e-05,0.99995,True,1004,490,1066,552
49,2.042,19,data\real\pharmaceutical_capsules\extracted\datasets\Anomaly\242.png,defective,defective,0.9999,0.0001,0.9999,True,645,154,707,216
49,2.042,20,data\real\pharmaceutical_capsules\extracted\datasets\Normal\158.png,normal,normal,0.999763,0.999763,0.000237,True,1065,306,1127,368
49,2.042,21,data\real\pharmaceutical_capsules\extracted\datasets\Anomaly\415.png,defective,defective,0.999412,0.000588,0.999412,True,409,482,471,544
49,2.042,22,data\real\pharmaceutical_capsules\extracted\datasets\Normal\427.png,normal,normal,0.99977,0.99977,0.00023,True,676,151,738,213
49,2.042,23,data\real\pharmaceutical_capsules\extracted\datasets\Normal\424.png,normal,normal,0.999628,0.999628,0.000372,True,0,305,52,367
49,2.042,24,data\real\pharmaceutical_capsules\extracted\datasets\Normal\443.png,normal,normal,0.99986,0.99986,0.00014,True,231,487,293,549
49,2.042,25,data\real\pharmaceutical_capsules\extracted\datasets\Anomaly\321.png,defective,defective,0.999956,4.4e-05,0.999956,True,275,157,337,219
49,2.042,26,data\real\pharmaceutical_capsules\extracted\datasets\Normal\403.png,normal,normal,0.999762,0.999762,0.000238,True,829,331,891,393
49,2.042,27,data\real\pharmaceutical_capsules\extracted\datasets\Anomaly\459.png,defective,defective,0.99997,3e-05,0.99997,True,369,501,431,563
49,2.042,28,data\real\pharmaceutical_capsules\extracted\datasets\Anomaly\137.png,defective,defective,0.999974,2.6e-05,0.999974,True,938,162,1000,224
49,2.042,29,data\real\pharmaceutical_capsules\extracted\datasets\Anomaly\587.png,defective,defective,0.99997,3e-05,0.99997,True,187,310,249,372
49,2.042,30,data\real\pharmaceutical_capsules\extracted\datasets\Normal\440.png,normal,normal,0.99979,0.99979,0.00021,True,306,470,368,532
49,2.042,31,data\real\pharmaceutical_capsules\extracted\datasets\Anomaly\469.png,defective,defective,0.999943,5.7e-05,0.999943,True,386,147,448,209
49,2.042,32,data\real\pharmaceutical_capsules\extracted\datasets\Anomaly\094.png,defective,defective,0.999814,0.000186,0.999814,True,730,306,792,368
49,2.042,33,data\real\pharmaceutical_capsules\extracted\datasets\Anomaly\273.png,defective,defective,0.99996,4e-05,0.99996,True,953,496,1015,558
49,2.042,34,data\real\pharmaceutical_capsules\extracted\datasets\Normal\033.png,normal,normal,0.999738,0.999738,0.000262,True,153,137,215,199
49,2.042,35,data\real\pharmaceutical_capsules\extracted\datasets\Anomaly\071.png,defective,defective,0.999933,6.7e-05,0.999933,True,337,336,399,398
49,2.042,36,data\real\pharmaceutical_capsules\extracted\datasets\Normal\386.png,normal,normal,0.999792,0.999792,0.000208,True,1174,488,1236,550
50,2.083,1,data\real\pharmaceutical_capsules\extracted\datasets\Anomaly\316.png,defective,defective,0.999963,3.7e-05,0.999963,True,1013,138,1075,200
50,2.083,2,data\real\pharmaceutical_capsules\extracted\datasets\Normal\068.png,normal,normal,0.999773,0.999773,0.000227,True,508,310,570,372
50,2.083,3,data\real\pharmaceutical_capsules\extracted\datasets\Normal\149.png,normal,normal,0.999805,0.999805,0.000195,True,1061,501,1123,563
50,2.083,4,data\real\pharmaceutical_capsules\extracted\datasets\Anomaly\443.png,defective,defective,0.999923,7.7e-05,0.999923,True,735,138,797,200
50,2.083,5,data\real\pharmaceutical_capsules\extracted\datasets\Anomaly\221.png,defective,defective,0.999938,6.2e-05,0.999938,True,492,303,554,365
50,2.083,6,data\real\pharmaceutical_capsules\extracted\datasets\Normal\012.png,normal,normal,0.992716,0.992716,0.007284,True,1111,501,1173,563
50,2.083,7,data\real\pharmaceutical_capsules\extracted\datasets\Anomaly\124.png,defective,defective,0.999966,3.4e-05,0.999966,True,769,154,831,216
50,2.083,8,data\real\pharmaceutical_capsules\extracted\datasets\Anomaly\192.png,defective,defective,0.999946,5.4e-05,0.999946,True,203,312,265,374
50,2.083,9,data\real\pharmaceutical_capsules\extracted\datasets\Normal\492.png,normal,normal,0.999762,0.999762,0.000238,True,630,476,692,538
50,2.083,10,data\real\pharmaceutical_capsules\extracted\datasets\Anomaly\351.png,defective,normal,0.671338,0.671338,0.328662,False,1172,143,1234,205
50,2.083,11,data\real\pharmaceutical_capsules\extracted\datasets\Normal\305.png,normal,normal,0.999814,0.999814,0.000186,True,318,324,380,386
50,2.083,12,data\real\pharmaceutical_capsules\extracted\datasets\Normal\082.png,normal,normal,0.999814,0.999814,0.000186,True,1228,496,1279,558
50,2.083,13,data\real\pharmaceutical_capsules\extracted\datasets\Normal\481.png,normal,normal,0.999822,0.999822,0.000178,True,160,161,222,223
50,2.083,14,data\real\pharmaceutical_capsules\extracted\datasets\Anomaly\455.png,defective,defective,0.99982,0.00018,0.99982,True,570,325,632,387
50,2.083,15,data\real\pharmaceutical_capsules\extracted\datasets\Normal\446.png,normal,normal,0.999598,0.999598,0.000402,True,1096,469,1158,531
50,2.083,16,data\real\pharmaceutical_capsules\extracted\datasets\Normal\067.png,normal,normal,0.999754,0.999754,0.000246,True,1184,142,1246,204
50,2.083,17,data\real\pharmaceutical_capsules\extracted\datasets\Normal\338.png,normal,normal,0.999837,0.999837,0.000163,True,24,326,86,388
50,2.083,18,data\real\pharmaceutical_capsules\extracted\datasets\Anomaly\140.png,defective,defective,0.99995,5e-05,0.99995,True,1008,490,1070,552
50,2.083,19,data\real\pharmaceutical_capsules\extracted\datasets\Anomaly\242.png,defective,defective,0.9999,0.0001,0.9999,True,649,154,711,216
50,2.083,20,data\real\pharmaceutical_capsules\extracted\datasets\Normal\158.png,normal,normal,0.999763,0.999763,0.000237,True,1069,306,1131,368
50,2.083,21,data\real\pharmaceutical_capsules\extracted\datasets\Anomaly\415.png,defective,defective,0.999412,0.000588,0.999412,True,414,482,476,544
50,2.083,22,data\real\pharmaceutical_capsules\extracted\datasets\Normal\427.png,normal,normal,0.99977,0.99977,0.00023,True,680,151,742,213
50,2.083,23,data\real\pharmaceutical_capsules\extracted\datasets\Normal\424.png,normal,normal,0.999628,0.999628,0.000372,True,0,305,56,367
50,2.083,24,data\real\pharmaceutical_capsules\extracted\datasets\Normal\443.png,normal,normal,0.99986,0.99986,0.00014,True,236,487,298,549
50,2.083,25,data\real\pharmaceutical_capsules\extracted\datasets\Anomaly\321.png,defective,defective,0.999956,4.4e-05,0.999956,True,279,157,341,219
50,2.083,26,data\real\pharmaceutical_capsules\extracted\datasets\Normal\403.png,normal,normal,0.999762,0.999762,0.000238,True,834,331,896,393
50,2.083,27,data\real\pharmaceutical_capsules\extracted\datasets\Anomaly\459.png,defective,defective,0.99997,3e-05,0.99997,True,373,501,435,563
50,2.083,28,data\real\pharmaceutical_capsules\extracted\datasets\Anomaly\137.png,defective,defective,0.999974,2.6e-05,0.999974,True,943,162,1005,224
50,2.083,29,data\real\pharmaceutical_capsules\extracted\datasets\Anomaly\587.png,defective,defective,0.99997,3e-05,0.99997,True,191,310,253,372
50,2.083,30,data\real\pharmaceutical_capsules\extracted\datasets\Normal\440.png,normal,normal,0.99979,0.99979,0.00021,True,311,470,373,532
50,2.083,31,data\real\pharmaceutical_capsules\extracted\datasets\Anomaly\469.png,defective,defective,0.999943,5.7e-05,0.999943,True,390,147,452,209
50,2.083,32,data\real\pharmaceutical_capsules\extracted\datasets\Anomaly\094.png,defective,defective,0.999814,0.000186,0.999814,True,735,306,797,368
50,2.083,33,data\real\pharmaceutical_capsules\extracted\datasets\Anomaly\273.png,defective,defective,0.99996,4e-05,0.99996,True,957,496,1019,558
50,2.083,34,data\real\pharmaceutical_capsules\extracted\datasets\Normal\033.png,normal,normal,0.999738,0.999738,0.000262,True,157,137,219,199
50,2.083,35,data\real\pharmaceutical_capsules\extracted\datasets\Anomaly\071.png,defective,defective,0.999933,6.7e-05,0.999933,True,341,336,403,398
50,2.083,36,data\real\pharmaceutical_capsules\extracted\datasets\Normal\386.png,normal,normal,0.999792,0.999792,0.000208,True,1178,488,1240,550
51,2.125,1,data\real\pharmaceutical_capsules\extracted\datasets\Anomaly\316.png,defective,defective,0.999963,3.7e-05,0.999963,True,1017,138,1079,200
51,2.125,2,data\real\pharmaceutical_capsules\extracted\datasets\Normal\068.png,normal,normal,0.999773,0.999773,0.000227,True,512,310,574,372
51,2.125,3,data\real\pharmaceutical_capsules\extracted\datasets\Normal\149.png,normal,normal,0.999805,0.999805,0.000195,True,1065,501,1127,563
51,2.125,4,data\real\pharmaceutical_capsules\extracted\datasets\Anomaly\443.png,defective,defective,0.999923,7.7e-05,0.999923,True,739,138,801,200
51,2.125,5,data\real\pharmaceutical_capsules\extracted\datasets\Anomaly\221.png,defective,defective,0.999938,6.2e-05,0.999938,True,497,303,559,365
51,2.125,6,data\real\pharmaceutical_capsules\extracted\datasets\Normal\012.png,normal,normal,0.992716,0.992716,0.007284,True,1116,501,1178,563
51,2.125,7,data\real\pharmaceutical_capsules\extracted\datasets\Anomaly\124.png,defective,defective,0.999966,3.4e-05,0.999966,True,774,154,836,216
51,2.125,8,data\real\pharmaceutical_capsules\extracted\datasets\Anomaly\192.png,defective,defective,0.999946,5.4e-05,0.999946,True,207,312,269,374
51,2.125,9,data\real\pharmaceutical_capsules\extracted\datasets\Normal\492.png,normal,normal,0.999762,0.999762,0.000238,True,635,476,697,538
51,2.125,10,data\real\pharmaceutical_capsules\extracted\datasets\Anomaly\351.png,defective,normal,0.671338,0.671338,0.328662,False,1176,143,1238,205
51,2.125,11,data\real\pharmaceutical_capsules\extracted\datasets\Normal\305.png,normal,normal,0.999814,0.999814,0.000186,True,323,324,385,386
51,2.125,12,data\real\pharmaceutical_capsules\extracted\datasets\Normal\082.png,normal,normal,0.999814,0.999814,0.000186,True,1232,496,1279,558
51,2.125,13,data\real\pharmaceutical_capsules\extracted\datasets\Normal\481.png,normal,normal,0.999822,0.999822,0.000178,True,165,161,227,223
51,2.125,14,data\real\pharmaceutical_capsules\extracted\datasets\Anomaly\455.png,defective,defective,0.99982,0.00018,0.99982,True,574,325,636,387
51,2.125,15,data\real\pharmaceutical_capsules\extracted\datasets\Normal\446.png,normal,normal,0.999598,0.999598,0.000402,True,1101,469,1163,531
51,2.125,16,data\real\pharmaceutical_capsules\extracted\datasets\Normal\067.png,normal,normal,0.999754,0.999754,0.000246,True,1189,142,1251,204
51,2.125,17,data\real\pharmaceutical_capsules\extracted\datasets\Normal\338.png,normal,normal,0.999837,0.999837,0.000163,True,28,326,90,388
51,2.125,18,data\real\pharmaceutical_capsules\extracted\datasets\Anomaly\140.png,defective,defective,0.99995,5e-05,0.99995,True,1013,490,1075,552
51,2.125,19,data\real\pharmaceutical_capsules\extracted\datasets\Anomaly\242.png,defective,defective,0.9999,0.0001,0.9999,True,654,154,716,216
51,2.125,20,data\real\pharmaceutical_capsules\extracted\datasets\Normal\158.png,normal,normal,0.999763,0.999763,0.000237,True,1074,306,1136,368
51,2.125,21,data\real\pharmaceutical_capsules\extracted\datasets\Anomaly\415.png,defective,defective,0.999412,0.000588,0.999412,True,418,482,480,544
51,2.125,22,data\real\pharmaceutical_capsules\extracted\datasets\Normal\427.png,normal,normal,0.99977,0.99977,0.00023,True,685,151,747,213
51,2.125,23,data\real\pharmaceutical_capsules\extracted\datasets\Normal\424.png,normal,normal,0.999628,0.999628,0.000372,True,0,305,61,367
51,2.125,24,data\real\pharmaceutical_capsules\extracted\datasets\Normal\443.png,normal,normal,0.99986,0.99986,0.00014,True,240,487,302,549
51,2.125,25,data\real\pharmaceutical_capsules\extracted\datasets\Anomaly\321.png,defective,defective,0.999956,4.4e-05,0.999956,True,284,157,346,219
51,2.125,26,data\real\pharmaceutical_capsules\extracted\datasets\Normal\403.png,normal,normal,0.999762,0.999762,0.000238,True,838,331,900,393
51,2.125,27,data\real\pharmaceutical_capsules\extracted\datasets\Anomaly\459.png,defective,defective,0.99997,3e-05,0.99997,True,378,501,440,563
51,2.125,28,data\real\pharmaceutical_capsules\extracted\datasets\Anomaly\137.png,defective,defective,0.999974,2.6e-05,0.999974,True,947,162,1009,224
51,2.125,29,data\real\pharmaceutical_capsules\extracted\datasets\Anomaly\587.png,defective,defective,0.99997,3e-05,0.99997,True,196,310,258,372
51,2.125,30,data\real\pharmaceutical_capsules\extracted\datasets\Normal\440.png,normal,normal,0.99979,0.99979,0.00021,True,315,470,377,532
51,2.125,31,data\real\pharmaceutical_capsules\extracted\datasets\Anomaly\469.png,defective,defective,0.999943,5.7e-05,0.999943,True,395,147,457,209
51,2.125,32,data\real\pharmaceutical_capsules\extracted\datasets\Anomaly\094.png,defective,defective,0.999814,0.000186,0.999814,True,739,306,801,368
51,2.125,33,data\real\pharmaceutical_capsules\extracted\datasets\Anomaly\273.png,defective,defective,0.99996,4e-05,0.99996,True,962,496,1024,558
51,2.125,34,data\real\pharmaceutical_capsules\extracted\datasets\Normal\033.png,normal,normal,0.999738,0.999738,0.000262,True,162,137,224,199
51,2.125,35,data\real\pharmaceutical_capsules\extracted\datasets\Anomaly\071.png,defective,defective,0.999933,6.7e-05,0.999933,True,346,336,408,398
51,2.125,36,data\real\pharmaceutical_capsules\extracted\datasets\Normal\386.png,normal,normal,0.999792,0.999792,0.000208,True,1183,488,1245,550
52,2.167,1,data\real\pharmaceutical_capsules\extracted\datasets\Anomaly\316.png,defective,defective,0.999963,3.7e-05,0.999963,True,1022,138,1084,200
52,2.167,2,data\real\pharmaceutical_capsules\extracted\datasets\Normal\068.png,normal,normal,0.999773,0.999773,0.000227,True,517,310,579,372
52,2.167,3,data\real\pharmaceutical_capsules\extracted\datasets\Normal\149.png,normal,normal,0.999805,0.999805,0.000195,True,1070,501,1132,563
52,2.167,4,data\real\pharmaceutical_capsules\extracted\datasets\Anomaly\443.png,defective,defective,0.999923,7.7e-05,0.999923,True,744,138,806,200
52,2.167,5,data\real\pharmaceutical_capsules\extracted\datasets\Anomaly\221.png,defective,defective,0.999938,6.2e-05,0.999938,True,501,303,563,365
52,2.167,6,data\real\pharmaceutical_capsules\extracted\datasets\Normal\012.png,normal,normal,0.992716,0.992716,0.007284,True,1120,501,1182,563
52,2.167,7,data\real\pharmaceutical_capsules\extracted\datasets\Anomaly\124.png,defective,defective,0.999966,3.4e-05,0.999966,True,778,154,840,216
52,2.167,8,data\real\pharmaceutical_capsules\extracted\datasets\Anomaly\192.png,defective,defective,0.999946,5.4e-05,0.999946,True,212,312,274,374
52,2.167,9,data\real\pharmaceutical_capsules\extracted\datasets\Normal\492.png,normal,normal,0.999762,0.999762,0.000238,True,639,476,701,538
52,2.167,10,data\real\pharmaceutical_capsules\extracted\datasets\Anomaly\351.png,defective,normal,0.671338,0.671338,0.328662,False,1181,143,1243,205
52,2.167,11,data\real\pharmaceutical_capsules\extracted\datasets\Normal\305.png,normal,normal,0.999814,0.999814,0.000186,True,327,324,389,386
52,2.167,12,data\real\pharmaceutical_capsules\extracted\datasets\Normal\082.png,normal,normal,0.999814,0.999814,0.000186,True,1237,496,1279,558
52,2.167,13,data\real\pharmaceutical_capsules\extracted\datasets\Normal\481.png,normal,normal,0.999822,0.999822,0.000178,True,169,161,231,223
52,2.167,14,data\real\pharmaceutical_capsules\extracted\datasets\Anomaly\455.png,defective,defective,0.99982,0.00018,0.99982,True,579,325,641,387
52,2.167,15,data\real\pharmaceutical_capsules\extracted\datasets\Normal\446.png,normal,normal,0.999598,0.999598,0.000402,True,1105,469,1167,531
52,2.167,16,data\real\pharmaceutical_capsules\extracted\datasets\Normal\067.png,normal,normal,0.999754,0.999754,0.000246,True,1193,142,1255,204
52,2.167,17,data\real\pharmaceutical_capsules\extracted\datasets\Normal\338.png,normal,normal,0.999837,0.999837,0.000163,True,33,326,95,388
52,2.167,18,data\real\pharmaceutical_capsules\extracted\datasets\Anomaly\140.png,defective,defective,0.99995,5e-05,0.99995,True,1017,490,1079,552
52,2.167,19,data\real\pharmaceutical_capsules\extracted\datasets\Anomaly\242.png,defective,defective,0.9999,0.0001,0.9999,True,658,154,720,216
52,2.167,20,data\real\pharmaceutical_capsules\extracted\datasets\Normal\158.png,normal,normal,0.999763,0.999763,0.000237,True,1078,306,1140,368
52,2.167,21,data\real\pharmaceutical_capsules\extracted\datasets\Anomaly\415.png,defective,defective,0.999412,0.000588,0.999412,True,423,482,485,544
52,2.167,22,data\real\pharmaceutical_capsules\extracted\datasets\Normal\427.png,normal,normal,0.99977,0.99977,0.00023,True,689,151,751,213
52,2.167,23,data\real\pharmaceutical_capsules\extracted\datasets\Normal\424.png,normal,normal,0.999628,0.999628,0.000372,True,2,305,64,367
52,2.167,24,data\real\pharmaceutical_capsules\extracted\datasets\Normal\443.png,normal,normal,0.99986,0.99986,0.00014,True,245,487,307,549
52,2.167,25,data\real\pharmaceutical_capsules\extracted\datasets\Anomaly\321.png,defective,defective,0.999956,4.4e-05,0.999956,True,288,157,350,219
52,2.167,26,data\real\pharmaceutical_capsules\extracted\datasets\Normal\403.png,normal,normal,0.999762,0.999762,0.000238,True,843,331,905,393
52,2.167,27,data\real\pharmaceutical_capsules\extracted\datasets\Anomaly\459.png,defective,defective,0.99997,3e-05,0.99997,True,382,501,444,563
52,2.167,28,data\real\pharmaceutical_capsules\extracted\datasets\Anomaly\137.png,defective,defective,0.999974,2.6e-05,0.999974,True,952,162,1014,224
52,2.167,29,data\real\pharmaceutical_capsules\extracted\datasets\Anomaly\587.png,defective,defective,0.99997,3e-05,0.99997,True,200,310,262,372
52,2.167,30,data\real\pharmaceutical_capsules\extracted\datasets\Normal\440.png,normal,normal,0.99979,0.99979,0.00021,True,320,470,382,532
52,2.167,31,data\real\pharmaceutical_capsules\extracted\datasets\Anomaly\469.png,defective,defective,0.999943,5.7e-05,0.999943,True,399,147,461,209
52,2.167,32,data\real\pharmaceutical_capsules\extracted\datasets\Anomaly\094.png,defective,defective,0.999814,0.000186,0.999814,True,744,306,806,368
52,2.167,33,data\real\pharmaceutical_capsules\extracted\datasets\Anomaly\273.png,defective,defective,0.99996,4e-05,0.99996,True,966,496,1028,558
52,2.167,34,data\real\pharmaceutical_capsules\extracted\datasets\Normal\033.png,normal,normal,0.999738,0.999738,0.000262,True,166,137,228,199
52,2.167,35,data\real\pharmaceutical_capsules\extracted\datasets\Anomaly\071.png,defective,defective,0.999933,6.7e-05,0.999933,True,350,336,412,398
52,2.167,36,data\real\pharmaceutical_capsules\extracted\datasets\Normal\386.png,normal,normal,0.999792,0.999792,0.000208,True,1187,488,1249,550
53,2.208,1,data\real\pharmaceutical_capsules\extracted\datasets\Anomaly\316.png,defective,defective,0.999963,3.7e-05,0.999963,True,1026,138,1088,200
53,2.208,2,data\real\pharmaceutical_capsules\extracted\datasets\Normal\068.png,normal,normal,0.999773,0.999773,0.000227,True,521,310,583,372
53,2.208,3,data\real\pharmaceutical_capsules\extracted\datasets\Normal\149.png,normal,normal,0.999805,0.999805,0.000195,True,1074,501,1136,563
53,2.208,4,data\real\pharmaceutical_capsules\extracted\datasets\Anomaly\443.png,defective,defective,0.999923,7.7e-05,0.999923,True,748,138,810,200
53,2.208,5,data\real\pharmaceutical_capsules\extracted\datasets\Anomaly\221.png,defective,defective,0.999938,6.2e-05,0.999938,True,506,303,568,365
53,2.208,6,data\real\pharmaceutical_capsules\extracted\datasets\Normal\012.png,normal,normal,0.992716,0.992716,0.007284,True,1125,501,1187,563
53,2.208,7,data\real\pharmaceutical_capsules\extracted\datasets\Anomaly\124.png,defective,defective,0.999966,3.4e-05,0.999966,True,783,154,845,216
53,2.208,8,data\real\pharmaceutical_capsules\extracted\datasets\Anomaly\192.png,defective,defective,0.999946,5.4e-05,0.999946,True,216,312,278,374
53,2.208,9,data\real\pharmaceutical_capsules\extracted\datasets\Normal\492.png,normal,normal,0.999762,0.999762,0.000238,True,644,476,706,538
53,2.208,10,data\real\pharmaceutical_capsules\extracted\datasets\Anomaly\351.png,defective,normal,0.671338,0.671338,0.328662,False,1185,143,1247,205
53,2.208,11,data\real\pharmaceutical_capsules\extracted\datasets\Normal\305.png,normal,normal,0.999814,0.999814,0.000186,True,332,324,394,386
53,2.208,12,data\real\pharmaceutical_capsules\extracted\datasets\Normal\082.png,normal,normal,0.999814,0.999814,0.000186,True,1241,496,1279,558
53,2.208,13,data\real\pharmaceutical_capsules\extracted\datasets\Normal\481.png,normal,normal,0.999822,0.999822,0.000178,True,174,161,236,223
53,2.208,14,data\real\pharmaceutical_capsules\extracted\datasets\Anomaly\455.png,defective,defective,0.99982,0.00018,0.99982,True,583,325,645,387
53,2.208,15,data\real\pharmaceutical_capsules\extracted\datasets\Normal\446.png,normal,normal,0.999598,0.999598,0.000402,True,1110,469,1172,531
53,2.208,16,data\real\pharmaceutical_capsules\extracted\datasets\Normal\067.png,normal,normal,0.999754,0.999754,0.000246,True,1198,142,1260,204
53,2.208,17,data\real\pharmaceutical_capsules\extracted\datasets\Normal\338.png,normal,normal,0.999837,0.999837,0.000163,True,37,326,99,388
53,2.208,18,data\real\pharmaceutical_capsules\extracted\datasets\Anomaly\140.png,defective,defective,0.99995,5e-05,0.99995,True,1022,490,1084,552
53,2.208,19,data\real\pharmaceutical_capsules\extracted\datasets\Anomaly\242.png,defective,defective,0.9999,0.0001,0.9999,True,663,154,725,216
53,2.208,20,data\real\pharmaceutical_capsules\extracted\datasets\Normal\158.png,normal,normal,0.999763,0.999763,0.000237,True,1083,306,1145,368
53,2.208,21,data\real\pharmaceutical_capsules\extracted\datasets\Anomaly\415.png,defective,defective,0.999412,0.000588,0.999412,True,427,482,489,544
53,2.208,22,data\real\pharmaceutical_capsules\extracted\datasets\Normal\427.png,normal,normal,0.99977,0.99977,0.00023,True,694,151,756,213
53,2.208,23,data\real\pharmaceutical_capsules\extracted\datasets\Normal\424.png,normal,normal,0.999628,0.999628,0.000372,True,7,305,69,367
53,2.208,24,data\real\pharmaceutical_capsules\extracted\datasets\Normal\443.png,normal,normal,0.99986,0.99986,0.00014,True,249,487,311,549
53,2.208,25,data\real\pharmaceutical_capsules\extracted\datasets\Anomaly\321.png,defective,defective,0.999956,4.4e-05,0.999956,True,293,157,355,219
53,2.208,26,data\real\pharmaceutical_capsules\extracted\datasets\Normal\403.png,normal,normal,0.999762,0.999762,0.000238,True,847,331,909,393
53,2.208,27,data\real\pharmaceutical_capsules\extracted\datasets\Anomaly\459.png,defective,defective,0.99997,3e-05,0.99997,True,387,501,449,563
53,2.208,28,data\real\pharmaceutical_capsules\extracted\datasets\Anomaly\137.png,defective,defective,0.999974,2.6e-05,0.999974,True,956,162,1018,224
53,2.208,29,data\real\pharmaceutical_capsules\extracted\datasets\Anomaly\587.png,defective,defective,0.99997,3e-05,0.99997,True,205,310,267,372
53,2.208,30,data\real\pharmaceutical_capsules\extracted\datasets\Normal\440.png,normal,normal,0.99979,0.99979,0.00021,True,324,470,386,532
53,2.208,31,data\real\pharmaceutical_capsules\extracted\datasets\Anomaly\469.png,defective,defective,0.999943,5.7e-05,0.999943,True,404,147,466,209
53,2.208,32,data\real\pharmaceutical_capsules\extracted\datasets\Anomaly\094.png,defective,defective,0.999814,0.000186,0.999814,True,748,306,810,368
53,2.208,33,data\real\pharmaceutical_capsules\extracted\datasets\Anomaly\273.png,defective,defective,0.99996,4e-05,0.99996,True,971,496,1033,558
53,2.208,34,data\real\pharmaceutical_capsules\extracted\datasets\Normal\033.png,normal,normal,0.999738,0.999738,0.000262,True,171,137,233,199
53,2.208,35,data\real\pharmaceutical_capsules\extracted\datasets\Anomaly\071.png,defective,defective,0.999933,6.7e-05,0.999933,True,355,336,417,398
53,2.208,36,data\real\pharmaceutical_capsules\extracted\datasets\Normal\386.png,normal,normal,0.999792,0.999792,0.000208,True,1192,488,1254,550
54,2.25,1,data\real\pharmaceutical_capsules\extracted\datasets\Anomaly\316.png,defective,defective,0.999963,3.7e-05,0.999963,True,1031,138,1093,200
54,2.25,2,data\real\pharmaceutical_capsules\extracted\datasets\Normal\068.png,normal,normal,0.999773,0.999773,0.000227,True,526,310,588,372
54,2.25,3,data\real\pharmaceutical_capsules\extracted\datasets\Normal\149.png,normal,normal,0.999805,0.999805,0.000195,True,1079,501,1141,563
54,2.25,4,data\real\pharmaceutical_capsules\extracted\datasets\Anomaly\443.png,defective,defective,0.999923,7.7e-05,0.999923,True,753,138,815,200
54,2.25,5,data\real\pharmaceutical_capsules\extracted\datasets\Anomaly\221.png,defective,defective,0.999938,6.2e-05,0.999938,True,510,303,572,365
54,2.25,6,data\real\pharmaceutical_capsules\extracted\datasets\Normal\012.png,normal,normal,0.992716,0.992716,0.007284,True,1129,501,1191,563
54,2.25,7,data\real\pharmaceutical_capsules\extracted\datasets\Anomaly\124.png,defective,defective,0.999966,3.4e-05,0.999966,True,787,154,849,216
54,2.25,8,data\real\pharmaceutical_capsules\extracted\datasets\Anomaly\192.png,defective,defective,0.999946,5.4e-05,0.999946,True,221,312,283,374
54,2.25,9,data\real\pharmaceutical_capsules\extracted\datasets\Normal\492.png,normal,normal,0.999762,0.999762,0.000238,True,648,476,710,538
54,2.25,10,data\real\pharmaceutical_capsules\extracted\datasets\Anomaly\351.png,defective,normal,0.671338,0.671338,0.328662,False,1190,143,1252,205
54,2.25,11,data\real\pharmaceutical_capsules\extracted\datasets\Normal\305.png,normal,normal,0.999814,0.999814,0.000186,True,336,324,398,386
54,2.25,12,data\real\pharmaceutical_capsules\extracted\datasets\Normal\082.png,normal,normal,0.999814,0.999814,0.000186,True,1246,496,1279,558
54,2.25,13,data\real\pharmaceutical_capsules\extracted\datasets\Normal\481.png,normal,normal,0.999822,0.999822,0.000178,True,178,161,240,223
54,2.25,14,data\real\pharmaceutical_capsules\extracted\datasets\Anomaly\455.png,defective,defective,0.99982,0.00018,0.99982,True,588,325,650,387
54,2.25,15,data\real\pharmaceutical_capsules\extracted\datasets\Normal\446.png,normal,normal,0.999598,0.999598,0.000402,True,1114,469,1176,531
54,2.25,16,data\real\pharmaceutical_capsules\extracted\datasets\Normal\067.png,normal,normal,0.999754,0.999754,0.000246,True,1202,142,1264,204
54,2.25,17,data\real\pharmaceutical_capsules\extracted\datasets\Normal\338.png,normal,normal,0.999837,0.999837,0.000163,True,42,326,104,388
54,2.25,18,data\real\pharmaceutical_capsules\extracted\datasets\Anomaly\140.png,defective,defective,0.99995,5e-05,0.99995,True,1026,490,1088,552
54,2.25,19,data\real\pharmaceutical_capsules\extracted\datasets\Anomaly\242.png,defective,defective,0.9999,0.0001,0.9999,True,667,154,729,216
54,2.25,20,data\real\pharmaceutical_capsules\extracted\datasets\Normal\158.png,normal,normal,0.999763,0.999763,0.000237,True,1087,306,1149,368
54,2.25,21,data\real\pharmaceutical_capsules\extracted\datasets\Anomaly\415.png,defective,defective,0.999412,0.000588,0.999412,True,432,482,494,544
54,2.25,22,data\real\pharmaceutical_capsules\extracted\datasets\Normal\427.png,normal,normal,0.99977,0.99977,0.00023,True,698,151,760,213
54,2.25,23,data\real\pharmaceutical_capsules\extracted\datasets\Normal\424.png,normal,normal,0.999628,0.999628,0.000372,True,11,305,73,367
54,2.25,24,data\real\pharmaceutical_capsules\extracted\datasets\Normal\443.png,normal,normal,0.99986,0.99986,0.00014,True,254,487,316,549
54,2.25,25,data\real\pharmaceutical_capsules\extracted\datasets\Anomaly\321.png,defective,defective,0.999956,4.4e-05,0.999956,True,297,157,359,219
54,2.25,26,data\real\pharmaceutical_capsules\extracted\datasets\Normal\403.png,normal,normal,0.999762,0.999762,0.000238,True,852,331,914,393
54,2.25,27,data\real\pharmaceutical_capsules\extracted\datasets\Anomaly\459.png,defective,defective,0.99997,3e-05,0.99997,True,391,501,453,563
54,2.25,28,data\real\pharmaceutical_capsules\extracted\datasets\Anomaly\137.png,defective,defective,0.999974,2.6e-05,0.999974,True,961,162,1023,224
54,2.25,29,data\real\pharmaceutical_capsules\extracted\datasets\Anomaly\587.png,defective,defective,0.99997,3e-05,0.99997,True,209,310,271,372
54,2.25,30,data\real\pharmaceutical_capsules\extracted\datasets\Normal\440.png,normal,normal,0.99979,0.99979,0.00021,True,329,470,391,532
54,2.25,31,data\real\pharmaceutical_capsules\extracted\datasets\Anomaly\469.png,defective,defective,0.999943,5.7e-05,0.999943,True,408,147,470,209
54,2.25,32,data\real\pharmaceutical_capsules\extracted\datasets\Anomaly\094.png,defective,defective,0.999814,0.000186,0.999814,True,753,306,815,368
54,2.25,33,data\real\pharmaceutical_capsules\extracted\datasets\Anomaly\273.png,defective,defective,0.99996,4e-05,0.99996,True,975,496,1037,558
54,2.25,34,data\real\pharmaceutical_capsules\extracted\datasets\Normal\033.png,normal,normal,0.999738,0.999738,0.000262,True,175,137,237,199
54,2.25,35,data\real\pharmaceutical_capsules\extracted\datasets\Anomaly\071.png,defective,defective,0.999933,6.7e-05,0.999933,True,359,336,421,398
54,2.25,36,data\real\pharmaceutical_capsules\extracted\datasets\Normal\386.png,normal,normal,0.999792,0.999792,0.000208,True,1196,488,1258,550
55,2.292,1,data\real\pharmaceutical_capsules\extracted\datasets\Anomaly\316.png,defective,defective,0.999963,3.7e-05,0.999963,True,1035,138,1097,200
55,2.292,2,data\real\pharmaceutical_capsules\extracted\datasets\Normal\068.png,normal,normal,0.999773,0.999773,0.000227,True,530,310,592,372
55,2.292,3,data\real\pharmaceutical_capsules\extracted\datasets\Normal\149.png,normal,normal,0.999805,0.999805,0.000195,True,1083,501,1145,563
55,2.292,4,data\real\pharmaceutical_capsules\extracted\datasets\Anomaly\443.png,defective,defective,0.999923,7.7e-05,0.999923,True,757,138,819,200
55,2.292,5,data\real\pharmaceutical_capsules\extracted\datasets\Anomaly\221.png,defective,defective,0.999938,6.2e-05,0.999938,True,515,303,577,365
55,2.292,6,data\real\pharmaceutical_capsules\extracted\datasets\Normal\012.png,normal,normal,0.992716,0.992716,0.007284,True,1134,501,1196,563
55,2.292,7,data\real\pharmaceutical_capsules\extracted\datasets\Anomaly\124.png,defective,defective,0.999966,3.4e-05,0.999966,True,792,154,854,216
55,2.292,8,data\real\pharmaceutical_capsules\extracted\datasets\Anomaly\192.png,defective,defective,0.999946,5.4e-05,0.999946,True,225,312,287,374
55,2.292,9,data\real\pharmaceutical_capsules\extracted\datasets\Normal\492.png,normal,normal,0.999762,0.999762,0.000238,True,653,476,715,538
55,2.292,10,data\real\pharmaceutical_capsules\extracted\datasets\Anomaly\351.png,defective,normal,0.671338,0.671338,0.328662,False,1194,143,1256,205
55,2.292,11,data\real\pharmaceutical_capsules\extracted\datasets\Normal\305.png,normal,normal,0.999814,0.999814,0.000186,True,341,324,403,386
55,2.292,12,data\real\pharmaceutical_capsules\extracted\datasets\Normal\082.png,normal,normal,0.999814,0.999814,0.000186,True,0,496,33,558
55,2.292,13,data\real\pharmaceutical_capsules\extracted\datasets\Normal\481.png,normal,normal,0.999822,0.999822,0.000178,True,183,161,245,223
55,2.292,14,data\real\pharmaceutical_capsules\extracted\datasets\Anomaly\455.png,defective,defective,0.99982,0.00018,0.99982,True,592,325,654,387
55,2.292,15,data\real\pharmaceutical_capsules\extracted\datasets\Normal\446.png,normal,normal,0.999598,0.999598,0.000402,True,1119,469,1181,531
55,2.292,16,data\real\pharmaceutical_capsules\extracted\datasets\Normal\067.png,normal,normal,0.999754,0.999754,0.000246,True,1207,142,1269,204
55,2.292,17,data\real\pharmaceutical_capsules\extracted\datasets\Normal\338.png,normal,normal,0.999837,0.999837,0.000163,True,46,326,108,388
55,2.292,18,data\real\pharmaceutical_capsules\extracted\datasets\Anomaly\140.png,defective,defective,0.99995,5e-05,0.99995,True,1031,490,1093,552
55,2.292,19,data\real\pharmaceutical_capsules\extracted\datasets\Anomaly\242.png,defective,defective,0.9999,0.0001,0.9999,True,672,154,734,216
55,2.292,20,data\real\pharmaceutical_capsules\extracted\datasets\Normal\158.png,normal,normal,0.999763,0.999763,0.000237,True,1092,306,1154,368
55,2.292,21,data\real\pharmaceutical_capsules\extracted\datasets\Anomaly\415.png,defective,defective,0.999412,0.000588,0.999412,True,436,482,498,544
55,2.292,22,data\real\pharmaceutical_capsules\extracted\datasets\Normal\427.png,normal,normal,0.99977,0.99977,0.00023,True,703,151,765,213
55,2.292,23,data\real\pharmaceutical_capsules\extracted\datasets\Normal\424.png,normal,normal,0.999628,0.999628,0.000372,True,16,305,78,367
55,2.292,24,data\real\pharmaceutical_capsules\extracted\datasets\Normal\443.png,normal,normal,0.99986,0.99986,0.00014,True,258,487,320,549
55,2.292,25,data\real\pharmaceutical_capsules\extracted\datasets\Anomaly\321.png,defective,defective,0.999956,4.4e-05,0.999956,True,302,157,364,219
55,2.292,26,data\real\pharmaceutical_capsules\extracted\datasets\Normal\403.png,normal,normal,0.999762,0.999762,0.000238,True,856,331,918,393
55,2.292,27,data\real\pharmaceutical_capsules\extracted\datasets\Anomaly\459.png,defective,defective,0.99997,3e-05,0.99997,True,396,501,458,563
55,2.292,28,data\real\pharmaceutical_capsules\extracted\datasets\Anomaly\137.png,defective,defective,0.999974,2.6e-05,0.999974,True,965,162,1027,224
55,2.292,29,data\real\pharmaceutical_capsules\extracted\datasets\Anomaly\587.png,defective,defective,0.99997,3e-05,0.99997,True,214,310,276,372
55,2.292,30,data\real\pharmaceutical_capsules\extracted\datasets\Normal\440.png,normal,normal,0.99979,0.99979,0.00021,True,333,470,395,532
55,2.292,31,data\real\pharmaceutical_capsules\extracted\datasets\Anomaly\469.png,defective,defective,0.999943,5.7e-05,0.999943,True,413,147,475,209
55,2.292,32,data\real\pharmaceutical_capsules\extracted\datasets\Anomaly\094.png,defective,defective,0.999814,0.000186,0.999814,True,757,306,819,368
55,2.292,33,data\real\pharmaceutical_capsules\extracted\datasets\Anomaly\273.png,defective,defective,0.99996,4e-05,0.99996,True,980,496,1042,558
55,2.292,34,data\real\pharmaceutical_capsules\extracted\datasets\Normal\033.png,normal,normal,0.999738,0.999738,0.000262,True,180,137,242,199
55,2.292,35,data\real\pharmaceutical_capsules\extracted\datasets\Anomaly\071.png,defective,defective,0.999933,6.7e-05,0.999933,True,364,336,426,398
55,2.292,36,data\real\pharmaceutical_capsules\extracted\datasets\Normal\386.png,normal,normal,0.999792,0.999792,0.000208,True,1201,488,1263,550
56,2.333,1,data\real\pharmaceutical_capsules\extracted\datasets\Anomaly\316.png,defective,defective,0.999963,3.7e-05,0.999963,True,1040,138,1102,200
56,2.333,2,data\real\pharmaceutical_capsules\extracted\datasets\Normal\068.png,normal,normal,0.999773,0.999773,0.000227,True,535,310,597,372
56,2.333,3,data\real\pharmaceutical_capsules\extracted\datasets\Normal\149.png,normal,normal,0.999805,0.999805,0.000195,True,1088,501,1150,563
56,2.333,4,data\real\pharmaceutical_capsules\extracted\datasets\Anomaly\443.png,defective,defective,0.999923,7.7e-05,0.999923,True,762,138,824,200
56,2.333,5,data\real\pharmaceutical_capsules\extracted\datasets\Anomaly\221.png,defective,defective,0.999938,6.2e-05,0.999938,True,519,303,581,365
56,2.333,6,data\real\pharmaceutical_capsules\extracted\datasets\Normal\012.png,normal,normal,0.992716,0.992716,0.007284,True,1138,501,1200,563
56,2.333,7,data\real\pharmaceutical_capsules\extracted\datasets\Anomaly\124.png,defective,defective,0.999966,3.4e-05,0.999966,True,796,154,858,216
56,2.333,8,data\real\pharmaceutical_capsules\extracted\datasets\Anomaly\192.png,defective,defective,0.999946,5.4e-05,0.999946,True,230,312,292,374
56,2.333,9,data\real\pharmaceutical_capsules\extracted\datasets\Normal\492.png,normal,normal,0.999762,0.999762,0.000238,True,657,476,719,538
56,2.333,10,data\real\pharmaceutical_capsules\extracted\datasets\Anomaly\351.png,defective,normal,0.671338,0.671338,0.328662,False,1199,143,1261,205
56,2.333,11,data\real\pharmaceutical_capsules\extracted\datasets\Normal\305.png,normal,normal,0.999814,0.999814,0.000186,True,345,324,407,386
56,2.333,12,data\real\pharmaceutical_capsules\extracted\datasets\Normal\082.png,normal,normal,0.999814,0.999814,0.000186,True,0,496,38,558
56,2.333,13,data\real\pharmaceutical_capsules\extracted\datasets\Normal\481.png,normal,normal,0.999822,0.999822,0.000178,True,187,161,249,223
56,2.333,14,data\real\pharmaceutical_capsules\extracted\datasets\Anomaly\455.png,defective,defective,0.99982,0.00018,0.99982,True,597,325,659,387
56,2.333,15,data\real\pharmaceutical_capsules\extracted\datasets\Normal\446.png,normal,normal,0.999598,0.999598,0.000402,True,1123,469,1185,531
56,2.333,16,data\real\pharmaceutical_capsules\extracted\datasets\Normal\067.png,normal,normal,0.999754,0.999754,0.000246,True,1211,142,1273,204
56,2.333,17,data\real\pharmaceutical_capsules\extracted\datasets\Normal\338.png,normal,normal,0.999837,0.999837,0.000163,True,51,326,113,388
56,2.333,18,data\real\pharmaceutical_capsules\extracted\datasets\Anomaly\140.png,defective,defective,0.99995,5e-05,0.99995,True,1035,490,1097,552
56,2.333,19,data\real\pharmaceutical_capsules\extracted\datasets\Anomaly\242.png,defective,defective,0.9999,0.0001,0.9999,True,676,154,738,216
56,2.333,20,data\real\pharmaceutical_capsules\extracted\datasets\Normal\158.png,normal,normal,0.999763,0.999763,0.000237,True,1096,306,1158,368
56,2.333,21,data\real\pharmaceutical_capsules\extracted\datasets\Anomaly\415.png,defective,defective,0.999412,0.000588,0.999412,True,441,482,503,544
56,2.333,22,data\real\pharmaceutical_capsules\extracted\datasets\Normal\427.png,normal,normal,0.99977,0.99977,0.00023,True,707,151,769,213
56,2.333,23,data\real\pharmaceutical_capsules\extracted\datasets\Normal\424.png,normal,normal,0.999628,0.999628,0.000372,True,20,305,82,367
56,2.333,24,data\real\pharmaceutical_capsules\extracted\datasets\Normal\443.png,normal,normal,0.99986,0.99986,0.00014,True,263,487,325,549
56,2.333,25,data\real\pharmaceutical_capsules\extracted\datasets\Anomaly\321.png,defective,defective,0.999956,4.4e-05,0.999956,True,306,157,368,219
56,2.333,26,data\real\pharmaceutical_capsules\extracted\datasets\Normal\403.png,normal,normal,0.999762,0.999762,0.000238,True,861,331,923,393
56,2.333,27,data\real\pharmaceutical_capsules\extracted\datasets\Anomaly\459.png,defective,defective,0.99997,3e-05,0.99997,True,400,501,462,563
56,2.333,28,data\real\pharmaceutical_capsules\extracted\datasets\Anomaly\137.png,defective,defective,0.999974,2.6e-05,0.999974,True,970,162,1032,224
56,2.333,29,data\real\pharmaceutical_capsules\extracted\datasets\Anomaly\587.png,defective,defective,0.99997,3e-05,0.99997,True,218,310,280,372
56,2.333,30,data\real\pharmaceutical_capsules\extracted\datasets\Normal\440.png,normal,normal,0.99979,0.99979,0.00021,True,338,470,400,532
56,2.333,31,data\real\pharmaceutical_capsules\extracted\datasets\Anomaly\469.png,defective,defective,0.999943,5.7e-05,0.999943,True,417,147,479,209
56,2.333,32,data\real\pharmaceutical_capsules\extracted\datasets\Anomaly\094.png,defective,defective,0.999814,0.000186,0.999814,True,762,306,824,368
56,2.333,33,data\real\pharmaceutical_capsules\extracted\datasets\Anomaly\273.png,defective,defective,0.99996,4e-05,0.99996,True,984,496,1046,558
56,2.333,34,data\real\pharmaceutical_capsules\extracted\datasets\Normal\033.png,normal,normal,0.999738,0.999738,0.000262,True,184,137,246,199
56,2.333,35,data\real\pharmaceutical_capsules\extracted\datasets\Anomaly\071.png,defective,defective,0.999933,6.7e-05,0.999933,True,368,336,430,398
56,2.333,36,data\real\pharmaceutical_capsules\extracted\datasets\Normal\386.png,normal,normal,0.999792,0.999792,0.000208,True,1205,488,1267,550
57,2.375,1,data\real\pharmaceutical_capsules\extracted\datasets\Anomaly\316.png,defective,defective,0.999963,3.7e-05,0.999963,True,1044,138,1106,200
57,2.375,2,data\real\pharmaceutical_capsules\extracted\datasets\Normal\068.png,normal,normal,0.999773,0.999773,0.000227,True,539,310,601,372
57,2.375,3,data\real\pharmaceutical_capsules\extracted\datasets\Normal\149.png,normal,normal,0.999805,0.999805,0.000195,True,1092,501,1154,563
57,2.375,4,data\real\pharmaceutical_capsules\extracted\datasets\Anomaly\443.png,defective,defective,0.999923,7.7e-05,0.999923,True,766,138,828,200
57,2.375,5,data\real\pharmaceutical_capsules\extracted\datasets\Anomaly\221.png,defective,defective,0.999938,6.2e-05,0.999938,True,524,303,586,365
57,2.375,6,data\real\pharmaceutical_capsules\extracted\datasets\Normal\012.png,normal,normal,0.992716,0.992716,0.007284,True,1143,501,1205,563
57,2.375,7,data\real\pharmaceutical_capsules\extracted\datasets\Anomaly\124.png,defective,defective,0.999966,3.4e-05,0.999966,True,801,154,863,216
57,2.375,8,data\real\pharmaceutical_capsules\extracted\datasets\Anomaly\192.png,defective,defective,0.999946,5.4e-05,0.999946,True,234,312,296,374
57,2.375,9,data\real\pharmaceutical_capsules\extracted\datasets\Normal\492.png,normal,normal,0.999762,0.999762,0.000238,True,662,476,724,538
57,2.375,10,data\real\pharmaceutical_capsules\extracted\datasets\Anomaly\351.png,defective,normal,0.671338,0.671338,0.328662,False,1203,143,1265,205
57,2.375,11,data\real\pharmaceutical_capsules\extracted\datasets\Normal\305.png,normal,normal,0.999814,0.999814,0.000186,True,350,324,412,386
57,2.375,12,data\real\pharmaceutical_capsules\extracted\datasets\Normal\082.png,normal,normal,0.999814,0.999814,0.000186,True,0,496,42,558
57,2.375,13,data\real\pharmaceutical_capsules\extracted\datasets\Normal\481.png,normal,normal,0.999822,0.999822,0.000178,True,192,161,254,223
57,2.375,14,data\real\pharmaceutical_capsules\extracted\datasets\Anomaly\455.png,defective,defective,0.99982,0.00018,0.99982,True,601,325,663,387
57,2.375,15,data\real\pharmaceutical_capsules\extracted\datasets\Normal\446.png,normal,normal,0.999598,0.999598,0.000402,True,1128,469,1190,531
57,2.375,16,data\real\pharmaceutical_capsules\extracted\datasets\Normal\067.png,normal,normal,0.999754,0.999754,0.000246,True,1216,142,1278,204
57,2.375,17,data\real\pharmaceutical_capsules\extracted\datasets\Normal\338.png,normal,normal,0.999837,0.999837,0.000163,True,55,326,117,388
57,2.375,18,data\real\pharmaceutical_capsules\extracted\datasets\Anomaly\140.png,defective,defective,0.99995,5e-05,0.99995,True,1040,490,1102,552
57,2.375,19,data\real\pharmaceutical_capsules\extracted\datasets\Anomaly\242.png,defective,defective,0.9999,0.0001,0.9999,True,681,154,743,216
57,2.375,20,data\real\pharmaceutical_capsules\extracted\datasets\Normal\158.png,normal,normal,0.999763,0.999763,0.000237,True,1101,306,1163,368
57,2.375,21,data\real\pharmaceutical_capsules\extracted\datasets\Anomaly\415.png,defective,defective,0.999412,0.000588,0.999412,True,445,482,507,544
57,2.375,22,data\real\pharmaceutical_capsules\extracted\datasets\Normal\427.png,normal,normal,0.99977,0.99977,0.00023,True,712,151,774,213
57,2.375,23,data\real\pharmaceutical_capsules\extracted\datasets\Normal\424.png,normal,normal,0.999628,0.999628,0.000372,True,25,305,87,367
57,2.375,24,data\real\pharmaceutical_capsules\extracted\datasets\Normal\443.png,normal,normal,0.99986,0.99986,0.00014,True,267,487,329,549
57,2.375,25,data\real\pharmaceutical_capsules\extracted\datasets\Anomaly\321.png,defective,defective,0.999956,4.4e-05,0.999956,True,311,157,373,219
57,2.375,26,data\real\pharmaceutical_capsules\extracted\datasets\Normal\403.png,normal,normal,0.999762,0.999762,0.000238,True,865,331,927,393
57,2.375,27,data\real\pharmaceutical_capsules\extracted\datasets\Anomaly\459.png,defective,defective,0.99997,3e-05,0.99997,True,405,501,467,563
57,2.375,28,data\real\pharmaceutical_capsules\extracted\datasets\Anomaly\137.png,defective,defective,0.999974,2.6e-05,0.999974,True,974,162,1036,224
57,2.375,29,data\real\pharmaceutical_capsules\extracted\datasets\Anomaly\587.png,defective,defective,0.99997,3e-05,0.99997,True,223,310,285,372
57,2.375,30,data\real\pharmaceutical_capsules\extracted\datasets\Normal\440.png,normal,normal,0.99979,0.99979,0.00021,True,342,470,404,532
57,2.375,31,data\real\pharmaceutical_capsules\extracted\datasets\Anomaly\469.png,defective,defective,0.999943,5.7e-05,0.999943,True,422,147,484,209
57,2.375,32,data\real\pharmaceutical_capsules\extracted\datasets\Anomaly\094.png,defective,defective,0.999814,0.000186,0.999814,True,766,306,828,368
57,2.375,33,data\real\pharmaceutical_capsules\extracted\datasets\Anomaly\273.png,defective,defective,0.99996,4e-05,0.99996,True,989,496,1051,558
57,2.375,34,data\real\pharmaceutical_capsules\extracted\datasets\Normal\033.png,normal,normal,0.999738,0.999738,0.000262,True,189,137,251,199
57,2.375,35,data\real\pharmaceutical_capsules\extracted\datasets\Anomaly\071.png,defective,defective,0.999933,6.7e-05,0.999933,True,373,336,435,398
57,2.375,36,data\real\pharmaceutical_capsules\extracted\datasets\Normal\386.png,normal,normal,0.999792,0.999792,0.000208,True,1210,488,1272,550
58,2.417,1,data\real\pharmaceutical_capsules\extracted\datasets\Anomaly\316.png,defective,defective,0.999963,3.7e-05,0.999963,True,1049,138,1111,200
58,2.417,2,data\real\pharmaceutical_capsules\extracted\datasets\Normal\068.png,normal,normal,0.999773,0.999773,0.000227,True,544,310,606,372
58,2.417,3,data\real\pharmaceutical_capsules\extracted\datasets\Normal\149.png,normal,normal,0.999805,0.999805,0.000195,True,1097,501,1159,563
58,2.417,4,data\real\pharmaceutical_capsules\extracted\datasets\Anomaly\443.png,defective,defective,0.999923,7.7e-05,0.999923,True,771,138,833,200
58,2.417,5,data\real\pharmaceutical_capsules\extracted\datasets\Anomaly\221.png,defective,defective,0.999938,6.2e-05,0.999938,True,528,303,590,365
58,2.417,6,data\real\pharmaceutical_capsules\extracted\datasets\Normal\012.png,normal,normal,0.992716,0.992716,0.007284,True,1147,501,1209,563
58,2.417,7,data\real\pharmaceutical_capsules\extracted\datasets\Anomaly\124.png,defective,defective,0.999966,3.4e-05,0.999966,True,805,154,867,216
58,2.417,8,data\real\pharmaceutical_capsules\extracted\datasets\Anomaly\192.png,defective,defective,0.999946,5.4e-05,0.999946,True,239,312,301,374
58,2.417,9,data\real\pharmaceutical_capsules\extracted\datasets\Normal\492.png,normal,normal,0.999762,0.999762,0.000238,True,666,476,728,538
58,2.417,10,data\real\pharmaceutical_capsules\extracted\datasets\Anomaly\351.png,defective,normal,0.671338,0.671338,0.328662,False,1208,143,1270,205
58,2.417,11,data\real\pharmaceutical_capsules\extracted\datasets\Normal\305.png,normal,normal,0.999814,0.999814,0.000186,True,354,324,416,386
58,2.417,12,data\real\pharmaceutical_capsules\extracted\datasets\Normal\082.png,normal,normal,0.999814,0.999814,0.000186,True,0,496,47,558
58,2.417,13,data\real\pharmaceutical_capsules\extracted\datasets\Normal\481.png,normal,normal,0.999822,0.999822,0.000178,True,196,161,258,223
58,2.417,14,data\real\pharmaceutical_capsules\extracted\datasets\Anomaly\455.png,defective,defective,0.99982,0.00018,0.99982,True,606,325,668,387
58,2.417,15,data\real\pharmaceutical_capsules\extracted\datasets\Normal\446.png,normal,normal,0.999598,0.999598,0.000402,True,1132,469,1194,531
58,2.417,16,data\real\pharmaceutical_capsules\extracted\datasets\Normal\067.png,normal,normal,0.999754,0.999754,0.000246,True,1220,142,1279,204
58,2.417,17,data\real\pharmaceutical_capsules\extracted\datasets\Normal\338.png,normal,normal,0.999837,0.999837,0.000163,True,60,326,122,388
58,2.417,18,data\real\pharmaceutical_capsules\extracted\datasets\Anomaly\140.png,defective,defective,0.99995,5e-05,0.99995,True,1044,490,1106,552
58,2.417,19,data\real\pharmaceutical_capsules\extracted\datasets\Anomaly\242.png,defective,defective,0.9999,0.0001,0.9999,True,685,154,747,216
58,2.417,20,data\real\pharmaceutical_capsules\extracted\datasets\Normal\158.png,normal,normal,0.999763,0.999763,0.000237,True,1105,306,1167,368
58,2.417,21,data\real\pharmaceutical_capsules\extracted\datasets\Anomaly\415.png,defective,defective,0.999412,0.000588,0.999412,True,450,482,512,544
58,2.417,22,data\real\pharmaceutical_capsules\extracted\datasets\Normal\427.png,normal,normal,0.99977,0.99977,0.00023,True,716,151,778,213
58,2.417,23,data\real\pharmaceutical_capsules\extracted\datasets\Normal\424.png,normal,normal,0.999628,0.999628,0.000372,True,29,305,91,367
58,2.417,24,data\real\pharmaceutical_capsules\extracted\datasets\Normal\443.png,normal,normal,0.99986,0.99986,0.00014,True,272,487,334,549
58,2.417,25,data\real\pharmaceutical_capsules\extracted\datasets\Anomaly\321.png,defective,defective,0.999956,4.4e-05,0.999956,True,315,157,377,219
58,2.417,26,data\real\pharmaceutical_capsules\extracted\datasets\Normal\403.png,normal,normal,0.999762,0.999762,0.000238,True,870,331,932,393
58,2.417,27,data\real\pharmaceutical_capsules\extracted\datasets\Anomaly\459.png,defective,defective,0.99997,3e-05,0.99997,True,409,501,471,563
58,2.417,28,data\real\pharmaceutical_capsules\extracted\datasets\Anomaly\137.png,defective,defective,0.999974,2.6e-05,0.999974,True,979,162,1041,224
58,2.417,29,data\real\pharmaceutical_capsules\extracted\datasets\Anomaly\587.png,defective,defective,0.99997,3e-05,0.99997,True,227,310,289,372
58,2.417,30,data\real\pharmaceutical_capsules\extracted\datasets\Normal\440.png,normal,normal,0.99979,0.99979,0.00021,True,347,470,409,532
58,2.417,31,data\real\pharmaceutical_capsules\extracted\datasets\Anomaly\469.png,defective,defective,0.999943,5.7e-05,0.999943,True,426,147,488,209
58,2.417,32,data\real\pharmaceutical_capsules\extracted\datasets\Anomaly\094.png,defective,defective,0.999814,0.000186,0.999814,True,771,306,833,368
58,2.417,33,data\real\pharmaceutical_capsules\extracted\datasets\Anomaly\273.png,defective,defective,0.99996,4e-05,0.99996,True,993,496,1055,558
58,2.417,34,data\real\pharmaceutical_capsules\extracted\datasets\Normal\033.png,normal,normal,0.999738,0.999738,0.000262,True,193,137,255,199
58,2.417,35,data\real\pharmaceutical_capsules\extracted\datasets\Anomaly\071.png,defective,defective,0.999933,6.7e-05,0.999933,True,377,336,439,398
58,2.417,36,data\real\pharmaceutical_capsules\extracted\datasets\Normal\386.png,normal,normal,0.999792,0.999792,0.000208,True,1214,488,1276,550
59,2.458,1,data\real\pharmaceutical_capsules\extracted\datasets\Anomaly\316.png,defective,defective,0.999963,3.7e-05,0.999963,True,1053,138,1115,200
59,2.458,2,data\real\pharmaceutical_capsules\extracted\datasets\Normal\068.png,normal,normal,0.999773,0.999773,0.000227,True,548,310,610,372
59,2.458,3,data\real\pharmaceutical_capsules\extracted\datasets\Normal\149.png,normal,normal,0.999805,0.999805,0.000195,True,1101,501,1163,563
59,2.458,4,data\real\pharmaceutical_capsules\extracted\datasets\Anomaly\443.png,defective,defective,0.999923,7.7e-05,0.999923,True,775,138,837,200
59,2.458,5,data\real\pharmaceutical_capsules\extracted\datasets\Anomaly\221.png,defective,defective,0.999938,6.2e-05,0.999938,True,533,303,595,365
59,2.458,6,data\real\pharmaceutical_capsules\extracted\datasets\Normal\012.png,normal,normal,0.992716,0.992716,0.007284,True,1152,501,1214,563
59,2.458,7,data\real\pharmaceutical_capsules\extracted\datasets\Anomaly\124.png,defective,defective,0.999966,3.4e-05,0.999966,True,810,154,872,216
59,2.458,8,data\real\pharmaceutical_capsules\extracted\datasets\Anomaly\192.png,defective,defective,0.999946,5.4e-05,0.999946,True,243,312,305,374
59,2.458,9,data\real\pharmaceutical_capsules\extracted\datasets\Normal\492.png,normal,normal,0.999762,0.999762,0.000238,True,671,476,733,538
59,2.458,10,data\real\pharmaceutical_capsules\extracted\datasets\Anomaly\351.png,defective,normal,0.671338,0.671338,0.328662,False,1212,143,1274,205
59,2.458,11,data\real\pharmaceutical_capsules\extracted\datasets\Normal\305.png,normal,normal,0.999814,0.999814,0.000186,True,359,324,421,386
59,2.458,12,data\real\pharmaceutical_capsules\extracted\datasets\Normal\082.png,normal,normal,0.999814,0.999814,0.000186,True,0,496,51,558
59,2.458,13,data\real\pharmaceutical_capsules\extracted\datasets\Normal\481.png,normal,normal,0.999822,0.999822,0.000178,True,201,161,263,223
59,2.458,14,data\real\pharmaceutical_capsules\extracted\datasets\Anomaly\455.png,defective,defective,0.99982,0.00018,0.99982,True,610,325,672,387
59,2.458,15,data\real\pharmaceutical_capsules\extracted\datasets\Normal\446.png,normal,normal,0.999598,0.999598,0.000402,True,1137,469,1199,531
59,2.458,16,data\real\pharmaceutical_capsules\extracted\datasets\Normal\067.png,normal,normal,0.999754,0.999754,0.000246,True,1225,142,1279,204
59,2.458,17,data\real\pharmaceutical_capsules\extracted\datasets\Normal\338.png,normal,normal,0.999837,0.999837,0.000163,True,64,326,126,388
59,2.458,18,data\real\pharmaceutical_capsules\extracted\datasets\Anomaly\140.png,defective,defective,0.99995,5e-05,0.99995,True,1049,490,1111,552
59,2.458,19,data\real\pharmaceutical_capsules\extracted\datasets\Anomaly\242.png,defective,defective,0.9999,0.0001,0.9999,True,690,154,752,216
59,2.458,20,data\real\pharmaceutical_capsules\extracted\datasets\Normal\158.png,normal,normal,0.999763,0.999763,0.000237,True,1110,306,1172,368
59,2.458,21,data\real\pharmaceutical_capsules\extracted\datasets\Anomaly\415.png,defective,defective,0.999412,0.000588,0.999412,True,454,482,516,544
59,2.458,22,data\real\pharmaceutical_capsules\extracted\datasets\Normal\427.png,normal,normal,0.99977,0.99977,0.00023,True,721,151,783,213
59,2.458,23,data\real\pharmaceutical_capsules\extracted\datasets\Normal\424.png,normal,normal,0.999628,0.999628,0.000372,True,34,305,96,367
59,2.458,24,data\real\pharmaceutical_capsules\extracted\datasets\Normal\443.png,normal,normal,0.99986,0.99986,0.00014,True,276,487,338,549
59,2.458,25,data\real\pharmaceutical_capsules\extracted\datasets\Anomaly\321.png,defective,defective,0.999956,4.4e-05,0.999956,True,320,157,382,219
59,2.458,26,data\real\pharmaceutical_capsules\extracted\datasets\Normal\403.png,normal,normal,0.999762,0.999762,0.000238,True,874,331,936,393
59,2.458,27,data\real\pharmaceutical_capsules\extracted\datasets\Anomaly\459.png,defective,defective,0.99997,3e-05,0.99997,True,414,501,476,563
59,2.458,28,data\real\pharmaceutical_capsules\extracted\datasets\Anomaly\137.png,defective,defective,0.999974,2.6e-05,0.999974,True,983,162,1045,224
59,2.458,29,data\real\pharmaceutical_capsules\extracted\datasets\Anomaly\587.png,defective,defective,0.99997,3e-05,0.99997,True,232,310,294,372
59,2.458,30,data\real\pharmaceutical_capsules\extracted\datasets\Normal\440.png,normal,normal,0.99979,0.99979,0.00021,True,351,470,413,532
59,2.458,31,data\real\pharmaceutical_capsules\extracted\datasets\Anomaly\469.png,defective,defective,0.999943,5.7e-05,0.999943,True,431,147,493,209
59,2.458,32,data\real\pharmaceutical_capsules\extracted\datasets\Anomaly\094.png,defective,defective,0.999814,0.000186,0.999814,True,775,306,837,368
59,2.458,33,data\real\pharmaceutical_capsules\extracted\datasets\Anomaly\273.png,defective,defective,0.99996,4e-05,0.99996,True,998,496,1060,558
59,2.458,34,data\real\pharmaceutical_capsules\extracted\datasets\Normal\033.png,normal,normal,0.999738,0.999738,0.000262,True,198,137,260,199
59,2.458,35,data\real\pharmaceutical_capsules\extracted\datasets\Anomaly\071.png,defective,defective,0.999933,6.7e-05,0.999933,True,382,336,444,398
59,2.458,36,data\real\pharmaceutical_capsules\extracted\datasets\Normal\386.png,normal,normal,0.999792,0.999792,0.000208,True,1219,488,1279,550
60,2.5,1,data\real\pharmaceutical_capsules\extracted\datasets\Anomaly\316.png,defective,defective,0.999963,3.7e-05,0.999963,True,1058,138,1120,200
60,2.5,2,data\real\pharmaceutical_capsules\extracted\datasets\Normal\068.png,normal,normal,0.999773,0.999773,0.000227,True,553,310,615,372
60,2.5,3,data\real\pharmaceutical_capsules\extracted\datasets\Normal\149.png,normal,normal,0.999805,0.999805,0.000195,True,1106,501,1168,563
60,2.5,4,data\real\pharmaceutical_capsules\extracted\datasets\Anomaly\443.png,defective,defective,0.999923,7.7e-05,0.999923,True,780,138,842,200
60,2.5,5,data\real\pharmaceutical_capsules\extracted\datasets\Anomaly\221.png,defective,defective,0.999938,6.2e-05,0.999938,True,537,303,599,365
60,2.5,6,data\real\pharmaceutical_capsules\extracted\datasets\Normal\012.png,normal,normal,0.992716,0.992716,0.007284,True,1156,501,1218,563
60,2.5,7,data\real\pharmaceutical_capsules\extracted\datasets\Anomaly\124.png,defective,defective,0.999966,3.4e-05,0.999966,True,814,154,876,216
60,2.5,8,data\real\pharmaceutical_capsules\extracted\datasets\Anomaly\192.png,defective,defective,0.999946,5.4e-05,0.999946,True,248,312,310,374
60,2.5,9,data\real\pharmaceutical_capsules\extracted\datasets\Normal\492.png,normal,normal,0.999762,0.999762,0.000238,True,675,476,737,538
60,2.5,10,data\real\pharmaceutical_capsules\extracted\datasets\Anomaly\351.png,defective,normal,0.671338,0.671338,0.328662,False,1217,143,1279,205
60,2.5,11,data\real\pharmaceutical_capsules\extracted\datasets\Normal\305.png,normal,normal,0.999814,0.999814,0.000186,True,363,324,425,386
60,2.5,12,data\real\pharmaceutical_capsules\extracted\datasets\Normal\082.png,normal,normal,0.999814,0.999814,0.000186,True,0,496,56,558
60,2.5,13,data\real\pharmaceutical_capsules\extracted\datasets\Normal\481.png,normal,normal,0.999822,0.999822,0.000178,True,205,161,267,223
60,2.5,14,data\real\pharmaceutical_capsules\extracted\datasets\Anomaly\455.png,defective,defective,0.99982,0.00018,0.99982,True,615,325,677,387
60,2.5,15,data\real\pharmaceutical_capsules\extracted\datasets\Normal\446.png,normal,normal,0.999598,0.999598,0.000402,True,1141,469,1203,531
60,2.5,16,data\real\pharmaceutical_capsules\extracted\datasets\Normal\067.png,normal,normal,0.999754,0.999754,0.000246,True,1229,142,1279,204
60,2.5,17,data\real\pharmaceutical_capsules\extracted\datasets\Normal\338.png,normal,normal,0.999837,0.999837,0.000163,True,69,326,131,388
60,2.5,18,data\real\pharmaceutical_capsules\extracted\datasets\Anomaly\140.png,defective,defective,0.99995,5e-05,0.99995,True,1053,490,1115,552
60,2.5,19,data\real\pharmaceutical_capsules\extracted\datasets\Anomaly\242.png,defective,defective,0.9999,0.0001,0.9999,True,694,154,756,216
60,2.5,20,data\real\pharmaceutical_capsules\extracted\datasets\Normal\158.png,normal,normal,0.999763,0.999763,0.000237,True,1114,306,1176,368
60,2.5,21,data\real\pharmaceutical_capsules\extracted\datasets\Anomaly\415.png,defective,defective,0.999412,0.000588,0.999412,True,459,482,521,544
60,2.5,22,data\real\pharmaceutical_capsules\extracted\datasets\Normal\427.png,normal,normal,0.99977,0.99977,0.00023,True,725,151,787,213
60,2.5,23,data\real\pharmaceutical_capsules\extracted\datasets\Normal\424.png,normal,normal,0.999628,0.999628,0.000372,True,38,305,100,367
60,2.5,24,data\real\pharmaceutical_capsules\extracted\datasets\Normal\443.png,normal,normal,0.99986,0.99986,0.00014,True,281,487,343,549
60,2.5,25,data\real\pharmaceutical_capsules\extracted\datasets\Anomaly\321.png,defective,defective,0.999956,4.4e-05,0.999956,True,324,157,386,219
60,2.5,26,data\real\pharmaceutical_capsules\extracted\datasets\Normal\403.png,normal,normal,0.999762,0.999762,0.000238,True,879,331,941,393
60,2.5,27,data\real\pharmaceutical_capsules\extracted\datasets\Anomaly\459.png,defective,defective,0.99997,3e-05,0.99997,True,418,501,480,563
60,2.5,28,data\real\pharmaceutical_capsules\extracted\datasets\Anomaly\137.png,defective,defective,0.999974,2.6e-05,0.999974,True,988,162,1050,224
60,2.5,29,data\real\pharmaceutical_capsules\extracted\datasets\Anomaly\587.png,defective,defective,0.99997,3e-05,0.99997,True,236,310,298,372
60,2.5,30,data\real\pharmaceutical_capsules\extracted\datasets\Normal\440.png,normal,normal,0.99979,0.99979,0.00021,True,356,470,418,532
60,2.5,31,data\real\pharmaceutical_capsules\extracted\datasets\Anomaly\469.png,defective,defective,0.999943,5.7e-05,0.999943,True,435,147,497,209
60,2.5,32,data\real\pharmaceutical_capsules\extracted\datasets\Anomaly\094.png,defective,defective,0.999814,0.000186,0.999814,True,780,306,842,368
60,2.5,33,data\real\pharmaceutical_capsules\extracted\datasets\Anomaly\273.png,defective,defective,0.99996,4e-05,0.99996,True,1002,496,1064,558
60,2.5,34,data\real\pharmaceutical_capsules\extracted\datasets\Normal\033.png,normal,normal,0.999738,0.999738,0.000262,True,202,137,264,199
60,2.5,35,data\real\pharmaceutical_capsules\extracted\datasets\Anomaly\071.png,defective,defective,0.999933,6.7e-05,0.999933,True,386,336,448,398
60,2.5,36,data\real\pharmaceutical_capsules\extracted\datasets\Normal\386.png,normal,normal,0.999792,0.999792,0.000208,True,1223,488,1279,550
61,2.542,1,data\real\pharmaceutical_capsules\extracted\datasets\Anomaly\316.png,defective,defective,0.999963,3.7e-05,0.999963,True,1062,138,1124,200
61,2.542,2,data\real\pharmaceutical_capsules\extracted\datasets\Normal\068.png,normal,normal,0.999773,0.999773,0.000227,True,557,310,619,372
61,2.542,3,data\real\pharmaceutical_capsules\extracted\datasets\Normal\149.png,normal,normal,0.999805,0.999805,0.000195,True,1110,501,1172,563
61,2.542,4,data\real\pharmaceutical_capsules\extracted\datasets\Anomaly\443.png,defective,defective,0.999923,7.7e-05,0.999923,True,784,138,846,200
61,2.542,5,data\real\pharmaceutical_capsules\extracted\datasets\Anomaly\221.png,defective,defective,0.999938,6.2e-05,0.999938,True,542,303,604,365
61,2.542,6,data\real\pharmaceutical_capsules\extracted\datasets\Normal\012.png,normal,normal,0.992716,0.992716,0.007284,True,1161,501,1223,563
61,2.542,7,data\real\pharmaceutical_capsules\extracted\datasets\Anomaly\124.png,defective,defective,0.999966,3.4e-05,0.999966,True,819,154,881,216
61,2.542,8,data\real\pharmaceutical_capsules\extracted\datasets\Anomaly\192.png,defective,defective,0.999946,5.4e-05,0.999946,True,252,312,314,374
61,2.542,9,data\real\pharmaceutical_capsules\extracted\datasets\Normal\492.png,normal,normal,0.999762,0.999762,0.000238,True,680,476,742,538
61,2.542,10,data\real\pharmaceutical_capsules\extracted\datasets\Anomaly\351.png,defective,normal,0.671338,0.671338,0.328662,False,1221,143,1279,205
61,2.542,11,data\real\pharmaceutical_capsules\extracted\datasets\Normal\305.png,normal,normal,0.999814,0.999814,0.000186,True,368,324,430,386
61,2.542,12,data\real\pharmaceutical_capsules\extracted\datasets\Normal\082.png,normal,normal,0.999814,0.999814,0.000186,True,0,496,60,558
61,2.542,13,data\real\pharmaceutical_capsules\extracted\datasets\Normal\481.png,normal,normal,0.999822,0.999822,0.000178,True,210,161,272,223
61,2.542,14,data\real\pharmaceutical_capsules\extracted\datasets\Anomaly\455.png,defective,defective,0.99982,0.00018,0.99982,True,619,325,681,387
61,2.542,15,data\real\pharmaceutical_capsules\extracted\datasets\Normal\446.png,normal,normal,0.999598,0.999598,0.000402,True,1146,469,1208,531
61,2.542,16,data\real\pharmaceutical_capsules\extracted\datasets\Normal\067.png,normal,normal,0.999754,0.999754,0.000246,True,1234,142,1279,204
61,2.542,17,data\real\pharmaceutical_capsules\extracted\datasets\Normal\338.png,normal,normal,0.999837,0.999837,0.000163,True,73,326,135,388
61,2.542,18,data\real\pharmaceutical_capsules\extracted\datasets\Anomaly\140.png,defective,defective,0.99995,5e-05,0.99995,True,1058,490,1120,552
61,2.542,19,data\real\pharmaceutical_capsules\extracted\datasets\Anomaly\242.png,defective,defective,0.9999,0.0001,0.9999,True,699,154,761,216
61,2.542,20,data\real\pharmaceutical_capsules\extracted\datasets\Normal\158.png,normal,normal,0.999763,0.999763,0.000237,True,1119,306,1181,368
61,2.542,21,data\real\pharmaceutical_capsules\extracted\datasets\Anomaly\415.png,defective,defective,0.999412,0.000588,0.999412,True,463,482,525,544
61,2.542,22,data\real\pharmaceutical_capsules\extracted\datasets\Normal\427.png,normal,normal,0.99977,0.99977,0.00023,True,730,151,792,213
61,2.542,23,data\real\pharmaceutical_capsules\extracted\datasets\Normal\424.png,normal,normal,0.999628,0.999628,0.000372,True,43,305,105,367
61,2.542,24,data\real\pharmaceutical_capsules\extracted\datasets\Normal\443.png,normal,normal,0.99986,0.99986,0.00014,True,285,487,347,549
61,2.542,25,data\real\pharmaceutical_capsules\extracted\datasets\Anomaly\321.png,defective,defective,0.999956,4.4e-05,0.999956,True,329,157,391,219
61,2.542,26,data\real\pharmaceutical_capsules\extracted\datasets\Normal\403.png,normal,normal,0.999762,0.999762,0.000238,True,883,331,945,393
61,2.542,27,data\real\pharmaceutical_capsules\extracted\datasets\Anomaly\459.png,defective,defective,0.99997,3e-05,0.99997,True,423,501,485,563
61,2.542,28,data\real\pharmaceutical_capsules\extracted\datasets\Anomaly\137.png,defective,defective,0.999974,2.6e-05,0.999974,True,992,162,1054,224
61,2.542,29,data\real\pharmaceutical_capsules\extracted\datasets\Anomaly\587.png,defective,defective,0.99997,3e-05,0.99997,True,241,310,303,372
61,2.542,30,data\real\pharmaceutical_capsules\extracted\datasets\Normal\440.png,normal,normal,0.99979,0.99979,0.00021,True,360,470,422,532
61,2.542,31,data\real\pharmaceutical_capsules\extracted\datasets\Anomaly\469.png,defective,defective,0.999943,5.7e-05,0.999943,True,440,147,502,209
61,2.542,32,data\real\pharmaceutical_capsules\extracted\datasets\Anomaly\094.png,defective,defective,0.999814,0.000186,0.999814,True,784,306,846,368
61,2.542,33,data\real\pharmaceutical_capsules\extracted\datasets\Anomaly\273.png,defective,defective,0.99996,4e-05,0.99996,True,1007,496,1069,558
61,2.542,34,data\real\pharmaceutical_capsules\extracted\datasets\Normal\033.png,normal,normal,0.999738,0.999738,0.000262,True,207,137,269,199
61,2.542,35,data\real\pharmaceutical_capsules\extracted\datasets\Anomaly\071.png,defective,defective,0.999933,6.7e-05,0.999933,True,391,336,453,398
61,2.542,36,data\real\pharmaceutical_capsules\extracted\datasets\Normal\386.png,normal,normal,0.999792,0.999792,0.000208,True,1228,488,1279,550
62,2.583,1,data\real\pharmaceutical_capsules\extracted\datasets\Anomaly\316.png,defective,defective,0.999963,3.7e-05,0.999963,True,1067,138,1129,200
62,2.583,2,data\real\pharmaceutical_capsules\extracted\datasets\Normal\068.png,normal,normal,0.999773,0.999773,0.000227,True,562,310,624,372
62,2.583,3,data\real\pharmaceutical_capsules\extracted\datasets\Normal\149.png,normal,normal,0.999805,0.999805,0.000195,True,1115,501,1177,563
62,2.583,4,data\real\pharmaceutical_capsules\extracted\datasets\Anomaly\443.png,defective,defective,0.999923,7.7e-05,0.999923,True,789,138,851,200
62,2.583,5,data\real\pharmaceutical_capsules\extracted\datasets\Anomaly\221.png,defective,defective,0.999938,6.2e-05,0.999938,True,546,303,608,365
62,2.583,6,data\real\pharmaceutical_capsules\extracted\datasets\Normal\012.png,normal,normal,0.992716,0.992716,0.007284,True,1165,501,1227,563
62,2.583,7,data\real\pharmaceutical_capsules\extracted\datasets\Anomaly\124.png,defective,defective,0.999966,3.4e-05,0.999966,True,823,154,885,216
62,2.583,8,data\real\pharmaceutical_capsules\extracted\datasets\Anomaly\192.png,defective,defective,0.999946,5.4e-05,0.999946,True,257,312,319,374
62,2.583,9,data\real\pharmaceutical_capsules\extracted\datasets\Normal\492.png,normal,normal,0.999762,0.999762,0.000238,True,684,476,746,538
62,2.583,10,data\real\pharmaceutical_capsules\extracted\datasets\Anomaly\351.png,defective,normal,0.671338,0.671338,0.328662,False,1226,143,1279,205
62,2.583,11,data\real\pharmaceutical_capsules\extracted\datasets\Normal\305.png,normal,normal,0.999814,0.999814,0.000186,True,372,324,434,386
62,2.583,12,data\real\pharmaceutical_capsules\extracted\datasets\Normal\082.png,normal,normal,0.999814,0.999814,0.000186,True,2,496,64,558
62,2.583,13,data\real\pharmaceutical_capsules\extracted\datasets\Normal\481.png,normal,normal,0.999822,0.999822,0.000178,True,214,161,276,223
62,2.583,14,data\real\pharmaceutical_capsules\extracted\datasets\Anomaly\455.png,defective,defective,0.99982,0.00018,0.99982,True,624,325,686,387
62,2.583,15,data\real\pharmaceutical_capsules\extracted\datasets\Normal\446.png,normal,normal,0.999598,0.999598,0.000402,True,1150,469,1212,531
62,2.583,16,data\real\pharmaceutical_capsules\extracted\datasets\Normal\067.png,normal,normal,0.999754,0.999754,0.000246,True,1238,142,1279,204
62,2.583,17,data\real\pharmaceutical_capsules\extracted\datasets\Normal\338.png,normal,normal,0.999837,0.999837,0.000163,True,78,326,140,388
62,2.583,18,data\real\pharmaceutical_capsules\extracted\datasets\Anomaly\140.png,defective,defective,0.99995,5e-05,0.99995,True,1062,490,1124,552
62,2.583,19,data\real\pharmaceutical_capsules\extracted\datasets\Anomaly\242.png,defective,defective,0.9999,0.0001,0.9999,True,703,154,765,216
62,2.583,20,data\real\pharmaceutical_capsules\extracted\datasets\Normal\158.png,normal,normal,0.999763,0.999763,0.000237,True,1123,306,1185,368
62,2.583,21,data\real\pharmaceutical_capsules\extracted\datasets\Anomaly\415.png,defective,defective,0.999412,0.000588,0.999412,True,468,482,530,544
62,2.583,22,data\real\pharmaceutical_capsules\extracted\datasets\Normal\427.png,normal,normal,0.99977,0.99977,0.00023,True,734,151,796,213
62,2.583,23,data\real\pharmaceutical_capsules\extracted\datasets\Normal\424.png,normal,normal,0.999628,0.999628,0.000372,True,47,305,109,367
62,2.583,24,data\real\pharmaceutical_capsules\extracted\datasets\Normal\443.png,normal,normal,0.99986,0.99986,0.00014,True,290,487,352,549
62,2.583,25,data\real\pharmaceutical_capsules\extracted\datasets\Anomaly\321.png,defective,defective,0.999956,4.4e-05,0.999956,True,333,157,395,219
62,2.583,26,data\real\pharmaceutical_capsules\extracted\datasets\Normal\403.png,normal,normal,0.999762,0.999762,0.000238,True,888,331,950,393
62,2.583,27,data\real\pharmaceutical_capsules\extracted\datasets\Anomaly\459.png,defective,defective,0.99997,3e-05,0.99997,True,427,501,489,563
62,2.583,28,data\real\pharmaceutical_capsules\extracted\datasets\Anomaly\137.png,defective,defective,0.999974,2.6e-05,0.999974,True,997,162,1059,224
62,2.583,29,data\real\pharmaceutical_capsules\extracted\datasets\Anomaly\587.png,defective,defective,0.99997,3e-05,0.99997,True,245,310,307,372
62,2.583,30,data\real\pharmaceutical_capsules\extracted\datasets\Normal\440.png,normal,normal,0.99979,0.99979,0.00021,True,365,470,427,532
62,2.583,31,data\real\pharmaceutical_capsules\extracted\datasets\Anomaly\469.png,defective,defective,0.999943,5.7e-05,0.999943,True,444,147,506,209
62,2.583,32,data\real\pharmaceutical_capsules\extracted\datasets\Anomaly\094.png,defective,defective,0.999814,0.000186,0.999814,True,789,306,851,368
62,2.583,33,data\real\pharmaceutical_capsules\extracted\datasets\Anomaly\273.png,defective,defective,0.99996,4e-05,0.99996,True,1011,496,1073,558
62,2.583,34,data\real\pharmaceutical_capsules\extracted\datasets\Normal\033.png,normal,normal,0.999738,0.999738,0.000262,True,211,137,273,199
62,2.583,35,data\real\pharmaceutical_capsules\extracted\datasets\Anomaly\071.png,defective,defective,0.999933,6.7e-05,0.999933,True,395,336,457,398
62,2.583,36,data\real\pharmaceutical_capsules\extracted\datasets\Normal\386.png,normal,normal,0.999792,0.999792,0.000208,True,1232,488,1279,550
63,2.625,1,data\real\pharmaceutical_capsules\extracted\datasets\Anomaly\316.png,defective,defective,0.999963,3.7e-05,0.999963,True,1071,138,1133,200
63,2.625,2,data\real\pharmaceutical_capsules\extracted\datasets\Normal\068.png,normal,normal,0.999773,0.999773,0.000227,True,566,310,628,372
63,2.625,3,data\real\pharmaceutical_capsules\extracted\datasets\Normal\149.png,normal,normal,0.999805,0.999805,0.000195,True,1119,501,1181,563
63,2.625,4,data\real\pharmaceutical_capsules\extracted\datasets\Anomaly\443.png,defective,defective,0.999923,7.7e-05,0.999923,True,793,138,855,200
63,2.625,5,data\real\pharmaceutical_capsules\extracted\datasets\Anomaly\221.png,defective,defective,0.999938,6.2e-05,0.999938,True,551,303,613,365
63,2.625,6,data\real\pharmaceutical_capsules\extracted\datasets\Normal\012.png,normal,normal,0.992716,0.992716,0.007284,True,1170,501,1232,563
63,2.625,7,data\real\pharmaceutical_capsules\extracted\datasets\Anomaly\124.png,defective,defective,0.999966,3.4e-05,0.999966,True,828,154,890,216
63,2.625,8,data\real\pharmaceutical_capsules\extracted\datasets\Anomaly\192.png,defective,defective,0.999946,5.4e-05,0.999946,True,261,312,323,374
63,2.625,9,data\real\pharmaceutical_capsules\extracted\datasets\Normal\492.png,normal,normal,0.999762,0.999762,0.000238,True,689,476,751,538
63,2.625,10,data\real\pharmaceutical_capsules\extracted\datasets\Anomaly\351.png,defective,normal,0.671338,0.671338,0.328662,False,1230,143,1279,205
63,2.625,11,data\real\pharmaceutical_capsules\extracted\datasets\Normal\305.png,normal,normal,0.999814,0.999814,0.000186,True,377,324,439,386
63,2.625,12,data\real\pharmaceutical_capsules\extracted\datasets\Normal\082.png,normal,normal,0.999814,0.999814,0.000186,True,6,496,68,558
63,2.625,13,data\real\pharmaceutical_capsules\extracted\datasets\Normal\481.png,normal,normal,0.999822,0.999822,0.000178,True,219,161,281,223
63,2.625,14,data\real\pharmaceutical_capsules\extracted\datasets\Anomaly\455.png,defective,defective,0.99982,0.00018,0.99982,True,628,325,690,387
63,2.625,15,data\real\pharmaceutical_capsules\extracted\datasets\Normal\446.png,normal,normal,0.999598,0.999598,0.000402,True,1155,469,1217,531
63,2.625,16,data\real\pharmaceutical_capsules\extracted\datasets\Normal\067.png,normal,normal,0.999754,0.999754,0.000246,True,1243,142,1279,204
63,2.625,17,data\real\pharmaceutical_capsules\extracted\datasets\Normal\338.png,normal,normal,0.999837,0.999837,0.000163,True,82,326,144,388
63,2.625,18,data\real\pharmaceutical_capsules\extracted\datasets\Anomaly\140.png,defective,defective,0.99995,5e-05,0.99995,True,1067,490,1129,552
63,2.625,19,data\real\pharmaceutical_capsules\extracted\datasets\Anomaly\242.png,defective,defective,0.9999,0.0001,0.9999,True,708,154,770,216
63,2.625,20,data\real\pharmaceutical_capsules\extracted\datasets\Normal\158.png,normal,normal,0.999763,0.999763,0.000237,True,1128,306,1190,368
63,2.625,21,data\real\pharmaceutical_capsules\extracted\datasets\Anomaly\415.png,defective,defective,0.999412,0.000588,0.999412,True,472,482,534,544
63,2.625,22,data\real\pharmaceutical_capsules\extracted\datasets\Normal\427.png,normal,normal,0.99977,0.99977,0.00023,True,739,151,801,213
63,2.625,23,data\real\pharmaceutical_capsules\extracted\datasets\Normal\424.png,normal,normal,0.999628,0.999628,0.000372,True,52,305,114,367
63,2.625,24,data\real\pharmaceutical_capsules\extracted\datasets\Normal\443.png,normal,normal,0.99986,0.99986,0.00014,True,294,487,356,549
63,2.625,25,data\real\pharmaceutical_capsules\extracted\datasets\Anomaly\321.png,defective,defective,0.999956,4.4e-05,0.999956,True,338,157,400,219
63,2.625,26,data\real\pharmaceutical_capsules\extracted\datasets\Normal\403.png,normal,normal,0.999762,0.999762,0.000238,True,892,331,954,393
63,2.625,27,data\real\pharmaceutical_capsules\extracted\datasets\Anomaly\459.png,defective,defective,0.99997,3e-05,0.99997,True,432,501,494,563
63,2.625,28,data\real\pharmaceutical_capsules\extracted\datasets\Anomaly\137.png,defective,defective,0.999974,2.6e-05,0.999974,True,1001,162,1063,224
63,2.625,29,data\real\pharmaceutical_capsules\extracted\datasets\Anomaly\587.png,defective,defective,0.99997,3e-05,0.99997,True,250,310,312,372
63,2.625,30,data\real\pharmaceutical_capsules\extracted\datasets\Normal\440.png,normal,normal,0.99979,0.99979,0.00021,True,369,470,431,532
63,2.625,31,data\real\pharmaceutical_capsules\extracted\datasets\Anomaly\469.png,defective,defective,0.999943,5.7e-05,0.999943,True,449,147,511,209
63,2.625,32,data\real\pharmaceutical_capsules\extracted\datasets\Anomaly\094.png,defective,defective,0.999814,0.000186,0.999814,True,793,306,855,368
63,2.625,33,data\real\pharmaceutical_capsules\extracted\datasets\Anomaly\273.png,defective,defective,0.99996,4e-05,0.99996,True,1016,496,1078,558
63,2.625,34,data\real\pharmaceutical_capsules\extracted\datasets\Normal\033.png,normal,normal,0.999738,0.999738,0.000262,True,216,137,278,199
63,2.625,35,data\real\pharmaceutical_capsules\extracted\datasets\Anomaly\071.png,defective,defective,0.999933,6.7e-05,0.999933,True,400,336,462,398
63,2.625,36,data\real\pharmaceutical_capsules\extracted\datasets\Normal\386.png,normal,normal,0.999792,0.999792,0.000208,True,1237,488,1279,550
64,2.667,1,data\real\pharmaceutical_capsules\extracted\datasets\Anomaly\316.png,defective,defective,0.999963,3.7e-05,0.999963,True,1076,138,1138,200
64,2.667,2,data\real\pharmaceutical_capsules\extracted\datasets\Normal\068.png,normal,normal,0.999773,0.999773,0.000227,True,571,310,633,372
64,2.667,3,data\real\pharmaceutical_capsules\extracted\datasets\Normal\149.png,normal,normal,0.999805,0.999805,0.000195,True,1124,501,1186,563
64,2.667,4,data\real\pharmaceutical_capsules\extracted\datasets\Anomaly\443.png,defective,defective,0.999923,7.7e-05,0.999923,True,798,138,860,200
64,2.667,5,data\real\pharmaceutical_capsules\extracted\datasets\Anomaly\221.png,defective,defective,0.999938,6.2e-05,0.999938,True,555,303,617,365
64,2.667,6,data\real\pharmaceutical_capsules\extracted\datasets\Normal\012.png,normal,normal,0.992716,0.992716,0.007284,True,1174,501,1236,563
64,2.667,7,data\real\pharmaceutical_capsules\extracted\datasets\Anomaly\124.png,defective,defective,0.999966,3.4e-05,0.999966,True,832,154,894,216
64,2.667,8,data\real\pharmaceutical_capsules\extracted\datasets\Anomaly\192.png,defective,defective,0.999946,5.4e-05,0.999946,True,266,312,328,374
64,2.667,9,data\real\pharmaceutical_capsules\extracted\datasets\Normal\492.png,normal,normal,0.999762,0.999762,0.000238,True,693,476,755,538
64,2.667,10,data\real\pharmaceutical_capsules\extracted\datasets\Anomaly\351.png,defective,normal,0.671338,0.671338,0.328662,False,1235,143,1279,205
64,2.667,11,data\real\pharmaceutical_capsules\extracted\datasets\Normal\305.png,normal,normal,0.999814,0.999814,0.000186,True,381,324,443,386
64,2.667,12,data\real\pharmaceutical_capsules\extracted\datasets\Normal\082.png,normal,normal,0.999814,0.999814,0.000186,True,11,496,73,558
64,2.667,13,data\real\pharmaceutical_capsules\extracted\datasets\Normal\481.png,normal,normal,0.999822,0.999822,0.000178,True,223,161,285,223
64,2.667,14,data\real\pharmaceutical_capsules\extracted\datasets\Anomaly\455.png,defective,defective,0.99982,0.00018,0.99982,True,633,325,695,387
64,2.667,15,data\real\pharmaceutical_capsules\extracted\datasets\Normal\446.png,normal,normal,0.999598,0.999598,0.000402,True,1159,469,1221,531
64,2.667,16,data\real\pharmaceutical_capsules\extracted\datasets\Normal\067.png,normal,normal,0.999754,0.999754,0.000246,True,1247,142,1279,204
64,2.667,17,data\real\pharmaceutical_capsules\extracted\datasets\Normal\338.png,normal,normal,0.999837,0.999837,0.000163,True,87,326,149,388
64,2.667,18,data\real\pharmaceutical_capsules\extracted\datasets\Anomaly\140.png,defective,defective,0.99995,5e-05,0.99995,True,1071,490,1133,552
64,2.667,19,data\real\pharmaceutical_capsules\extracted\datasets\Anomaly\242.png,defective,defective,0.9999,0.0001,0.9999,True,712,154,774,216
64,2.667,20,data\real\pharmaceutical_capsules\extracted\datasets\Normal\158.png,normal,normal,0.999763,0.999763,0.000237,True,1132,306,1194,368
64,2.667,21,data\real\pharmaceutical_capsules\extracted\datasets\Anomaly\415.png,defective,defective,0.999412,0.000588,0.999412,True,477,482,539,544
64,2.667,22,data\real\pharmaceutical_capsules\extracted\datasets\Normal\427.png,normal,normal,0.99977,0.99977,0.00023,True,743,151,805,213
64,2.667,23,data\real\pharmaceutical_capsules\extracted\datasets\Normal\424.png,normal,normal,0.999628,0.999628,0.000372,True,56,305,118,367
64,2.667,24,data\real\pharmaceutical_capsules\extracted\datasets\Normal\443.png,normal,normal,0.99986,0.99986,0.00014,True,299,487,361,549
64,2.667,25,data\real\pharmaceutical_capsules\extracted\datasets\Anomaly\321.png,defective,defective,0.999956,4.4e-05,0.999956,True,342,157,404,219
64,2.667,26,data\real\pharmaceutical_capsules\extracted\datasets\Normal\403.png,normal,normal,0.999762,0.999762,0.000238,True,897,331,959,393
64,2.667,27,data\real\pharmaceutical_capsules\extracted\datasets\Anomaly\459.png,defective,defective,0.99997,3e-05,0.99997,True,436,501,498,563
64,2.667,28,data\real\pharmaceutical_capsules\extracted\datasets\Anomaly\137.png,defective,defective,0.999974,2.6e-05,0.999974,True,1006,162,1068,224
64,2.667,29,data\real\pharmaceutical_capsules\extracted\datasets\Anomaly\587.png,defective,defective,0.99997,3e-05,0.99997,True,254,310,316,372
64,2.667,30,data\real\pharmaceutical_capsules\extracted\datasets\Normal\440.png,normal,normal,0.99979,0.99979,0.00021,True,374,470,436,532
64,2.667,31,data\real\pharmaceutical_capsules\extracted\datasets\Anomaly\469.png,defective,defective,0.999943,5.7e-05,0.999943,True,453,147,515,209
64,2.667,32,data\real\pharmaceutical_capsules\extracted\datasets\Anomaly\094.png,defective,defective,0.999814,0.000186,0.999814,True,798,306,860,368
64,2.667,33,data\real\pharmaceutical_capsules\extracted\datasets\Anomaly\273.png,defective,defective,0.99996,4e-05,0.99996,True,1020,496,1082,558
64,2.667,34,data\real\pharmaceutical_capsules\extracted\datasets\Normal\033.png,normal,normal,0.999738,0.999738,0.000262,True,220,137,282,199
64,2.667,35,data\real\pharmaceutical_capsules\extracted\datasets\Anomaly\071.png,defective,defective,0.999933,6.7e-05,0.999933,True,404,336,466,398
64,2.667,36,data\real\pharmaceutical_capsules\extracted\datasets\Normal\386.png,normal,normal,0.999792,0.999792,0.000208,True,1241,488,1279,550
65,2.708,1,data\real\pharmaceutical_capsules\extracted\datasets\Anomaly\316.png,defective,defective,0.999963,3.7e-05,0.999963,True,1080,138,1142,200
65,2.708,2,data\real\pharmaceutical_capsules\extracted\datasets\Normal\068.png,normal,normal,0.999773,0.999773,0.000227,True,575,310,637,372
65,2.708,3,data\real\pharmaceutical_capsules\extracted\datasets\Normal\149.png,normal,normal,0.999805,0.999805,0.000195,True,1128,501,1190,563
65,2.708,4,data\real\pharmaceutical_capsules\extracted\datasets\Anomaly\443.png,defective,defective,0.999923,7.7e-05,0.999923,True,802,138,864,200
65,2.708,5,data\real\pharmaceutical_capsules\extracted\datasets\Anomaly\221.png,defective,defective,0.999938,6.2e-05,0.999938,True,560,303,622,365
65,2.708,6,data\real\pharmaceutical_capsules\extracted\datasets\Normal\012.png,normal,normal,0.992716,0.992716,0.007284,True,1179,501,1241,563
65,2.708,7,data\real\pharmaceutical_capsules\extracted\datasets\Anomaly\124.png,defective,defective,0.999966,3.4e-05,0.999966,True,837,154,899,216
65,2.708,8,data\real\pharmaceutical_capsules\extracted\datasets\Anomaly\192.png,defective,defective,0.999946,5.4e-05,0.999946,True,270,312,332,374
65,2.708,9,data\real\pharmaceutical_capsules\extracted\datasets\Normal\492.png,normal,normal,0.999762,0.999762,0.000238,True,698,476,760,538
65,2.708,10,data\real\pharmaceutical_capsules\extracted\datasets\Anomaly\351.png,defective,normal,0.671338,0.671338,0.328662,False,1239,143,1279,205
65,2.708,11,data\real\pharmaceutical_capsules\extracted\datasets\Normal\305.png,normal,normal,0.999814,0.999814,0.000186,True,386,324,448,386
65,2.708,12,data\real\pharmaceutical_capsules\extracted\datasets\Normal\082.png,normal,normal,0.999814,0.999814,0.000186,True,15,496,77,558
65,2.708,13,data\real\pharmaceutical_capsules\extracted\datasets\Normal\481.png,normal,normal,0.999822,0.999822,0.000178,True,228,161,290,223
65,2.708,14,data\real\pharmaceutical_capsules\extracted\datasets\Anomaly\455.png,defective,defective,0.99982,0.00018,0.99982,True,637,325,699,387
65,2.708,15,data\real\pharmaceutical_capsules\extracted\datasets\Normal\446.png,normal,normal,0.999598,0.999598,0.000402,True,1164,469,1226,531
65,2.708,16,data\real\pharmaceutical_capsules\extracted\datasets\Normal\067.png,normal,normal,0.999754,0.999754,0.000246,True,0,142,35,204
65,2.708,17,data\real\pharmaceutical_capsules\extracted\datasets\Normal\338.png,normal,normal,0.999837,0.999837,0.000163,True,91,326,153,388
65,2.708,18,data\real\pharmaceutical_capsules\extracted\datasets\Anomaly\140.png,defective,defective,0.99995,5e-05,0.99995,True,1076,490,1138,552
65,2.708,19,data\real\pharmaceutical_capsules\extracted\datasets\Anomaly\242.png,defective,defective,0.9999,0.0001,0.9999,True,717,154,779,216
65,2.708,20,data\real\pharmaceutical_capsules\extracted\datasets\Normal\158.png,normal,normal,0.999763,0.999763,0.000237,True,1137,306,1199,368
65,2.708,21,data\real\pharmaceutical_capsules\extracted\datasets\Anomaly\415.png,defective,defective,0.999412,0.000588,0.999412,True,481,482,543,544
65,2.708,22,data\real\pharmaceutical_capsules\extracted\datasets\Normal\427.png,normal,normal,0.99977,0.99977,0.00023,True,748,151,810,213
65,2.708,23,data\real\pharmaceutical_capsules\extracted\datasets\Normal\424.png,normal,normal,0.999628,0.999628,0.000372,True,61,305,123,367
65,2.708,24,data\real\pharmaceutical_capsules\extracted\datasets\Normal\443.png,normal,normal,0.99986,0.99986,0.00014,True,303,487,365,549
65,2.708,25,data\real\pharmaceutical_capsules\extracted\datasets\Anomaly\321.png,defective,defective,0.999956,4.4e-05,0.999956,True,347,157,409,219
65,2.708,26,data\real\pharmaceutical_capsules\extracted\datasets\Normal\403.png,normal,normal,0.999762,0.999762,0.000238,True,901,331,963,393
65,2.708,27,data\real\pharmaceutical_capsules\extracted\datasets\Anomaly\459.png,defective,defective,0.99997,3e-05,0.99997,True,441,501,503,563
65,2.708,28,data\real\pharmaceutical_capsules\extracted\datasets\Anomaly\137.png,defective,defective,0.999974,2.6e-05,0.999974,True,1010,162,1072,224
65,2.708,29,data\real\pharmaceutical_capsules\extracted\datasets\Anomaly\587.png,defective,defective,0.99997,3e-05,0.99997,True,259,310,321,372
65,2.708,30,data\real\pharmaceutical_capsules\extracted\datasets\Normal\440.png,normal,normal,0.99979,0.99979,0.00021,True,378,470,440,532
65,2.708,31,data\real\pharmaceutical_capsules\extracted\datasets\Anomaly\469.png,defective,defective,0.999943,5.7e-05,0.999943,True,458,147,520,209
65,2.708,32,data\real\pharmaceutical_capsules\extracted\datasets\Anomaly\094.png,defective,defective,0.999814,0.000186,0.999814,True,802,306,864,368
65,2.708,33,data\real\pharmaceutical_capsules\extracted\datasets\Anomaly\273.png,defective,defective,0.99996,4e-05,0.99996,True,1025,496,1087,558
65,2.708,34,data\real\pharmaceutical_capsules\extracted\datasets\Normal\033.png,normal,normal,0.999738,0.999738,0.000262,True,225,137,287,199
65,2.708,35,data\real\pharmaceutical_capsules\extracted\datasets\Anomaly\071.png,defective,defective,0.999933,6.7e-05,0.999933,True,409,336,471,398
65,2.708,36,data\real\pharmaceutical_capsules\extracted\datasets\Normal\386.png,normal,normal,0.999792,0.999792,0.000208,True,1246,488,1279,550
66,2.75,1,data\real\pharmaceutical_capsules\extracted\datasets\Anomaly\316.png,defective,defective,0.999963,3.7e-05,0.999963,True,1085,138,1147,200
66,2.75,2,data\real\pharmaceutical_capsules\extracted\datasets\Normal\068.png,normal,normal,0.999773,0.999773,0.000227,True,580,310,642,372
66,2.75,3,data\real\pharmaceutical_capsules\extracted\datasets\Normal\149.png,normal,normal,0.999805,0.999805,0.000195,True,1133,501,1195,563
66,2.75,4,data\real\pharmaceutical_capsules\extracted\datasets\Anomaly\443.png,defective,defective,0.999923,7.7e-05,0.999923,True,807,138,869,200
66,2.75,5,data\real\pharmaceutical_capsules\extracted\datasets\Anomaly\221.png,defective,defective,0.999938,6.2e-05,0.999938,True,564,303,626,365
66,2.75,6,data\real\pharmaceutical_capsules\extracted\datasets\Normal\012.png,normal,normal,0.992716,0.992716,0.007284,True,1183,501,1245,563
66,2.75,7,data\real\pharmaceutical_capsules\extracted\datasets\Anomaly\124.png,defective,defective,0.999966,3.4e-05,0.999966,True,841,154,903,216
66,2.75,8,data\real\pharmaceutical_capsules\extracted\datasets\Anomaly\192.png,defective,defective,0.999946,5.4e-05,0.999946,True,275,312,337,374
66,2.75,9,data\real\pharmaceutical_capsules\extracted\datasets\Normal\492.png,normal,normal,0.999762,0.999762,0.000238,True,702,476,764,538
66,2.75,10,data\real\pharmaceutical_capsules\extracted\datasets\Anomaly\351.png,defective,normal,0.671338,0.671338,0.328662,False,1244,143,1279,205
66,2.75,11,data\real\pharmaceutical_capsules\extracted\datasets\Normal\305.png,normal,normal,0.999814,0.999814,0.000186,True,390,324,452,386
66,2.75,12,data\real\pharmaceutical_capsules\extracted\datasets\Normal\082.png,normal,normal,0.999814,0.999814,0.000186,True,20,496,82,558
66,2.75,13,data\real\pharmaceutical_capsules\extracted\datasets\Normal\481.png,normal,normal,0.999822,0.999822,0.000178,True,232,161,294,223
66,2.75,14,data\real\pharmaceutical_capsules\extracted\datasets\Anomaly\455.png,defective,defective,0.99982,0.00018,0.99982,True,642,325,704,387
66,2.75,15,data\real\pharmaceutical_capsules\extracted\datasets\Normal\446.png,normal,normal,0.999598,0.999598,0.000402,True,1168,469,1230,531
66,2.75,16,data\real\pharmaceutical_capsules\extracted\datasets\Normal\067.png,normal,normal,0.999754,0.999754,0.000246,True,0,142,39,204
66,2.75,17,data\real\pharmaceutical_capsules\extracted\datasets\Normal\338.png,normal,normal,0.999837,0.999837,0.000163,True,96,326,158,388
66,2.75,18,data\real\pharmaceutical_capsules\extracted\datasets\Anomaly\140.png,defective,defective,0.99995,5e-05,0.99995,True,1080,490,1142,552
66,2.75,19,data\real\pharmaceutical_capsules\extracted\datasets\Anomaly\242.png,defective,defective,0.9999,0.0001,0.9999,True,721,154,783,216
66,2.75,20,data\real\pharmaceutical_capsules\extracted\datasets\Normal\158.png,normal,normal,0.999763,0.999763,0.000237,True,1141,306,1203,368
66,2.75,21,data\real\pharmaceutical_capsules\extracted\datasets\Anomaly\415.png,defective,defective,0.999412,0.000588,0.999412,True,486,482,548,544
66,2.75,22,data\real\pharmaceutical_capsules\extracted\datasets\Normal\427.png,normal,normal,0.99977,0.99977,0.00023,True,752,151,814,213
66,2.75,23,data\real\pharmaceutical_capsules\extracted\datasets\Normal\424.png,normal,normal,0.999628,0.999628,0.000372,True,65,305,127,367
66,2.75,24,data\real\pharmaceutical_capsules\extracted\datasets\Normal\443.png,normal,normal,0.99986,0.99986,0.00014,True,308,487,370,549
66,2.75,25,data\real\pharmaceutical_capsules\extracted\datasets\Anomaly\321.png,defective,defective,0.999956,4.4e-05,0.999956,True,351,157,413,219
66,2.75,26,data\real\pharmaceutical_capsules\extracted\datasets\Normal\403.png,normal,normal,0.999762,0.999762,0.000238,True,906,331,968,393
66,2.75,27,data\real\pharmaceutical_capsules\extracted\datasets\Anomaly\459.png,defective,defective,0.99997,3e-05,0.99997,True,445,501,507,563
66,2.75,28,data\real\pharmaceutical_capsules\extracted\datasets\Anomaly\137.png,defective,defective,0.999974,2.6e-05,0.999974,True,1015,162,1077,224
66,2.75,29,data\real\pharmaceutical_capsules\extracted\datasets\Anomaly\587.png,defective,defective,0.99997,3e-05,0.99997,True,263,310,325,372
66,2.75,30,data\real\pharmaceutical_capsules\extracted\datasets\Normal\440.png,normal,normal,0.99979,0.99979,0.00021,True,383,470,445,532
66,2.75,31,data\real\pharmaceutical_capsules\extracted\datasets\Anomaly\469.png,defective,defective,0.999943,5.7e-05,0.999943,True,462,147,524,209
66,2.75,32,data\real\pharmaceutical_capsules\extracted\datasets\Anomaly\094.png,defective,defective,0.999814,0.000186,0.999814,True,807,306,869,368
66,2.75,33,data\real\pharmaceutical_capsules\extracted\datasets\Anomaly\273.png,defective,defective,0.99996,4e-05,0.99996,True,1029,496,1091,558
66,2.75,34,data\real\pharmaceutical_capsules\extracted\datasets\Normal\033.png,normal,normal,0.999738,0.999738,0.000262,True,229,137,291,199
66,2.75,35,data\real\pharmaceutical_capsules\extracted\datasets\Anomaly\071.png,defective,defective,0.999933,6.7e-05,0.999933,True,413,336,475,398
66,2.75,36,data\real\pharmaceutical_capsules\extracted\datasets\Normal\386.png,normal,normal,0.999792,0.999792,0.000208,True,0,488,33,550
67,2.792,1,data\real\pharmaceutical_capsules\extracted\datasets\Anomaly\316.png,defective,defective,0.999963,3.7e-05,0.999963,True,1089,138,1151,200
67,2.792,2,data\real\pharmaceutical_capsules\extracted\datasets\Normal\068.png,normal,normal,0.999773,0.999773,0.000227,True,584,310,646,372
67,2.792,3,data\real\pharmaceutical_capsules\extracted\datasets\Normal\149.png,normal,normal,0.999805,0.999805,0.000195,True,1137,501,1199,563
67,2.792,4,data\real\pharmaceutical_capsules\extracted\datasets\Anomaly\443.png,defective,defective,0.999923,7.7e-05,0.999923,True,811,138,873,200
67,2.792,5,data\real\pharmaceutical_capsules\extracted\datasets\Anomaly\221.png,defective,defective,0.999938,6.2e-05,0.999938,True,569,303,631,365
67,2.792,6,data\real\pharmaceutical_capsules\extracted\datasets\Normal\012.png,normal,normal,0.992716,0.992716,0.007284,True,1188,501,1250,563
67,2.792,7,data\real\pharmaceutical_capsules\extracted\datasets\Anomaly\124.png,defective,defective,0.999966,3.4e-05,0.999966,True,846,154,908,216
67,2.792,8,data\real\pharmaceutical_capsules\extracted\datasets\Anomaly\192.png,defective,defective,0.999946,5.4e-05,0.999946,True,279,312,341,374
67,2.792,9,data\real\pharmaceutical_capsules\extracted\datasets\Normal\492.png,normal,normal,0.999762,0.999762,0.000238,True,707,476,769,538
67,2.792,10,data\real\pharmaceutical_capsules\extracted\datasets\Anomaly\351.png,defective,normal,0.671338,0.671338,0.328662,False,1248,143,1279,205
67,2.792,11,data\real\pharmaceutical_capsules\extracted\datasets\Normal\305.png,normal,normal,0.999814,0.999814,0.000186,True,395,324,457,386
67,2.792,12,data\real\pharmaceutical_capsules\extracted\datasets\Normal\082.png,normal,normal,0.999814,0.999814,0.000186,True,24,496,86,558
67,2.792,13,data\real\pharmaceutical_capsules\extracted\datasets\Normal\481.png,normal,normal,0.999822,0.999822,0.000178,True,237,161,299,223
67,2.792,14,data\real\pharmaceutical_capsules\extracted\datasets\Anomaly\455.png,defective,defective,0.99982,0.00018,0.99982,True,646,325,708,387
67,2.792,15,data\real\pharmaceutical_capsules\extracted\datasets\Normal\446.png,normal,normal,0.999598,0.999598,0.000402,True,1173,469,1235,531
67,2.792,16,data\real\pharmaceutical_capsules\extracted\datasets\Normal\067.png,normal,normal,0.999754,0.999754,0.000246,True,0,142,44,204
67,2.792,17,data\real\pharmaceutical_capsules\extracted\datasets\Normal\338.png,normal,normal,0.999837,0.999837,0.000163,True,100,326,162,388
67,2.792,18,data\real\pharmaceutical_capsules\extracted\datasets\Anomaly\140.png,defective,defective,0.99995,5e-05,0.99995,True,1085,490,1147,552
67,2.792,19,data\real\pharmaceutical_capsules\extracted\datasets\Anomaly\242.png,defective,defective,0.9999,0.0001,0.9999,True,726,154,788,216
67,2.792,20,data\real\pharmaceutical_capsules\extracted\datasets\Normal\158.png,normal,normal,0.999763,0.999763,0.000237,True,1146,306,1208,368
67,2.792,21,data\real\pharmaceutical_capsules\extracted\datasets\Anomaly\415.png,defective,defective,0.999412,0.000588,0.999412,True,490,482,552,544
67,2.792,22,data\real\pharmaceutical_capsules\extracted\datasets\Normal\427.png,normal,normal,0.99977,0.99977,0.00023,True,757,151,819,213
67,2.792,23,data\real\pharmaceutical_capsules\extracted\datasets\Normal\424.png,normal,normal,0.999628,0.999628,0.000372,True,70,305,132,367
67,2.792,24,data\real\pharmaceutical_capsules\extracted\datasets\Normal\443.png,normal,normal,0.99986,0.99986,0.00014,True,312,487,374,549
67,2.792,25,data\real\pharmaceutical_capsules\extracted\datasets\Anomaly\321.png,defective,defective,0.999956,4.4e-05,0.999956,True,356,157,418,219
67,2.792,26,data\real\pharmaceutical_capsules\extracted\datasets\Normal\403.png,normal,normal,0.999762,0.999762,0.000238,True,910,331,972,393
67,2.792,27,data\real\pharmaceutical_capsules\extracted\datasets\Anomaly\459.png,defective,defective,0.99997,3e-05,0.99997,True,450,501,512,563
67,2.792,28,data\real\pharmaceutical_capsules\extracted\datasets\Anomaly\137.png,defective,defective,0.999974,2.6e-05,0.999974,True,1019,162,1081,224
67,2.792,29,data\real\pharmaceutical_capsules\extracted\datasets\Anomaly\587.png,defective,defective,0.99997,3e-05,0.99997,True,268,310,330,372
67,2.792,30,data\real\pharmaceutical_capsules\extracted\datasets\Normal\440.png,normal,normal,0.99979,0.99979,0.00021,True,387,470,449,532
67,2.792,31,data\real\pharmaceutical_capsules\extracted\datasets\Anomaly\469.png,defective,defective,0.999943,5.7e-05,0.999943,True,467,147,529,209
67,2.792,32,data\real\pharmaceutical_capsules\extracted\datasets\Anomaly\094.png,defective,defective,0.999814,0.000186,0.999814,True,811,306,873,368
67,2.792,33,data\real\pharmaceutical_capsules\extracted\datasets\Anomaly\273.png,defective,defective,0.99996,4e-05,0.99996,True,1034,496,1096,558
67,2.792,34,data\real\pharmaceutical_capsules\extracted\datasets\Normal\033.png,normal,normal,0.999738,0.999738,0.000262,True,234,137,296,199
67,2.792,35,data\real\pharmaceutical_capsules\extracted\datasets\Anomaly\071.png,defective,defective,0.999933,6.7e-05,0.999933,True,418,336,480,398
67,2.792,36,data\real\pharmaceutical_capsules\extracted\datasets\Normal\386.png,normal,normal,0.999792,0.999792,0.000208,True,0,488,38,550
68,2.833,1,data\real\pharmaceutical_capsules\extracted\datasets\Anomaly\316.png,defective,defective,0.999963,3.7e-05,0.999963,True,1094,138,1156,200
68,2.833,2,data\real\pharmaceutical_capsules\extracted\datasets\Normal\068.png,normal,normal,0.999773,0.999773,0.000227,True,589,310,651,372
68,2.833,3,data\real\pharmaceutical_capsules\extracted\datasets\Normal\149.png,normal,normal,0.999805,0.999805,0.000195,True,1142,501,1204,563
68,2.833,4,data\real\pharmaceutical_capsules\extracted\datasets\Anomaly\443.png,defective,defective,0.999923,7.7e-05,0.999923,True,816,138,878,200
68,2.833,5,data\real\pharmaceutical_capsules\extracted\datasets\Anomaly\221.png,defective,defective,0.999938,6.2e-05,0.999938,True,573,303,635,365
68,2.833,6,data\real\pharmaceutical_capsules\extracted\datasets\Normal\012.png,normal,normal,0.992716,0.992716,0.007284,True,1192,501,1254,563
68,2.833,7,data\real\pharmaceutical_capsules\extracted\datasets\Anomaly\124.png,defective,defective,0.999966,3.4e-05,0.999966,True,850,154,912,216
68,2.833,8,data\real\pharmaceutical_capsules\extracted\datasets\Anomaly\192.png,defective,defective,0.999946,5.4e-05,0.999946,True,284,312,346,374
68,2.833,9,data\real\pharmaceutical_capsules\extracted\datasets\Normal\492.png,normal,normal,0.999762,0.999762,0.000238,True,711,476,773,538
68,2.833,10,data\real\pharmaceutical_capsules\extracted\datasets\Anomaly\351.png,defective,normal,0.671338,0.671338,0.328662,False,0,143,36,205
68,2.833,11,data\real\pharmaceutical_capsules\extracted\datasets\Normal\305.png,normal,normal,0.999814,0.999814,0.000186,True,399,324,461,386
68,2.833,12,data\real\pharmaceutical_capsules\extracted\datasets\Normal\082.png,normal,normal,0.999814,0.999814,0.000186,True,29,496,91,558
68,2.833,13,data\real\pharmaceutical_capsules\extracted\datasets\Normal\481.png,normal,normal,0.999822,0.999822,0.000178,True,241,161,303,223
68,2.833,14,data\real\pharmaceutical_capsules\extracted\datasets\Anomaly\455.png,defective,defective,0.99982,0.00018,0.99982,True,651,325,713,387
68,2.833,15,data\real\pharmaceutical_capsules\extracted\datasets\Normal\446.png,normal,normal,0.999598,0.999598,0.000402,True,1177,469,1239,531
68,2.833,16,data\real\pharmaceutical_capsules\extracted\datasets\Normal\067.png,normal,normal,0.999754,0.999754,0.000246,True,0,142,48,204
68,2.833,17,data\real\pharmaceutical_capsules\extracted\datasets\Normal\338.png,normal,normal,0.999837,0.999837,0.000163,True,105,326,167,388
68,2.833,18,data\real\pharmaceutical_capsules\extracted\datasets\Anomaly\140.png,defective,defective,0.99995,5e-05,0.99995,True,1089,490,1151,552
68,2.833,19,data\real\pharmaceutical_capsules\extracted\datasets\Anomaly\242.png,defective,defective,0.9999,0.0001,0.9999,True,730,154,792,216
68,2.833,20,data\real\pharmaceutical_capsules\extracted\datasets\Normal\158.png,normal,normal,0.999763,0.999763,0.000237,True,1150,306,1212,368
68,2.833,21,data\real\pharmaceutical_capsules\extracted\datasets\Anomaly\415.png,defective,defective,0.999412,0.000588,0.999412,True,495,482,557,544
68,2.833,22,data\real\pharmaceutical_capsules\extracted\datasets\Normal\427.png,normal,normal,0.99977,0.99977,0.00023,True,761,151,823,213
68,2.833,23,data\real\pharmaceutical_capsules\extracted\datasets\Normal\424.png,normal,normal,0.999628,0.999628,0.000372,True,74,305,136,367
68,2.833,24,data\real\pharmaceutical_capsules\extracted\datasets\Normal\443.png,normal,normal,0.99986,0.99986,0.00014,True,317,487,379,549
68,2.833,25,data\real\pharmaceutical_capsules\extracted\datasets\Anomaly\321.png,defective,defective,0.999956,4.4e-05,0.999956,True,360,157,422,219
68,2.833,26,data\real\pharmaceutical_capsules\extracted\datasets\Normal\403.png,normal,normal,0.999762,0.999762,0.000238,True,915,331,977,393
68,2.833,27,data\real\pharmaceutical_capsules\extracted\datasets\Anomaly\459.png,defective,defective,0.99997,3e-05,0.99997,True,454,501,516,563
68,2.833,28,data\real\pharmaceutical_capsules\extracted\datasets\Anomaly\137.png,defective,defective,0.999974,2.6e-05,0.999974,True,1024,162,1086,224
68,2.833,29,data\real\pharmaceutical_capsules\extracted\datasets\Anomaly\587.png,defective,defective,0.99997,3e-05,0.99997,True,272,310,334,372
68,2.833,30,data\real\pharmaceutical_capsules\extracted\datasets\Normal\440.png,normal,normal,0.99979,0.99979,0.00021,True,392,470,454,532
68,2.833,31,data\real\pharmaceutical_capsules\extracted\datasets\Anomaly\469.png,defective,defective,0.999943,5.7e-05,0.999943,True,471,147,533,209
68,2.833,32,data\real\pharmaceutical_capsules\extracted\datasets\Anomaly\094.png,defective,defective,0.999814,0.000186,0.999814,True,816,306,878,368
68,2.833,33,data\real\pharmaceutical_capsules\extracted\datasets\Anomaly\273.png,defective,defective,0.99996,4e-05,0.99996,True,1038,496,1100,558
68,2.833,34,data\real\pharmaceutical_capsules\extracted\datasets\Normal\033.png,normal,normal,0.999738,0.999738,0.000262,True,238,137,300,199
68,2.833,35,data\real\pharmaceutical_capsules\extracted\datasets\Anomaly\071.png,defective,defective,0.999933,6.7e-05,0.999933,True,422,336,484,398
68,2.833,36,data\real\pharmaceutical_capsules\extracted\datasets\Normal\386.png,normal,normal,0.999792,0.999792,0.000208,True,0,488,42,550
69,2.875,1,data\real\pharmaceutical_capsules\extracted\datasets\Anomaly\316.png,defective,defective,0.999963,3.7e-05,0.999963,True,1098,138,1160,200
69,2.875,2,data\real\pharmaceutical_capsules\extracted\datasets\Normal\068.png,normal,normal,0.999773,0.999773,0.000227,True,593,310,655,372
69,2.875,3,data\real\pharmaceutical_capsules\extracted\datasets\Normal\149.png,normal,normal,0.999805,0.999805,0.000195,True,1146,501,1208,563
69,2.875,4,data\real\pharmaceutical_capsules\extracted\datasets\Anomaly\443.png,defective,defective,0.999923,7.7e-05,0.999923,True,820,138,882,200
69,2.875,5,data\real\pharmaceutical_capsules\extracted\datasets\Anomaly\221.png,defective,defective,0.999938,6.2e-05,0.999938,True,578,303,640,365
69,2.875,6,data\real\pharmaceutical_capsules\extracted\datasets\Normal\012.png,normal,normal,0.992716,0.992716,0.007284,True,1197,501,1259,563
69,2.875,7,data\real\pharmaceutical_capsules\extracted\datasets\Anomaly\124.png,defective,defective,0.999966,3.4e-05,0.999966,True,855,154,917,216
69,2.875,8,data\real\pharmaceutical_capsules\extracted\datasets\Anomaly\192.png,defective,defective,0.999946,5.4e-05,0.999946,True,288,312,350,374
69,2.875,9,data\real\pharmaceutical_capsules\extracted\datasets\Normal\492.png,normal,normal,0.999762,0.999762,0.000238,True,716,476,778,538
69,2.875,10,data\real\pharmaceutical_capsules\extracted\datasets\Anomaly\351.png,defective,normal,0.671338,0.671338,0.328662,False,0,143,40,205
69,2.875,11,data\real\pharmaceutical_capsules\extracted\datasets\Normal\305.png,normal,normal,0.999814,0.999814,0.000186,True,404,324,466,386
69,2.875,12,data\real\pharmaceutical_capsules\extracted\datasets\Normal\082.png,normal,normal,0.999814,0.999814,0.000186,True,33,496,95,558
69,2.875,13,data\real\pharmaceutical_capsules\extracted\datasets\Normal\481.png,normal,normal,0.999822,0.999822,0.000178,True,246,161,308,223
69,2.875,14,data\real\pharmaceutical_capsules\extracted\datasets\Anomaly\455.png,defective,defective,0.99982,0.00018,0.99982,True,655,325,717,387
69,2.875,15,data\real\pharmaceutical_capsules\extracted\datasets\Normal\446.png,normal,normal,0.999598,0.999598,0.000402,True,1182,469,1244,531
69,2.875,16,data\real\pharmaceutical_capsules\extracted\datasets\Normal\067.png,normal,normal,0.999754,0.999754,0.000246,True,0,142,53,204
69,2.875,17,data\real\pharmaceutical_capsules\extracted\datasets\Normal\338.png,normal,normal,0.999837,0.999837,0.000163,True,109,326,171,388
69,2.875,18,data\real\pharmaceutical_capsules\extracted\datasets\Anomaly\140.png,defective,defective,0.99995,5e-05,0.99995,True,1094,490,1156,552
69,2.875,19,data\real\pharmaceutical_capsules\extracted\datasets\Anomaly\242.png,defective,defective,0.9999,0.0001,0.9999,True,735,154,797,216
69,2.875,20,data\real\pharmaceutical_capsules\extracted\datasets\Normal\158.png,normal,normal,0.999763,0.999763,0.000237,True,1155,306,1217,368
69,2.875,21,data\real\pharmaceutical_capsules\extracted\datasets\Anomaly\415.png,defective,defective,0.999412,0.000588,0.999412,True,499,482,561,544
69,2.875,22,data\real\pharmaceutical_capsules\extracted\datasets\Normal\427.png,normal,normal,0.99977,0.99977,0.00023,True,766,151,828,213
69,2.875,23,data\real\pharmaceutical_capsules\extracted\datasets\Normal\424.png,normal,normal,0.999628,0.999628,0.000372,True,79,305,141,367
69,2.875,24,data\real\pharmaceutical_capsules\extracted\datasets\Normal\443.png,normal,normal,0.99986,0.99986,0.00014,True,321,487,383,549
69,2.875,25,data\real\pharmaceutical_capsules\extracted\datasets\Anomaly\321.png,defective,defective,0.999956,4.4e-05,0.999956,True,365,157,427,219
69,2.875,26,data\real\pharmaceutical_capsules\extracted\datasets\Normal\403.png,normal,normal,0.999762,0.999762,0.000238,True,919,331,981,393
69,2.875,27,data\real\pharmaceutical_capsules\extracted\datasets\Anomaly\459.png,defective,defective,0.99997,3e-05,0.99997,True,459,501,521,563
69,2.875,28,data\real\pharmaceutical_capsules\extracted\datasets\Anomaly\137.png,defective,defective,0.999974,2.6e-05,0.999974,True,1028,162,1090,224
69,2.875,29,data\real\pharmaceutical_capsules\extracted\datasets\Anomaly\587.png,defective,defective,0.99997,3e-05,0.99997,True,277,310,339,372
69,2.875,30,data\real\pharmaceutical_capsules\extracted\datasets\Normal\440.png,normal,normal,0.99979,0.99979,0.00021,True,396,470,458,532
69,2.875,31,data\real\pharmaceutical_capsules\extracted\datasets\Anomaly\469.png,defective,defective,0.999943,5.7e-05,0.999943,True,476,147,538,209
69,2.875,32,data\real\pharmaceutical_capsules\extracted\datasets\Anomaly\094.png,defective,defective,0.999814,0.000186,0.999814,True,820,306,882,368
69,2.875,33,data\real\pharmaceutical_capsules\extracted\datasets\Anomaly\273.png,defective,defective,0.99996,4e-05,0.99996,True,1043,496,1105,558
69,2.875,34,data\real\pharmaceutical_capsules\extracted\datasets\Normal\033.png,normal,normal,0.999738,0.999738,0.000262,True,243,137,305,199
69,2.875,35,data\real\pharmaceutical_capsules\extracted\datasets\Anomaly\071.png,defective,defective,0.999933,6.7e-05,0.999933,True,427,336,489,398
69,2.875,36,data\real\pharmaceutical_capsules\extracted\datasets\Normal\386.png,normal,normal,0.999792,0.999792,0.000208,True,0,488,47,550
70,2.917,1,data\real\pharmaceutical_capsules\extracted\datasets\Anomaly\316.png,defective,defective,0.999963,3.7e-05,0.999963,True,1103,138,1165,200
70,2.917,2,data\real\pharmaceutical_capsules\extracted\datasets\Normal\068.png,normal,normal,0.999773,0.999773,0.000227,True,598,310,660,372
70,2.917,3,data\real\pharmaceutical_capsules\extracted\datasets\Normal\149.png,normal,normal,0.999805,0.999805,0.000195,True,1151,501,1213,563
70,2.917,4,data\real\pharmaceutical_capsules\extracted\datasets\Anomaly\443.png,defective,defective,0.999923,7.7e-05,0.999923,True,825,138,887,200
70,2.917,5,data\real\pharmaceutical_capsules\extracted\datasets\Anomaly\221.png,defective,defective,0.999938,6.2e-05,0.999938,True,582,303,644,365
70,2.917,6,data\real\pharmaceutical_capsules\extracted\datasets\Normal\012.png,normal,normal,0.992716,0.992716,0.007284,True,1201,501,1263,563
70,2.917,7,data\real\pharmaceutical_capsules\extracted\datasets\Anomaly\124.png,defective,defective,0.999966,3.4e-05,0.999966,True,859,154,921,216
70,2.917,8,data\real\pharmaceutical_capsules\extracted\datasets\Anomaly\192.png,defective,defective,0.999946,5.4e-05,0.999946,True,293,312,355,374
70,2.917,9,data\real\pharmaceutical_capsules\extracted\datasets\Normal\492.png,normal,normal,0.999762,0.999762,0.000238,True,720,476,782,538
70,2.917,10,data\real\pharmaceutical_capsules\extracted\datasets\Anomaly\351.png,defective,normal,0.671338,0.671338,0.328662,False,0,143,45,205
70,2.917,11,data\real\pharmaceutical_capsules\extracted\datasets\Normal\305.png,normal,normal,0.999814,0.999814,0.000186,True,408,324,470,386
70,2.917,12,data\real\pharmaceutical_capsules\extracted\datasets\Normal\082.png,normal,normal,0.999814,0.999814,0.000186,True,38,496,100,558
70,2.917,13,data\real\pharmaceutical_capsules\extracted\datasets\Normal\481.png,normal,normal,0.999822,0.999822,0.000178,True,250,161,312,223
70,2.917,14,data\real\pharmaceutical_capsules\extracted\datasets\Anomaly\455.png,defective,defective,0.99982,0.00018,0.99982,True,660,325,722,387
70,2.917,15,data\real\pharmaceutical_capsules\extracted\datasets\Normal\446.png,normal,normal,0.999598,0.999598,0.000402,True,1186,469,1248,531
70,2.917,16,data\real\pharmaceutical_capsules\extracted\datasets\Normal\067.png,normal,normal,0.999754,0.999754,0.000246,True,0,142,57,204
70,2.917,17,data\real\pharmaceutical_capsules\extracted\datasets\Normal\338.png,normal,normal,0.999837,0.999837,0.000163,True,114,326,176,388
70,2.917,18,data\real\pharmaceutical_capsules\extracted\datasets\Anomaly\140.png,defective,defective,0.99995,5e-05,0.99995,True,1098,490,1160,552
70,2.917,19,data\real\pharmaceutical_capsules\extracted\datasets\Anomaly\242.png,defective,defective,0.9999,0.0001,0.9999,True,739,154,801,216
70,2.917,20,data\real\pharmaceutical_capsules\extracted\datasets\Normal\158.png,normal,normal,0.999763,0.999763,0.000237,True,1159,306,1221,368
70,2.917,21,data\real\pharmaceutical_capsules\extracted\datasets\Anomaly\415.png,defective,defective,0.999412,0.000588,0.999412,True,504,482,566,544
70,2.917,22,data\real\pharmaceutical_capsules\extracted\datasets\Normal\427.png,normal,normal,0.99977,0.99977,0.00023,True,770,151,832,213
70,2.917,23,data\real\pharmaceutical_capsules\extracted\datasets\Normal\424.png,normal,normal,0.999628,0.999628,0.000372,True,83,305,145,367
70,2.917,24,data\real\pharmaceutical_capsules\extracted\datasets\Normal\443.png,normal,normal,0.99986,0.99986,0.00014,True,326,487,388,549
70,2.917,25,data\real\pharmaceutical_capsules\extracted\datasets\Anomaly\321.png,defective,defective,0.999956,4.4e-05,0.999956,True,369,157,431,219
70,2.917,26,data\real\pharmaceutical_capsules\extracted\datasets\Normal\403.png,normal,normal,0.999762,0.999762,0.000238,True,924,331,986,393
70,2.917,27,data\real\pharmaceutical_capsules\extracted\datasets\Anomaly\459.png,defective,defective,0.99997,3e-05,0.99997,True,463,501,525,563
70,2.917,28,data\real\pharmaceutical_capsules\extracted\datasets\Anomaly\137.png,defective,defective,0.999974,2.6e-05,0.999974,True,1033,162,1095,224
70,2.917,29,data\real\pharmaceutical_capsules\extracted\datasets\Anomaly\587.png,defective,defective,0.99997,3e-05,0.99997,True,281,310,343,372
70,2.917,30,data\real\pharmaceutical_capsules\extracted\datasets\Normal\440.png,normal,normal,0.99979,0.99979,0.00021,True,401,470,463,532
70,2.917,31,data\real\pharmaceutical_capsules\extracted\datasets\Anomaly\469.png,defective,defective,0.999943,5.7e-05,0.999943,True,480,147,542,209
70,2.917,32,data\real\pharmaceutical_capsules\extracted\datasets\Anomaly\094.png,defective,defective,0.999814,0.000186,0.999814,True,825,306,887,368
70,2.917,33,data\real\pharmaceutical_capsules\extracted\datasets\Anomaly\273.png,defective,defective,0.99996,4e-05,0.99996,True,1047,496,1109,558
70,2.917,34,data\real\pharmaceutical_capsules\extracted\datasets\Normal\033.png,normal,normal,0.999738,0.999738,0.000262,True,247,137,309,199
70,2.917,35,data\real\pharmaceutical_capsules\extracted\datasets\Anomaly\071.png,defective,defective,0.999933,6.7e-05,0.999933,True,431,336,493,398
70,2.917,36,data\real\pharmaceutical_capsules\extracted\datasets\Normal\386.png,normal,normal,0.999792,0.999792,0.000208,True,0,488,51,550
71,2.958,1,data\real\pharmaceutical_capsules\extracted\datasets\Anomaly\316.png,defective,defective,0.999963,3.7e-05,0.999963,True,1107,138,1169,200
71,2.958,2,data\real\pharmaceutical_capsules\extracted\datasets\Normal\068.png,normal,normal,0.999773,0.999773,0.000227,True,602,310,664,372
71,2.958,3,data\real\pharmaceutical_capsules\extracted\datasets\Normal\149.png,normal,normal,0.999805,0.999805,0.000195,True,1155,501,1217,563
71,2.958,4,data\real\pharmaceutical_capsules\extracted\datasets\Anomaly\443.png,defective,defective,0.999923,7.7e-05,0.999923,True,829,138,891,200
71,2.958,5,data\real\pharmaceutical_capsules\extracted\datasets\Anomaly\221.png,defective,defective,0.999938,6.2e-05,0.999938,True,587,303,649,365
71,2.958,6,data\real\pharmaceutical_capsules\extracted\datasets\Normal\012.png,normal,normal,0.992716,0.992716,0.007284,True,1206,501,1268,563
71,2.958,7,data\real\pharmaceutical_capsules\extracted\datasets\Anomaly\124.png,defective,defective,0.999966,3.4e-05,0.999966,True,864,154,926,216
71,2.958,8,data\real\pharmaceutical_capsules\extracted\datasets\Anomaly\192.png,defective,defective,0.999946,5.4e-05,0.999946,True,297,312,359,374
71,2.958,9,data\real\pharmaceutical_capsules\extracted\datasets\Normal\492.png,normal,normal,0.999762,0.999762,0.000238,True,725,476,787,538
71,2.958,10,data\real\pharmaceutical_capsules\extracted\datasets\Anomaly\351.png,defective,normal,0.671338,0.671338,0.328662,False,0,143,49,205
71,2.958,11,data\real\pharmaceutical_capsules\extracted\datasets\Normal\305.png,normal,normal,0.999814,0.999814,0.000186,True,413,324,475,386
71,2.958,12,data\real\pharmaceutical_capsules\extracted\datasets\Normal\082.png,normal,normal,0.999814,0.999814,0.000186,True,42,496,104,558
71,2.958,13,data\real\pharmaceutical_capsules\extracted\datasets\Normal\481.png,normal,normal,0.999822,0.999822,0.000178,True,255,161,317,223
71,2.958,14,data\real\pharmaceutical_capsules\extracted\datasets\Anomaly\455.png,defective,defective,0.99982,0.00018,0.99982,True,664,325,726,387
71,2.958,15,data\real\pharmaceutical_capsules\extracted\datasets\Normal\446.png,normal,normal,0.999598,0.999598,0.000402,True,1191,469,1253,531
71,2.958,16,data\real\pharmaceutical_capsules\extracted\datasets\Normal\067.png,normal,normal,0.999754,0.999754,0.000246,True,0,142,62,204
71,2.958,17,data\real\pharmaceutical_capsules\extracted\datasets\Normal\338.png,normal,normal,0.999837,0.999837,0.000163,True,118,326,180,388
71,2.958,18,data\real\pharmaceutical_capsules\extracted\datasets\Anomaly\140.png,defective,defective,0.99995,5e-05,0.99995,True,1103,490,1165,552
71,2.958,19,data\real\pharmaceutical_capsules\extracted\datasets\Anomaly\242.png,defective,defective,0.9999,0.0001,0.9999,True,744,154,806,216
71,2.958,20,data\real\pharmaceutical_capsules\extracted\datasets\Normal\158.png,normal,normal,0.999763,0.999763,0.000237,True,1164,306,1226,368
71,2.958,21,data\real\pharmaceutical_capsules\extracted\datasets\Anomaly\415.png,defective,defective,0.999412,0.000588,0.999412,True,508,482,570,544
71,2.958,22,data\real\pharmaceutical_capsules\extracted\datasets\Normal\427.png,normal,normal,0.99977,0.99977,0.00023,True,775,151,837,213
71,2.958,23,data\real\pharmaceutical_capsules\extracted\datasets\Normal\424.png,normal,normal,0.999628,0.999628,0.000372,True,88,305,150,367
71,2.958,24,data\real\pharmaceutical_capsules\extracted\datasets\Normal\443.png,normal,normal,0.99986,0.99986,0.00014,True,330,487,392,549
71,2.958,25,data\real\pharmaceutical_capsules\extracted\datasets\Anomaly\321.png,defective,defective,0.999956,4.4e-05,0.999956,True,374,157,436,219
71,2.958,26,data\real\pharmaceutical_capsules\extracted\datasets\Normal\403.png,normal,normal,0.999762,0.999762,0.000238,True,928,331,990,393
71,2.958,27,data\real\pharmaceutical_capsules\extracted\datasets\Anomaly\459.png,defective,defective,0.99997,3e-05,0.99997,True,468,501,530,563
71,2.958,28,data\real\pharmaceutical_capsules\extracted\datasets\Anomaly\137.png,defective,defective,0.999974,2.6e-05,0.999974,True,1037,162,1099,224
71,2.958,29,data\real\pharmaceutical_capsules\extracted\datasets\Anomaly\587.png,defective,defective,0.99997,3e-05,0.99997,True,286,310,348,372
71,2.958,30,data\real\pharmaceutical_capsules\extracted\datasets\Normal\440.png,normal,normal,0.99979,0.99979,0.00021,True,405,470,467,532
71,2.958,31,data\real\pharmaceutical_capsules\extracted\datasets\Anomaly\469.png,defective,defective,0.999943,5.7e-05,0.999943,True,485,147,547,209
71,2.958,32,data\real\pharmaceutical_capsules\extracted\datasets\Anomaly\094.png,defective,defective,0.999814,0.000186,0.999814,True,829,306,891,368
71,2.958,33,data\real\pharmaceutical_capsules\extracted\datasets\Anomaly\273.png,defective,defective,0.99996,4e-05,0.99996,True,1052,496,1114,558
71,2.958,34,data\real\pharmaceutical_capsules\extracted\datasets\Normal\033.png,normal,normal,0.999738,0.999738,0.000262,True,252,137,314,199
71,2.958,35,data\real\pharmaceutical_capsules\extracted\datasets\Anomaly\071.png,defective,defective,0.999933,6.7e-05,0.999933,True,436,336,498,398
71,2.958,36,data\real\pharmaceutical_capsules\extracted\datasets\Normal\386.png,normal,normal,0.999792,0.999792,0.000208,True,0,488,56,550
72,3.0,1,data\real\pharmaceutical_capsules\extracted\datasets\Anomaly\316.png,defective,defective,0.999963,3.7e-05,0.999963,True,1112,138,1174,200
72,3.0,2,data\real\pharmaceutical_capsules\extracted\datasets\Normal\068.png,normal,normal,0.999773,0.999773,0.000227,True,607,310,669,372
72,3.0,3,data\real\pharmaceutical_capsules\extracted\datasets\Normal\149.png,normal,normal,0.999805,0.999805,0.000195,True,1160,501,1222,563
72,3.0,4,data\real\pharmaceutical_capsules\extracted\datasets\Anomaly\443.png,defective,defective,0.999923,7.7e-05,0.999923,True,834,138,896,200
72,3.0,5,data\real\pharmaceutical_capsules\extracted\datasets\Anomaly\221.png,defective,defective,0.999938,6.2e-05,0.999938,True,591,303,653,365
72,3.0,6,data\real\pharmaceutical_capsules\extracted\datasets\Normal\012.png,normal,normal,0.992716,0.992716,0.007284,True,1210,501,1272,563
72,3.0,7,data\real\pharmaceutical_capsules\extracted\datasets\Anomaly\124.png,defective,defective,0.999966,3.4e-05,0.999966,True,868,154,930,216
72,3.0,8,data\real\pharmaceutical_capsules\extracted\datasets\Anomaly\192.png,defective,defective,0.999946,5.4e-05,0.999946,True,302,312,364,374
72,3.0,9,data\real\pharmaceutical_capsules\extracted\datasets\Normal\492.png,normal,normal,0.999762,0.999762,0.000238,True,729,476,791,538
72,3.0,10,data\real\pharmaceutical_capsules\extracted\datasets\Anomaly\351.png,defective,normal,0.671338,0.671338,0.328662,False,0,143,54,205
72,3.0,11,data\real\pharmaceutical_capsules\extracted\datasets\Normal\305.png,normal,normal,0.999814,0.999814,0.000186,True,417,324,479,386
72,3.0,12,data\real\pharmaceutical_capsules\extracted\datasets\Normal\082.png,normal,normal,0.999814,0.999814,0.000186,True,47,496,109,558
72,3.0,13,data\real\pharmaceutical_capsules\extracted\datasets\Normal\481.png,normal,normal,0.999822,0.999822,0.000178,True,259,161,321,223
72,3.0,14,data\real\pharmaceutical_capsules\extracted\datasets\Anomaly\455.png,defective,defective,0.99982,0.00018,0.99982,True,669,325,731,387
72,3.0,15,data\real\pharmaceutical_capsules\extracted\datasets\Normal\446.png,normal,normal,0.999598,0.999598,0.000402,True,1195,469,1257,531
72,3.0,16,data\real\pharmaceutical_capsules\extracted\datasets\Normal\067.png,normal,normal,0.999754,0.999754,0.000246,True,3,142,65,204
72,3.0,17,data\real\pharmaceutical_capsules\extracted\datasets\Normal\338.png,normal,normal,0.999837,0.999837,0.000163,True,123,326,185,388
72,3.0,18,data\real\pharmaceutical_capsules\extracted\datasets\Anomaly\140.png,defective,defective,0.99995,5e-05,0.99995,True,1107,490,1169,552
72,3.0,19,data\real\pharmaceutical_capsules\extracted\datasets\Anomaly\242.png,defective,defective,0.9999,0.0001,0.9999,True,748,154,810,216
72,3.0,20,data\real\pharmaceutical_capsules\extracted\datasets\Normal\158.png,normal,normal,0.999763,0.999763,0.000237,True,1168,306,1230,368
72,3.0,21,data\real\pharmaceutical_capsules\extracted\datasets\Anomaly\415.png,defective,defective,0.999412,0.000588,0.999412,True,513,482,575,544
72,3.0,22,data\real\pharmaceutical_capsules\extracted\datasets\Normal\427.png,normal,normal,0.99977,0.99977,0.00023,True,779,151,841,213
72,3.0,23,data\real\pharmaceutical_capsules\extracted\datasets\Normal\424.png,normal,normal,0.999628,0.999628,0.000372,True,92,305,154,367
72,3.0,24,data\real\pharmaceutical_capsules\extracted\datasets\Normal\443.png,normal,normal,0.99986,0.99986,0.00014,True,335,487,397,549
72,3.0,25,data\real\pharmaceutical_capsules\extracted\datasets\Anomaly\321.png,defective,defective,0.999956,4.4e-05,0.999956,True,378,157,440,219
72,3.0,26,data\real\pharmaceutical_capsules\extracted\datasets\Normal\403.png,normal,normal,0.999762,0.999762,0.000238,True,933,331,995,393
72,3.0,27,data\real\pharmaceutical_capsules\extracted\datasets\Anomaly\459.png,defective,defective,0.99997,3e-05,0.99997,True,472,501,534,563
72,3.0,28,data\real\pharmaceutical_capsules\extracted\datasets\Anomaly\137.png,defective,defective,0.999974,2.6e-05,0.999974,True,1042,162,1104,224
72,3.0,29,data\real\pharmaceutical_capsules\extracted\datasets\Anomaly\587.png,defective,defective,0.99997,3e-05,0.99997,True,290,310,352,372
72,3.0,30,data\real\pharmaceutical_capsules\extracted\datasets\Normal\440.png,normal,normal,0.99979,0.99979,0.00021,True,410,470,472,532
72,3.0,31,data\real\pharmaceutical_capsules\extracted\datasets\Anomaly\469.png,defective,defective,0.999943,5.7e-05,0.999943,True,489,147,551,209
72,3.0,32,data\real\pharmaceutical_capsules\extracted\datasets\Anomaly\094.png,defective,defective,0.999814,0.000186,0.999814,True,834,306,896,368
72,3.0,33,data\real\pharmaceutical_capsules\extracted\datasets\Anomaly\273.png,defective,defective,0.99996,4e-05,0.99996,True,1056,496,1118,558
72,3.0,34,data\real\pharmaceutical_capsules\extracted\datasets\Normal\033.png,normal,normal,0.999738,0.999738,0.000262,True,256,137,318,199
72,3.0,35,data\real\pharmaceutical_capsules\extracted\datasets\Anomaly\071.png,defective,defective,0.999933,6.7e-05,0.999933,True,440,336,502,398
72,3.0,36,data\real\pharmaceutical_capsules\extracted\datasets\Normal\386.png,normal,normal,0.999792,0.999792,0.000208,True,0,488,60,550
73,3.042,1,data\real\pharmaceutical_capsules\extracted\datasets\Anomaly\316.png,defective,defective,0.999963,3.7e-05,0.999963,True,1116,138,1178,200
73,3.042,2,data\real\pharmaceutical_capsules\extracted\datasets\Normal\068.png,normal,normal,0.999773,0.999773,0.000227,True,611,310,673,372
73,3.042,3,data\real\pharmaceutical_capsules\extracted\datasets\Normal\149.png,normal,normal,0.999805,0.999805,0.000195,True,1164,501,1226,563
73,3.042,4,data\real\pharmaceutical_capsules\extracted\datasets\Anomaly\443.png,defective,defective,0.999923,7.7e-05,0.999923,True,838,138,900,200
73,3.042,5,data\real\pharmaceutical_capsules\extracted\datasets\Anomaly\221.png,defective,defective,0.999938,6.2e-05,0.999938,True,596,303,658,365
73,3.042,6,data\real\pharmaceutical_capsules\extracted\datasets\Normal\012.png,normal,normal,0.992716,0.992716,0.007284,True,1215,501,1277,563
73,3.042,7,data\real\pharmaceutical_capsules\extracted\datasets\Anomaly\124.png,defective,defective,0.999966,3.4e-05,0.999966,True,873,154,935,216
73,3.042,8,data\real\pharmaceutical_capsules\extracted\datasets\Anomaly\192.png,defective,defective,0.999946,5.4e-05,0.999946,True,306,312,368,374
73,3.042,9,data\real\pharmaceutical_capsules\extracted\datasets\Normal\492.png,normal,normal,0.999762,0.999762,0.000238,True,734,476,796,538
73,3.042,10,data\real\pharmaceutical_capsules\extracted\datasets\Anomaly\351.png,defective,normal,0.671338,0.671338,0.328662,False,0,143,58,205
73,3.042,11,data\real\pharmaceutical_capsules\extracted\datasets\Normal\305.png,normal,normal,0.999814,0.999814,0.000186,True,422,324,484,386
73,3.042,12,data\real\pharmaceutical_capsules\extracted\datasets\Normal\082.png,normal,normal,0.999814,0.999814,0.000186,True,51,496,113,558
73,3.042,13,data\real\pharmaceutical_capsules\extracted\datasets\Normal\481.png,normal,normal,0.999822,0.999822,0.000178,True,264,161,326,223
73,3.042,14,data\real\pharmaceutical_capsules\extracted\datasets\Anomaly\455.png,defective,defective,0.99982,0.00018,0.99982,True,673,325,735,387
73,3.042,15,data\real\pharmaceutical_capsules\extracted\datasets\Normal\446.png,normal,normal,0.999598,0.999598,0.000402,True,1200,469,1262,531
73,3.042,16,data\real\pharmaceutical_capsules\extracted\datasets\Normal\067.png,normal,normal,0.999754,0.999754,0.000246,True,8,142,70,204
73,3.042,17,data\real\pharmaceutical_capsules\extracted\datasets\Normal\338.png,normal,normal,0.999837,0.999837,0.000163,True,127,326,189,388
73,3.042,18,data\real\pharmaceutical_capsules\extracted\datasets\Anomaly\140.png,defective,defective,0.99995,5e-05,0.99995,True,1112,490,1174,552
73,3.042,19,data\real\pharmaceutical_capsules\extracted\datasets\Anomaly\242.png,defective,defective,0.9999,0.0001,0.9999,True,753,154,815,216
73,3.042,20,data\real\pharmaceutical_capsules\extracted\datasets\Normal\158.png,normal,normal,0.999763,0.999763,0.000237,True,1173,306,1235,368
73,3.042,21,data\real\pharmaceutical_capsules\extracted\datasets\Anomaly\415.png,defective,defective,0.999412,0.000588,0.999412,True,517,482,579,544
73,3.042,22,data\real\pharmaceutical_capsules\extracted\datasets\Normal\427.png,normal,normal,0.99977,0.99977,0.00023,True,784,151,846,213
73,3.042,23,data\real\pharmaceutical_capsules\extracted\datasets\Normal\424.png,normal,normal,0.999628,0.999628,0.000372,True,97,305,159,367
73,3.042,24,data\real\pharmaceutical_capsules\extracted\datasets\Normal\443.png,normal,normal,0.99986,0.99986,0.00014,True,339,487,401,549
73,3.042,25,data\real\pharmaceutical_capsules\extracted\datasets\Anomaly\321.png,defective,defective,0.999956,4.4e-05,0.999956,True,383,157,445,219
73,3.042,26,data\real\pharmaceutical_capsules\extracted\datasets\Normal\403.png,normal,normal,0.999762,0.999762,0.000238,True,937,331,999,393
73,3.042,27,data\real\pharmaceutical_capsules\extracted\datasets\Anomaly\459.png,defective,defective,0.99997,3e-05,0.99997,True,477,501,539,563
73,3.042,28,data\real\pharmaceutical_capsules\extracted\datasets\Anomaly\137.png,defective,defective,0.999974,2.6e-05,0.999974,True,1046,162,1108,224
73,3.042,29,data\real\pharmaceutical_capsules\extracted\datasets\Anomaly\587.png,defective,defective,0.99997,3e-05,0.99997,True,295,310,357,372
73,3.042,30,data\real\pharmaceutical_capsules\extracted\datasets\Normal\440.png,normal,normal,0.99979,0.99979,0.00021,True,414,470,476,532
73,3.042,31,data\real\pharmaceutical_capsules\extracted\datasets\Anomaly\469.png,defective,defective,0.999943,5.7e-05,0.999943,True,494,147,556,209
73,3.042,32,data\real\pharmaceutical_capsules\extracted\datasets\Anomaly\094.png,defective,defective,0.999814,0.000186,0.999814,True,838,306,900,368
73,3.042,33,data\real\pharmaceutical_capsules\extracted\datasets\Anomaly\273.png,defective,defective,0.99996,4e-05,0.99996,True,1061,496,1123,558
73,3.042,34,data\real\pharmaceutical_capsules\extracted\datasets\Normal\033.png,normal,normal,0.999738,0.999738,0.000262,True,261,137,323,199
73,3.042,35,data\real\pharmaceutical_capsules\extracted\datasets\Anomaly\071.png,defective,defective,0.999933,6.7e-05,0.999933,True,445,336,507,398
73,3.042,36,data\real\pharmaceutical_capsules\extracted\datasets\Normal\386.png,normal,normal,0.999792,0.999792,0.000208,True,2,488,64,550
74,3.083,1,data\real\pharmaceutical_capsules\extracted\datasets\Anomaly\316.png,defective,defective,0.999963,3.7e-05,0.999963,True,1121,138,1183,200
74,3.083,2,data\real\pharmaceutical_capsules\extracted\datasets\Normal\068.png,normal,normal,0.999773,0.999773,0.000227,True,616,310,678,372
74,3.083,3,data\real\pharmaceutical_capsules\extracted\datasets\Normal\149.png,normal,normal,0.999805,0.999805,0.000195,True,1169,501,1231,563
74,3.083,4,data\real\pharmaceutical_capsules\extracted\datasets\Anomaly\443.png,defective,defective,0.999923,7.7e-05,0.999923,True,843,138,905,200
74,3.083,5,data\real\pharmaceutical_capsules\extracted\datasets\Anomaly\221.png,defective,defective,0.999938,6.2e-05,0.999938,True,600,303,662,365
74,3.083,6,data\real\pharmaceutical_capsules\extracted\datasets\Normal\012.png,normal,normal,0.992716,0.992716,0.007284,True,1219,501,1279,563
74,3.083,7,data\real\pharmaceutical_capsules\extracted\datasets\Anomaly\124.png,defective,defective,0.999966,3.4e-05,0.999966,True,877,154,939,216
74,3.083,8,data\real\pharmaceutical_capsules\extracted\datasets\Anomaly\192.png,defective,defective,0.999946,5.4e-05,0.999946,True,311,312,373,374
74,3.083,9,data\real\pharmaceutical_capsules\extracted\datasets\Normal\492.png,normal,normal,0.999762,0.999762,0.000238,True,738,476,800,538
74,3.083,10,data\real\pharmaceutical_capsules\extracted\datasets\Anomaly\351.png,defective,normal,0.671338,0.671338,0.328662,False,0,143,62,205
74,3.083,11,data\real\pharmaceutical_capsules\extracted\datasets\Normal\305.png,normal,normal,0.999814,0.999814,0.000186,True,426,324,488,386
74,3.083,12,data\real\pharmaceutical_capsules\extracted\datasets\Normal\082.png,normal,normal,0.999814,0.999814,0.000186,True,56,496,118,558
74,3.083,13,data\real\pharmaceutical_capsules\extracted\datasets\Normal\481.png,normal,normal,0.999822,0.999822,0.000178,True,268,161,330,223
74,3.083,14,data\real\pharmaceutical_capsules\extracted\datasets\Anomaly\455.png,defective,defective,0.99982,0.00018,0.99982,True,678,325,740,387
74,3.083,15,data\real\pharmaceutical_capsules\extracted\datasets\Normal\446.png,normal,normal,0.999598,0.999598,0.000402,True,1204,469,1266,531
74,3.083,16,data\real\pharmaceutical_capsules\extracted\datasets\Normal\067.png,normal,normal,0.999754,0.999754,0.000246,True,12,142,74,204
74,3.083,17,data\real\pharmaceutical_capsules\extracted\datasets\Normal\338.png,normal,normal,0.999837,0.999837,0.000163,True,132,326,194,388
74,3.083,18,data\real\pharmaceutical_capsules\extracted\datasets\Anomaly\140.png,defective,defective,0.99995,5e-05,0.99995,True,1116,490,1178,552
74,3.083,19,data\real\pharmaceutical_capsules\extracted\datasets\Anomaly\242.png,defective,defective,0.9999,0.0001,0.9999,True,757,154,819,216
74,3.083,20,data\real\pharmaceutical_capsules\extracted\datasets\Normal\158.png,normal,normal,0.999763,0.999763,0.000237,True,1177,306,1239,368
74,3.083,21,data\real\pharmaceutical_capsules\extracted\datasets\Anomaly\415.png,defective,defective,0.999412,0.000588,0.999412,True,522,482,584,544
74,3.083,22,data\real\pharmaceutical_capsules\extracted\datasets\Normal\427.png,normal,normal,0.99977,0.99977,0.00023,True,788,151,850,213
74,3.083,23,data\real\pharmaceutical_capsules\extracted\datasets\Normal\424.png,normal,normal,0.999628,0.999628,0.000372,True,101,305,163,367
74,3.083,24,data\real\pharmaceutical_capsules\extracted\datasets\Normal\443.png,normal,normal,0.99986,0.99986,0.00014,True,344,487,406,549
74,3.083,25,data\real\pharmaceutical_capsules\extracted\datasets\Anomaly\321.png,defective,defective,0.999956,4.4e-05,0.999956,True,387,157,449,219
74,3.083,26,data\real\pharmaceutical_capsules\extracted\datasets\Normal\403.png,normal,normal,0.999762,0.999762,0.000238,True,942,331,1004,393
74,3.083,27,data\real\pharmaceutical_capsules\extracted\datasets\Anomaly\459.png,defective,defective,0.99997,3e-05,0.99997,True,481,501,543,563
74,3.083,28,data\real\pharmaceutical_capsules\extracted\datasets\Anomaly\137.png,defective,defective,0.999974,2.6e-05,0.999974,True,1051,162,1113,224
74,3.083,29,data\real\pharmaceutical_capsules\extracted\datasets\Anomaly\587.png,defective,defective,0.99997,3e-05,0.99997,True,299,310,361,372
74,3.083,30,data\real\pharmaceutical_capsules\extracted\datasets\Normal\440.png,normal,normal,0.99979,0.99979,0.00021,True,419,470,481,532
74,3.083,31,data\real\pharmaceutical_capsules\extracted\datasets\Anomaly\469.png,defective,defective,0.999943,5.7e-05,0.999943,True,498,147,560,209
74,3.083,32,data\real\pharmaceutical_capsules\extracted\datasets\Anomaly\094.png,defective,defective,0.999814,0.000186,0.999814,True,843,306,905,368
74,3.083,33,data\real\pharmaceutical_capsules\extracted\datasets\Anomaly\273.png,defective,defective,0.99996,4e-05,0.99996,True,1065,496,1127,558
74,3.083,34,data\real\pharmaceutical_capsules\extracted\datasets\Normal\033.png,normal,normal,0.999738,0.999738,0.000262,True,265,137,327,199
74,3.083,35,data\real\pharmaceutical_capsules\extracted\datasets\Anomaly\071.png,defective,defective,0.999933,6.7e-05,0.999933,True,449,336,511,398
74,3.083,36,data\real\pharmaceutical_capsules\extracted\datasets\Normal\386.png,normal,normal,0.999792,0.999792,0.000208,True,6,488,68,550
75,3.125,1,data\real\pharmaceutical_capsules\extracted\datasets\Anomaly\316.png,defective,defective,0.999963,3.7e-05,0.999963,True,1125,138,1187,200
75,3.125,2,data\real\pharmaceutical_capsules\extracted\datasets\Normal\068.png,normal,normal,0.999773,0.999773,0.000227,True,620,310,682,372
75,3.125,3,data\real\pharmaceutical_capsules\extracted\datasets\Normal\149.png,normal,normal,0.999805,0.999805,0.000195,True,1173,501,1235,563
75,3.125,4,data\real\pharmaceutical_capsules\extracted\datasets\Anomaly\443.png,defective,defective,0.999923,7.7e-05,0.999923,True,847,138,909,200
75,3.125,5,data\real\pharmaceutical_capsules\extracted\datasets\Anomaly\221.png,defective,defective,0.999938,6.2e-05,0.999938,True,605,303,667,365
75,3.125,6,data\real\pharmaceutical_capsules\extracted\datasets\Normal\012.png,normal,normal,0.992716,0.992716,0.007284,True,1224,501,1279,563
75,3.125,7,data\real\pharmaceutical_capsules\extracted\datasets\Anomaly\124.png,defective,defective,0.999966,3.4e-05,0.999966,True,882,154,944,216
75,3.125,8,data\real\pharmaceutical_capsules\extracted\datasets\Anomaly\192.png,defective,defective,0.999946,5.4e-05,0.999946,True,315,312,377,374
75,3.125,9,data\real\pharmaceutical_capsules\extracted\datasets\Normal\492.png,normal,normal,0.999762,0.999762,0.000238,True,743,476,805,538
75,3.125,10,data\real\pharmaceutical_capsules\extracted\datasets\Anomaly\351.png,defective,normal,0.671338,0.671338,0.328662,False,4,143,66,205
75,3.125,11,data\real\pharmaceutical_capsules\extracted\datasets\Normal\305.png,normal,normal,0.999814,0.999814,0.000186,True,431,324,493,386
75,3.125,12,data\real\pharmaceutical_capsules\extracted\datasets\Normal\082.png,normal,normal,0.999814,0.999814,0.000186,True,60,496,122,558
75,3.125,13,data\real\pharmaceutical_capsules\extracted\datasets\Normal\481.png,normal,normal,0.999822,0.999822,0.000178,True,273,161,335,223
75,3.125,14,data\real\pharmaceutical_capsules\extracted\datasets\Anomaly\455.png,defective,defective,0.99982,0.00018,0.99982,True,682,325,744,387
75,3.125,15,data\real\pharmaceutical_capsules\extracted\datasets\Normal\446.png,normal,normal,0.999598,0.999598,0.000402,True,1209,469,1271,531
75,3.125,16,data\real\pharmaceutical_capsules\extracted\datasets\Normal\067.png,normal,normal,0.999754,0.999754,0.000246,True,17,142,79,204
75,3.125,17,data\real\pharmaceutical_capsules\extracted\datasets\Normal\338.png,normal,normal,0.999837,0.999837,0.000163,True,136,326,198,388
75,3.125,18,data\real\pharmaceutical_capsules\extracted\datasets\Anomaly\140.png,defective,defective,0.99995,5e-05,0.99995,True,1121,490,1183,552
75,3.125,19,data\real\pharmaceutical_capsules\extracted\datasets\Anomaly\242.png,defective,defective,0.9999,0.0001,0.9999,True,762,154,824,216
75,3.125,20,data\real\pharmaceutical_capsules\extracted\datasets\Normal\158.png,normal,normal,0.999763,0.999763,0.000237,True,1182,306,1244,368
75,3.125,21,data\real\pharmaceutical_capsules\extracted\datasets\Anomaly\415.png,defective,defective,0.999412,0.000588,0.999412,True,526,482,588,544
75,3.125,22,data\real\pharmaceutical_capsules\extracted\datasets\Normal\427.png,normal,normal,0.99977,0.99977,0.00023,True,793,151,855,213
75,3.125,23,data\real\pharmaceutical_capsules\extracted\datasets\Normal\424.png,normal,normal,0.999628,0.999628,0.000372,True,106,305,168,367
75,3.125,24,data\real\pharmaceutical_capsules\extracted\datasets\Normal\443.png,normal,normal,0.99986,0.99986,0.00014,True,348,487,410,549
75,3.125,25,data\real\pharmaceutical_capsules\extracted\datasets\Anomaly\321.png,defective,defective,0.999956,4.4e-05,0.999956,True,392,157,454,219
75,3.125,26,data\real\pharmaceutical_capsules\extracted\datasets\Normal\403.png,normal,normal,0.999762,0.999762,0.000238,True,946,331,1008,393
75,3.125,27,data\real\pharmaceutical_capsules\extracted\datasets\Anomaly\459.png,defective,defective,0.99997,3e-05,0.99997,True,486,501,548,563
75,3.125,28,data\real\pharmaceutical_capsules\extracted\datasets\Anomaly\137.png,defective,defective,0.999974,2.6e-05,0.999974,True,1055,162,1117,224
75,3.125,29,data\real\pharmaceutical_capsules\extracted\datasets\Anomaly\587.png,defective,defective,0.99997,3e-05,0.99997,True,304,310,366,372
75,3.125,30,data\real\pharmaceutical_capsules\extracted\datasets\Normal\440.png,normal,normal,0.99979,0.99979,0.00021,True,423,470,485,532
75,3.125,31,data\real\pharmaceutical_capsules\extracted\datasets\Anomaly\469.png,defective,defective,0.999943,5.7e-05,0.999943,True,503,147,565,209
75,3.125,32,data\real\pharmaceutical_capsules\extracted\datasets\Anomaly\094.png,defective,defective,0.999814,0.000186,0.999814,True,847,306,909,368
75,3.125,33,data\real\pharmaceutical_capsules\extracted\datasets\Anomaly\273.png,defective,defective,0.99996,4e-05,0.99996,True,1070,496,1132,558
75,3.125,34,data\real\pharmaceutical_capsules\extracted\datasets\Normal\033.png,normal,normal,0.999738,0.999738,0.000262,True,270,137,332,199
75,3.125,35,data\real\pharmaceutical_capsules\extracted\datasets\Anomaly\071.png,defective,defective,0.999933,6.7e-05,0.999933,True,454,336,516,398
75,3.125,36,data\real\pharmaceutical_capsules\extracted\datasets\Normal\386.png,normal,normal,0.999792,0.999792,0.000208,True,11,488,73,550
76,3.167,1,data\real\pharmaceutical_capsules\extracted\datasets\Anomaly\316.png,defective,defective,0.999963,3.7e-05,0.999963,True,1130,138,1192,200
76,3.167,2,data\real\pharmaceutical_capsules\extracted\datasets\Normal\068.png,normal,normal,0.999773,0.999773,0.000227,True,625,310,687,372
76,3.167,3,data\real\pharmaceutical_capsules\extracted\datasets\Normal\149.png,normal,normal,0.999805,0.999805,0.000195,True,1178,501,1240,563
76,3.167,4,data\real\pharmaceutical_capsules\extracted\datasets\Anomaly\443.png,defective,defective,0.999923,7.7e-05,0.999923,True,852,138,914,200
76,3.167,5,data\real\pharmaceutical_capsules\extracted\datasets\Anomaly\221.png,defective,defective,0.999938,6.2e-05,0.999938,True,609,303,671,365
76,3.167,6,data\real\pharmaceutical_capsules\extracted\datasets\Normal\012.png,normal,normal,0.992716,0.992716,0.007284,True,1228,501,1279,563
76,3.167,7,data\real\pharmaceutical_capsules\extracted\datasets\Anomaly\124.png,defective,defective,0.999966,3.4e-05,0.999966,True,886,154,948,216
76,3.167,8,data\real\pharmaceutical_capsules\extracted\datasets\Anomaly\192.png,defective,defective,0.999946,5.4e-05,0.999946,True,320,312,382,374
76,3.167,9,data\real\pharmaceutical_capsules\extracted\datasets\Normal\492.png,normal,normal,0.999762,0.999762,0.000238,True,747,476,809,538
76,3.167,10,data\real\pharmaceutical_capsules\extracted\datasets\Anomaly\351.png,defective,normal,0.671338,0.671338,0.328662,False,9,143,71,205
76,3.167,11,data\real\pharmaceutical_capsules\extracted\datasets\Normal\305.png,normal,normal,0.999814,0.999814,0.000186,True,435,324,497,386
76,3.167,12,data\real\pharmaceutical_capsules\extracted\datasets\Normal\082.png,normal,normal,0.999814,0.999814,0.000186,True,65,496,127,558
76,3.167,13,data\real\pharmaceutical_capsules\extracted\datasets\Normal\481.png,normal,normal,0.999822,0.999822,0.000178,True,277,161,339,223
76,3.167,14,data\real\pharmaceutical_capsules\extracted\datasets\Anomaly\455.png,defective,defective,0.99982,0.00018,0.99982,True,687,325,749,387
76,3.167,15,data\real\pharmaceutical_capsules\extracted\datasets\Normal\446.png,normal,normal,0.999598,0.999598,0.000402,True,1213,469,1275,531
76,3.167,16,data\real\pharmaceutical_capsules\extracted\datasets\Normal\067.png,normal,normal,0.999754,0.999754,0.000246,True,21,142,83,204
76,3.167,17,data\real\pharmaceutical_capsules\extracted\datasets\Normal\338.png,normal,normal,0.999837,0.999837,0.000163,True,141,326,203,388
76,3.167,18,data\real\pharmaceutical_capsules\extracted\datasets\Anomaly\140.png,defective,defective,0.99995,5e-05,0.99995,True,1125,490,1187,552
76,3.167,19,data\real\pharmaceutical_capsules\extracted\datasets\Anomaly\242.png,defective,defective,0.9999,0.0001,0.9999,True,766,154,828,216
76,3.167,20,data\real\pharmaceutical_capsules\extracted\datasets\Normal\158.png,normal,normal,0.999763,0.999763,0.000237,True,1186,306,1248,368
76,3.167,21,data\real\pharmaceutical_capsules\extracted\datasets\Anomaly\415.png,defective,defective,0.999412,0.000588,0.999412,True,531,482,593,544
76,3.167,22,data\real\pharmaceutical_capsules\extracted\datasets\Normal\427.png,normal,normal,0.99977,0.99977,0.00023,True,797,151,859,213
76,3.167,23,data\real\pharmaceutical_capsules\extracted\datasets\Normal\424.png,normal,normal,0.999628,0.999628,0.000372,True,110,305,172,367
76,3.167,24,data\real\pharmaceutical_capsules\extracted\datasets\Normal\443.png,normal,normal,0.99986,0.99986,0.00014,True,353,487,415,549
76,3.167,25,data\real\pharmaceutical_capsules\extracted\datasets\Anomaly\321.png,defective,defective,0.999956,4.4e-05,0.999956,True,396,157,458,219
76,3.167,26,data\real\pharmaceutical_capsules\extracted\datasets\Normal\403.png,normal,normal,0.999762,0.999762,0.000238,True,951,331,1013,393
76,3.167,27,data\real\pharmaceutical_capsules\extracted\datasets\Anomaly\459.png,defective,defective,0.99997,3e-05,0.99997,True,490,501,552,563
76,3.167,28,data\real\pharmaceutical_capsules\extracted\datasets\Anomaly\137.png,defective,defective,0.999974,2.6e-05,0.999974,True,1060,162,1122,224
76,3.167,29,data\real\pharmaceutical_capsules\extracted\datasets\Anomaly\587.png,defective,defective,0.99997,3e-05,0.99997,True,308,310,370,372
76,3.167,30,data\real\pharmaceutical_capsules\extracted\datasets\Normal\440.png,normal,normal,0.99979,0.99979,0.00021,True,428,470,490,532
76,3.167,31,data\real\pharmaceutical_capsules\extracted\datasets\Anomaly\469.png,defective,defective,0.999943,5.7e-05,0.999943,True,507,147,569,209
76,3.167,32,data\real\pharmaceutical_capsules\extracted\datasets\Anomaly\094.png,defective,defective,0.999814,0.000186,0.999814,True,852,306,914,368
76,3.167,33,data\real\pharmaceutical_capsules\extracted\datasets\Anomaly\273.png,defective,defective,0.99996,4e-05,0.99996,True,1074,496,1136,558
76,3.167,34,data\real\pharmaceutical_capsules\extracted\datasets\Normal\033.png,normal,normal,0.999738,0.999738,0.000262,True,274,137,336,199
76,3.167,35,data\real\pharmaceutical_capsules\extracted\datasets\Anomaly\071.png,defective,defective,0.999933,6.7e-05,0.999933,True,458,336,520,398
76,3.167,36,data\real\pharmaceutical_capsules\extracted\datasets\Normal\386.png,normal,normal,0.999792,0.999792,0.000208,True,15,488,77,550
77,3.208,1,data\real\pharmaceutical_capsules\extracted\datasets\Anomaly\316.png,defective,defective,0.999963,3.7e-05,0.999963,True,1134,138,1196,200
77,3.208,2,data\real\pharmaceutical_capsules\extracted\datasets\Normal\068.png,normal,normal,0.999773,0.999773,0.000227,True,629,310,691,372
77,3.208,3,data\real\pharmaceutical_capsules\extracted\datasets\Normal\149.png,normal,normal,0.999805,0.999805,0.000195,True,1182,501,1244,563
77,3.208,4,data\real\pharmaceutical_capsules\extracted\datasets\Anomaly\443.png,defective,defective,0.999923,7.7e-05,0.999923,True,856,138,918,200
77,3.208,5,data\real\pharmaceutical_capsules\extracted\datasets\Anomaly\221.png,defective,defective,0.999938,6.2e-05,0.999938,True,614,303,676,365
77,3.208,6,data\real\pharmaceutical_capsules\extracted\datasets\Normal\012.png,normal,normal,0.992716,0.992716,0.007284,True,1233,501,1279,563
77,3.208,7,data\real\pharmaceutical_capsules\extracted\datasets\Anomaly\124.png,defective,defective,0.999966,3.4e-05,0.999966,True,891,154,953,216
77,3.208,8,data\real\pharmaceutical_capsules\extracted\datasets\Anomaly\192.png,defective,defective,0.999946,5.4e-05,0.999946,True,324,312,386,374
77,3.208,9,data\real\pharmaceutical_capsules\extracted\datasets\Normal\492.png,normal,normal,0.999762,0.999762,0.000238,True,752,476,814,538
77,3.208,10,data\real\pharmaceutical_capsules\extracted\datasets\Anomaly\351.png,defective,normal,0.671338,0.671338,0.328662,False,13,143,75,205
77,3.208,11,data\real\pharmaceutical_capsules\extracted\datasets\Normal\305.png,normal,normal,0.999814,0.999814,0.000186,True,440,324,502,386
77,3.208,12,data\real\pharmaceutical_capsules\extracted\datasets\Normal\082.png,normal,normal,0.999814,0.999814,0.000186,True,69,496,131,558
77,3.208,13,data\real\pharmaceutical_capsules\extracted\datasets\Normal\481.png,normal,normal,0.999822,0.999822,0.000178,True,282,161,344,223
77,3.208,14,data\real\pharmaceutical_capsules\extracted\datasets\Anomaly\455.png,defective,defective,0.99982,0.00018,0.99982,True,691,325,753,387
77,3.208,15,data\real\pharmaceutical_capsules\extracted\datasets\Normal\446.png,normal,normal,0.999598,0.999598,0.000402,True,1218,469,1279,531
77,3.208,16,data\real\pharmaceutical_capsules\extracted\datasets\Normal\067.png,normal,normal,0.999754,0.999754,0.000246,True,26,142,88,204
77,3.208,17,data\real\pharmaceutical_capsules\extracted\datasets\Normal\338.png,normal,normal,0.999837,0.999837,0.000163,True,145,326,207,388
77,3.208,18,data\real\pharmaceutical_capsules\extracted\datasets\Anomaly\140.png,defective,defective,0.99995,5e-05,0.99995,True,1130,490,1192,552
77,3.208,19,data\real\pharmaceutical_capsules\extracted\datasets\Anomaly\242.png,defective,defective,0.9999,0.0001,0.9999,True,771,154,833,216
77,3.208,20,data\real\pharmaceutical_capsules\extracted\datasets\Normal\158.png,normal,normal,0.999763,0.999763,0.000237,True,1191,306,1253,368
77,3.208,21,data\real\pharmaceutical_capsules\extracted\datasets\Anomaly\415.png,defective,defective,0.999412,0.000588,0.999412,True,535,482,597,544
77,3.208,22,data\real\pharmaceutical_capsules\extracted\datasets\Normal\427.png,normal,normal,0.99977,0.99977,0.00023,True,802,151,864,213
77,3.208,23,data\real\pharmaceutical_capsules\extracted\datasets\Normal\424.png,normal,normal,0.999628,0.999628,0.000372,True,115,305,177,367
77,3.208,24,data\real\pharmaceutical_capsules\extracted\datasets\Normal\443.png,normal,normal,0.99986,0.99986,0.00014,True,357,487,419,549
77,3.208,25,data\real\pharmaceutical_capsules\extracted\datasets\Anomaly\321.png,defective,defective,0.999956,4.4e-05,0.999956,True,401,157,463,219
77,3.208,26,data\real\pharmaceutical_capsules\extracted\datasets\Normal\403.png,normal,normal,0.999762,0.999762,0.000238,True,955,331,1017,393
77,3.208,27,data\real\pharmaceutical_capsules\extracted\datasets\Anomaly\459.png,defective,defective,0.99997,3e-05,0.99997,True,495,501,557,563
77,3.208,28,data\real\pharmaceutical_capsules\extracted\datasets\Anomaly\137.png,defective,defective,0.999974,2.6e-05,0.999974,True,1064,162,1126,224
77,3.208,29,data\real\pharmaceutical_capsules\extracted\datasets\Anomaly\587.png,defective,defective,0.99997,3e-05,0.99997,True,313,310,375,372
77,3.208,30,data\real\pharmaceutical_capsules\extracted\datasets\Normal\440.png,normal,normal,0.99979,0.99979,0.00021,True,432,470,494,532
77,3.208,31,data\real\pharmaceutical_capsules\extracted\datasets\Anomaly\469.png,defective,defective,0.999943,5.7e-05,0.999943,True,512,147,574,209
77,3.208,32,data\real\pharmaceutical_capsules\extracted\datasets\Anomaly\094.png,defective,defective,0.999814,0.000186,0.999814,True,856,306,918,368
77,3.208,33,data\real\pharmaceutical_capsules\extracted\datasets\Anomaly\273.png,defective,defective,0.99996,4e-05,0.99996,True,1079,496,1141,558
77,3.208,34,data\real\pharmaceutical_capsules\extracted\datasets\Normal\033.png,normal,normal,0.999738,0.999738,0.000262,True,279,137,341,199
77,3.208,35,data\real\pharmaceutical_capsules\extracted\datasets\Anomaly\071.png,defective,defective,0.999933,6.7e-05,0.999933,True,463,336,525,398
77,3.208,36,data\real\pharmaceutical_capsules\extracted\datasets\Normal\386.png,normal,normal,0.999792,0.999792,0.000208,True,20,488,82,550
78,3.25,1,data\real\pharmaceutical_capsules\extracted\datasets\Anomaly\316.png,defective,defective,0.999963,3.7e-05,0.999963,True,1139,138,1201,200
78,3.25,2,data\real\pharmaceutical_capsules\extracted\datasets\Normal\068.png,normal,normal,0.999773,0.999773,0.000227,True,634,310,696,372
78,3.25,3,data\real\pharmaceutical_capsules\extracted\datasets\Normal\149.png,normal,normal,0.999805,0.999805,0.000195,True,1187,501,1249,563
78,3.25,4,data\real\pharmaceutical_capsules\extracted\datasets\Anomaly\443.png,defective,defective,0.999923,7.7e-05,0.999923,True,861,138,923,200
78,3.25,5,data\real\pharmaceutical_capsules\extracted\datasets\Anomaly\221.png,defective,defective,0.999938,6.2e-05,0.999938,True,618,303,680,365
78,3.25,6,data\real\pharmaceutical_capsules\extracted\datasets\Normal\012.png,normal,normal,0.992716,0.992716,0.007284,True,1237,501,1279,563
78,3.25,7,data\real\pharmaceutical_capsules\extracted\datasets\Anomaly\124.png,defective,defective,0.999966,3.4e-05,0.999966,True,895,154,957,216
78,3.25,8,data\real\pharmaceutical_capsules\extracted\datasets\Anomaly\192.png,defective,defective,0.999946,5.4e-05,0.999946,True,329,312,391,374
78,3.25,9,data\real\pharmaceutical_capsules\extracted\datasets\Normal\492.png,normal,normal,0.999762,0.999762,0.000238,True,756,476,818,538
78,3.25,10,data\real\pharmaceutical_capsules\extracted\datasets\Anomaly\351.png,defective,normal,0.671338,0.671338,0.328662,False,18,143,80,205
78,3.25,11,data\real\pharmaceutical_capsules\extracted\datasets\Normal\305.png,normal,normal,0.999814,0.999814,0.000186,True,444,324,506,386
78,3.25,12,data\real\pharmaceutical_capsules\extracted\datasets\Normal\082.png,normal,normal,0.999814,0.999814,0.000186,True,74,496,136,558
78,3.25,13,data\real\pharmaceutical_capsules\extracted\datasets\Normal\481.png,normal,normal,0.999822,0.999822,0.000178,True,286,161,348,223
78,3.25,14,data\real\pharmaceutical_capsules\extracted\datasets\Anomaly\455.png,defective,defective,0.99982,0.00018,0.99982,True,696,325,758,387
78,3.25,15,data\real\pharmaceutical_capsules\extracted\datasets\Normal\446.png,normal,normal,0.999598,0.999598,0.000402,True,1222,469,1279,531
78,3.25,16,data\real\pharmaceutical_capsules\extracted\datasets\Normal\067.png,normal,normal,0.999754,0.999754,0.000246,True,30,142,92,204
78,3.25,17,data\real\pharmaceutical_capsules\extracted\datasets\Normal\338.png,normal,normal,0.999837,0.999837,0.000163,True,150,326,212,388
78,3.25,18,data\real\pharmaceutical_capsules\extracted\datasets\Anomaly\140.png,defective,defective,0.99995,5e-05,0.99995,True,1134,490,1196,552
78,3.25,19,data\real\pharmaceutical_capsules\extracted\datasets\Anomaly\242.png,defective,defective,0.9999,0.0001,0.9999,True,775,154,837,216
78,3.25,20,data\real\pharmaceutical_capsules\extracted\datasets\Normal\158.png,normal,normal,0.999763,0.999763,0.000237,True,1195,306,1257,368
78,3.25,21,data\real\pharmaceutical_capsules\extracted\datasets\Anomaly\415.png,defective,defective,0.999412,0.000588,0.999412,True,540,482,602,544
78,3.25,22,data\real\pharmaceutical_capsules\extracted\datasets\Normal\427.png,normal,normal,0.99977,0.99977,0.00023,True,806,151,868,213
78,3.25,23,data\real\pharmaceutical_capsules\extracted\datasets\Normal\424.png,normal,normal,0.999628,0.999628,0.000372,True,119,305,181,367
78,3.25,24,data\real\pharmaceutical_capsules\extracted\datasets\Normal\443.png,normal,normal,0.99986,0.99986,0.00014,True,362,487,424,549
78,3.25,25,data\real\pharmaceutical_capsules\extracted\datasets\Anomaly\321.png,defective,defective,0.999956,4.4e-05,0.999956,True,405,157,467,219
78,3.25,26,data\real\pharmaceutical_capsules\extracted\datasets\Normal\403.png,normal,normal,0.999762,0.999762,0.000238,True,960,331,1022,393
78,3.25,27,data\real\pharmaceutical_capsules\extracted\datasets\Anomaly\459.png,defective,defective,0.99997,3e-05,0.99997,True,499,501,561,563
78,3.25,28,data\real\pharmaceutical_capsules\extracted\datasets\Anomaly\137.png,defective,defective,0.999974,2.6e-05,0.999974,True,1069,162,1131,224
78,3.25,29,data\real\pharmaceutical_capsules\extracted\datasets\Anomaly\587.png,defective,defective,0.99997,3e-05,0.99997,True,317,310,379,372
78,3.25,30,data\real\pharmaceutical_capsules\extracted\datasets\Normal\440.png,normal,normal,0.99979,0.99979,0.00021,True,437,470,499,532
78,3.25,31,data\real\pharmaceutical_capsules\extracted\datasets\Anomaly\469.png,defective,defective,0.999943,5.7e-05,0.999943,True,516,147,578,209
78,3.25,32,data\real\pharmaceutical_capsules\extracted\datasets\Anomaly\094.png,defective,defective,0.999814,0.000186,0.999814,True,861,306,923,368
78,3.25,33,data\real\pharmaceutical_capsules\extracted\datasets\Anomaly\273.png,defective,defective,0.99996,4e-05,0.99996,True,1083,496,1145,558
78,3.25,34,data\real\pharmaceutical_capsules\extracted\datasets\Normal\033.png,normal,normal,0.999738,0.999738,0.000262,True,283,137,345,199
78,3.25,35,data\real\pharmaceutical_capsules\extracted\datasets\Anomaly\071.png,defective,defective,0.999933,6.7e-05,0.999933,True,467,336,529,398
78,3.25,36,data\real\pharmaceutical_capsules\extracted\datasets\Normal\386.png,normal,normal,0.999792,0.999792,0.000208,True,24,488,86,550
79,3.292,1,data\real\pharmaceutical_capsules\extracted\datasets\Anomaly\316.png,defective,defective,0.999963,3.7e-05,0.999963,True,1143,138,1205,200
79,3.292,2,data\real\pharmaceutical_capsules\extracted\datasets\Normal\068.png,normal,normal,0.999773,0.999773,0.000227,True,638,310,700,372
79,3.292,3,data\real\pharmaceutical_capsules\extracted\datasets\Normal\149.png,normal,normal,0.999805,0.999805,0.000195,True,1191,501,1253,563
79,3.292,4,data\real\pharmaceutical_capsules\extracted\datasets\Anomaly\443.png,defective,defective,0.999923,7.7e-05,0.999923,True,865,138,927,200
79,3.292,5,data\real\pharmaceutical_capsules\extracted\datasets\Anomaly\221.png,defective,defective,0.999938,6.2e-05,0.999938,True,623,303,685,365
79,3.292,6,data\real\pharmaceutical_capsules\extracted\datasets\Normal\012.png,normal,normal,0.992716,0.992716,0.007284,True,1242,501,1279,563
79,3.292,7,data\real\pharmaceutical_capsules\extracted\datasets\Anomaly\124.png,defective,defective,0.999966,3.4e-05,0.999966,True,900,154,962,216
79,3.292,8,data\real\pharmaceutical_capsules\extracted\datasets\Anomaly\192.png,defective,defective,0.999946,5.4e-05,0.999946,True,333,312,395,374
79,3.292,9,data\real\pharmaceutical_capsules\extracted\datasets\Normal\492.png,normal,normal,0.999762,0.999762,0.000238,True,761,476,823,538
79,3.292,10,data\real\pharmaceutical_capsules\extracted\datasets\Anomaly\351.png,defective,normal,0.671338,0.671338,0.328662,False,22,143,84,205
79,3.292,11,data\real\pharmaceutical_capsules\extracted\datasets\Normal\305.png,normal,normal,0.999814,0.999814,0.000186,True,449,324,511,386
79,3.292,12,data\real\pharmaceutical_capsules\extracted\datasets\Normal\082.png,normal,normal,0.999814,0.999814,0.000186,True,78,496,140,558
79,3.292,13,data\real\pharmaceutical_capsules\extracted\datasets\Normal\481.png,normal,normal,0.999822,0.999822,0.000178,True,291,161,353,223
79,3.292,14,data\real\pharmaceutical_capsules\extracted\datasets\Anomaly\455.png,defective,defective,0.99982,0.00018,0.99982,True,700,325,762,387
79,3.292,15,data\real\pharmaceutical_capsules\extracted\datasets\Normal\446.png,normal,normal,0.999598,0.999598,0.000402,True,1227,469,1279,531
79,3.292,16,data\real\pharmaceutical_capsules\extracted\datasets\Normal\067.png,normal,normal,0.999754,0.999754,0.000246,True,35,142,97,204
79,3.292,17,data\real\pharmaceutical_capsules\extracted\datasets\Normal\338.png,normal,normal,0.999837,0.999837,0.000163,True,154,326,216,388
79,3.292,18,data\real\pharmaceutical_capsules\extracted\datasets\Anomaly\140.png,defective,defective,0.99995,5e-05,0.99995,True,1139,490,1201,552
79,3.292,19,data\real\pharmaceutical_capsules\extracted\datasets\Anomaly\242.png,defective,defective,0.9999,0.0001,0.9999,True,780,154,842,216
79,3.292,20,data\real\pharmaceutical_capsules\extracted\datasets\Normal\158.png,normal,normal,0.999763,0.999763,0.000237,True,1200,306,1262,368
79,3.292,21,data\real\pharmaceutical_capsules\extracted\datasets\Anomaly\415.png,defective,defective,0.999412,0.000588,0.999412,True,544,482,606,544
79,3.292,22,data\real\pharmaceutical_capsules\extracted\datasets\Normal\427.png,normal,normal,0.99977,0.99977,0.00023,True,811,151,873,213
79,3.292,23,data\real\pharmaceutical_capsules\extracted\datasets\Normal\424.png,normal,normal,0.999628,0.999628,0.000372,True,124,305,186,367
79,3.292,24,data\real\pharmaceutical_capsules\extracted\datasets\Normal\443.png,normal,normal,0.99986,0.99986,0.00014,True,366,487,428,549
79,3.292,25,data\real\pharmaceutical_capsules\extracted\datasets\Anomaly\321.png,defective,defective,0.999956,4.4e-05,0.999956,True,410,157,472,219
79,3.292,26,data\real\pharmaceutical_capsules\extracted\datasets\Normal\403.png,normal,normal,0.999762,0.999762,0.000238,True,964,331,1026,393
79,3.292,27,data\real\pharmaceutical_capsules\extracted\datasets\Anomaly\459.png,defective,defective,0.99997,3e-05,0.99997,True,504,501,566,563
79,3.292,28,data\real\pharmaceutical_capsules\extracted\datasets\Anomaly\137.png,defective,defective,0.999974,2.6e-05,0.999974,True,1073,162,1135,224
79,3.292,29,data\real\pharmaceutical_capsules\extracted\datasets\Anomaly\587.png,defective,defective,0.99997,3e-05,0.99997,True,322,310,384,372
79,3.292,30,data\real\pharmaceutical_capsules\extracted\datasets\Normal\440.png,normal,normal,0.99979,0.99979,0.00021,True,441,470,503,532
79,3.292,31,data\real\pharmaceutical_capsules\extracted\datasets\Anomaly\469.png,defective,defective,0.999943,5.7e-05,0.999943,True,521,147,583,209
79,3.292,32,data\real\pharmaceutical_capsules\extracted\datasets\Anomaly\094.png,defective,defective,0.999814,0.000186,0.999814,True,865,306,927,368
79,3.292,33,data\real\pharmaceutical_capsules\extracted\datasets\Anomaly\273.png,defective,defective,0.99996,4e-05,0.99996,True,1088,496,1150,558
79,3.292,34,data\real\pharmaceutical_capsules\extracted\datasets\Normal\033.png,normal,normal,0.999738,0.999738,0.000262,True,288,137,350,199
79,3.292,35,data\real\pharmaceutical_capsules\extracted\datasets\Anomaly\071.png,defective,defective,0.999933,6.7e-05,0.999933,True,472,336,534,398
79,3.292,36,data\real\pharmaceutical_capsules\extracted\datasets\Normal\386.png,normal,normal,0.999792,0.999792,0.000208,True,29,488,91,550
80,3.333,1,data\real\pharmaceutical_capsules\extracted\datasets\Anomaly\316.png,defective,defective,0.999963,3.7e-05,0.999963,True,1148,138,1210,200
80,3.333,2,data\real\pharmaceutical_capsules\extracted\datasets\Normal\068.png,normal,normal,0.999773,0.999773,0.000227,True,643,310,705,372
80,3.333,3,data\real\pharmaceutical_capsules\extracted\datasets\Normal\149.png,normal,normal,0.999805,0.999805,0.000195,True,1196,501,1258,563
80,3.333,4,data\real\pharmaceutical_capsules\extracted\datasets\Anomaly\443.png,defective,defective,0.999923,7.7e-05,0.999923,True,870,138,932,200
80,3.333,5,data\real\pharmaceutical_capsules\extracted\datasets\Anomaly\221.png,defective,defective,0.999938,6.2e-05,0.999938,True,627,303,689,365
80,3.333,6,data\real\pharmaceutical_capsules\extracted\datasets\Normal\012.png,normal,normal,0.992716,0.992716,0.007284,True,1246,501,1279,563
80,3.333,7,data\real\pharmaceutical_capsules\extracted\datasets\Anomaly\124.png,defective,defective,0.999966,3.4e-05,0.999966,True,904,154,966,216
80,3.333,8,data\real\pharmaceutical_capsules\extracted\datasets\Anomaly\192.png,defective,defective,0.999946,5.4e-05,0.999946,True,338,312,400,374
80,3.333,9,data\real\pharmaceutical_capsules\extracted\datasets\Normal\492.png,normal,normal,0.999762,0.999762,0.000238,True,765,476,827,538
80,3.333,10,data\real\pharmaceutical_capsules\extracted\datasets\Anomaly\351.png,defective,normal,0.671338,0.671338,0.328662,False,27,143,89,205
80,3.333,11,data\real\pharmaceutical_capsules\extracted\datasets\Normal\305.png,normal,normal,0.999814,0.999814,0.000186,True,453,324,515,386
80,3.333,12,data\real\pharmaceutical_capsules\extracted\datasets\Normal\082.png,normal,normal,0.999814,0.999814,0.000186,True,83,496,145,558
80,3.333,13,data\real\pharmaceutical_capsules\extracted\datasets\Normal\481.png,normal,normal,0.999822,0.999822,0.000178,True,295,161,357,223
80,3.333,14,data\real\pharmaceutical_capsules\extracted\datasets\Anomaly\455.png,defective,defective,0.99982,0.00018,0.99982,True,705,325,767,387
80,3.333,15,data\real\pharmaceutical_capsules\extracted\datasets\Normal\446.png,normal,normal,0.999598,0.999598,0.000402,True,1231,469,1279,531
80,3.333,16,data\real\pharmaceutical_capsules\extracted\datasets\Normal\067.png,normal,normal,0.999754,0.999754,0.000246,True,39,142,101,204
80,3.333,17,data\real\pharmaceutical_capsules\extracted\datasets\Normal\338.png,normal,normal,0.999837,0.999837,0.000163,True,159,326,221,388
80,3.333,18,data\real\pharmaceutical_capsules\extracted\datasets\Anomaly\140.png,defective,defective,0.99995,5e-05,0.99995,True,1143,490,1205,552
80,3.333,19,data\real\pharmaceutical_capsules\extracted\datasets\Anomaly\242.png,defective,defective,0.9999,0.0001,0.9999,True,784,154,846,216
80,3.333,20,data\real\pharmaceutical_capsules\extracted\datasets\Normal\158.png,normal,normal,0.999763,0.999763,0.000237,True,1204,306,1266,368
80,3.333,21,data\real\pharmaceutical_capsules\extracted\datasets\Anomaly\415.png,defective,defective,0.999412,0.000588,0.999412,True,549,482,611,544
80,3.333,22,data\real\pharmaceutical_capsules\extracted\datasets\Normal\427.png,normal,normal,0.99977,0.99977,0.00023,True,815,151,877,213
80,3.333,23,data\real\pharmaceutical_capsules\extracted\datasets\Normal\424.png,normal,normal,0.999628,0.999628,0.000372,True,128,305,190,367
80,3.333,24,data\real\pharmaceutical_capsules\extracted\datasets\Normal\443.png,normal,normal,0.99986,0.99986,0.00014,True,371,487,433,549
80,3.333,25,data\real\pharmaceutical_capsules\extracted\datasets\Anomaly\321.png,defective,defective,0.999956,4.4e-05,0.999956,True,414,157,476,219
80,3.333,26,data\real\pharmaceutical_capsules\extracted\datasets\Normal\403.png,normal,normal,0.999762,0.999762,0.000238,True,969,331,1031,393
80,3.333,27,data\real\pharmaceutical_capsules\extracted\datasets\Anomaly\459.png,defective,defective,0.99997,3e-05,0.99997,True,508,501,570,563
80,3.333,28,data\real\pharmaceutical_capsules\extracted\datasets\Anomaly\137.png,defective,defective,0.999974,2.6e-05,0.999974,True,1078,162,1140,224
80,3.333,29,data\real\pharmaceutical_capsules\extracted\datasets\Anomaly\587.png,defective,defective,0.99997,3e-05,0.99997,True,326,310,388,372
80,3.333,30,data\real\pharmaceutical_capsules\extracted\datasets\Normal\440.png,normal,normal,0.99979,0.99979,0.00021,True,446,470,508,532
80,3.333,31,data\real\pharmaceutical_capsules\extracted\datasets\Anomaly\469.png,defective,defective,0.999943,5.7e-05,0.999943,True,525,147,587,209
80,3.333,32,data\real\pharmaceutical_capsules\extracted\datasets\Anomaly\094.png,defective,defective,0.999814,0.000186,0.999814,True,870,306,932,368
80,3.333,33,data\real\pharmaceutical_capsules\extracted\datasets\Anomaly\273.png,defective,defective,0.99996,4e-05,0.99996,True,1092,496,1154,558
80,3.333,34,data\real\pharmaceutical_capsules\extracted\datasets\Normal\033.png,normal,normal,0.999738,0.999738,0.000262,True,292,137,354,199
80,3.333,35,data\real\pharmaceutical_capsules\extracted\datasets\Anomaly\071.png,defective,defective,0.999933,6.7e-05,0.999933,True,476,336,538,398
80,3.333,36,data\real\pharmaceutical_capsules\extracted\datasets\Normal\386.png,normal,normal,0.999792,0.999792,0.000208,True,33,488,95,550
81,3.375,1,data\real\pharmaceutical_capsules\extracted\datasets\Anomaly\316.png,defective,defective,0.999963,3.7e-05,0.999963,True,1152,138,1214,200
81,3.375,2,data\real\pharmaceutical_capsules\extracted\datasets\Normal\068.png,normal,normal,0.999773,0.999773,0.000227,True,647,310,709,372
81,3.375,3,data\real\pharmaceutical_capsules\extracted\datasets\Normal\149.png,normal,normal,0.999805,0.999805,0.000195,True,1200,501,1262,563
81,3.375,4,data\real\pharmaceutical_capsules\extracted\datasets\Anomaly\443.png,defective,defective,0.999923,7.7e-05,0.999923,True,874,138,936,200
81,3.375,5,data\real\pharmaceutical_capsules\extracted\datasets\Anomaly\221.png,defective,defective,0.999938,6.2e-05,0.999938,True,632,303,694,365
81,3.375,6,data\real\pharmaceutical_capsules\extracted\datasets\Normal\012.png,normal,normal,0.992716,0.992716,0.007284,True,0,501,34,563
81,3.375,7,data\real\pharmaceutical_capsules\extracted\datasets\Anomaly\124.png,defective,defective,0.999966,3.4e-05,0.999966,True,909,154,971,216
81,3.375,8,data\real\pharmaceutical_capsules\extracted\datasets\Anomaly\192.png,defective,defective,0.999946,5.4e-05,0.999946,True,342,312,404,374
81,3.375,9,data\real\pharmaceutical_capsules\extracted\datasets\Normal\492.png,normal,normal,0.999762,0.999762,0.000238,True,770,476,832,538
81,3.375,10,data\real\pharmaceutical_capsules\extracted\datasets\Anomaly\351.png,defective,normal,0.671338,0.671338,0.328662,False,31,143,93,205
81,3.375,11,data\real\pharmaceutical_capsules\extracted\datasets\Normal\305.png,normal,normal,0.999814,0.999814,0.000186,True,458,324,520,386
81,3.375,12,data\real\pharmaceutical_capsules\extracted\datasets\Normal\082.png,normal,normal,0.999814,0.999814,0.000186,True,87,496,149,558
81,3.375,13,data\real\pharmaceutical_capsules\extracted\datasets\Normal\481.png,normal,normal,0.999822,0.999822,0.000178,True,300,161,362,223
81,3.375,14,data\real\pharmaceutical_capsules\extracted\datasets\Anomaly\455.png,defective,defective,0.99982,0.00018,0.99982,True,709,325,771,387
81,3.375,15,data\real\pharmaceutical_capsules\extracted\datasets\Normal\446.png,normal,normal,0.999598,0.999598,0.000402,True,1236,469,1279,531
81,3.375,16,data\real\pharmaceutical_capsules\extracted\datasets\Normal\067.png,normal,normal,0.999754,0.999754,0.000246,True,44,142,106,204
81,3.375,17,data\real\pharmaceutical_capsules\extracted\datasets\Normal\338.png,normal,normal,0.999837,0.999837,0.000163,True,163,326,225,388
81,3.375,18,data\real\pharmaceutical_capsules\extracted\datasets\Anomaly\140.png,defective,defective,0.99995,5e-05,0.99995,True,1148,490,1210,552
81,3.375,19,data\real\pharmaceutical_capsules\extracted\datasets\Anomaly\242.png,defective,defective,0.9999,0.0001,0.9999,True,789,154,851,216
81,3.375,20,data\real\pharmaceutical_capsules\extracted\datasets\Normal\158.png,normal,normal,0.999763,0.999763,0.000237,True,1209,306,1271,368
81,3.375,21,data\real\pharmaceutical_capsules\extracted\datasets\Anomaly\415.png,defective,defective,0.999412,0.000588,0.999412,True,553,482,615,544
81,3.375,22,data\real\pharmaceutical_capsules\extracted\datasets\Normal\427.png,normal,normal,0.99977,0.99977,0.00023,True,820,151,882,213
81,3.375,23,data\real\pharmaceutical_capsules\extracted\datasets\Normal\424.png,normal,normal,0.999628,0.999628,0.000372,True,133,305,195,367
81,3.375,24,data\real\pharmaceutical_capsules\extracted\datasets\Normal\443.png,normal,normal,0.99986,0.99986,0.00014,True,375,487,437,549
81,3.375,25,data\real\pharmaceutical_capsules\extracted\datasets\Anomaly\321.png,defective,defective,0.999956,4.4e-05,0.999956,True,419,157,481,219
81,3.375,26,data\real\pharmaceutical_capsules\extracted\datasets\Normal\403.png,normal,normal,0.999762,0.999762,0.000238,True,973,331,1035,393
81,3.375,27,data\real\pharmaceutical_capsules\extracted\datasets\Anomaly\459.png,defective,defective,0.99997,3e-05,0.99997,True,513,501,575,563
81,3.375,28,data\real\pharmaceutical_capsules\extracted\datasets\Anomaly\137.png,defective,defective,0.999974,2.6e-05,0.999974,True,1082,162,1144,224
81,3.375,29,data\real\pharmaceutical_capsules\extracted\datasets\Anomaly\587.png,defective,defective,0.99997,3e-05,0.99997,True,331,310,393,372
81,3.375,30,data\real\pharmaceutical_capsules\extracted\datasets\Normal\440.png,normal,normal,0.99979,0.99979,0.00021,True,450,470,512,532
81,3.375,31,data\real\pharmaceutical_capsules\extracted\datasets\Anomaly\469.png,defective,defective,0.999943,5.7e-05,0.999943,True,530,147,592,209
81,3.375,32,data\real\pharmaceutical_capsules\extracted\datasets\Anomaly\094.png,defective,defective,0.999814,0.000186,0.999814,True,874,306,936,368
81,3.375,33,data\real\pharmaceutical_capsules\extracted\datasets\Anomaly\273.png,defective,defective,0.99996,4e-05,0.99996,True,1097,496,1159,558
81,3.375,34,data\real\pharmaceutical_capsules\extracted\datasets\Normal\033.png,normal,normal,0.999738,0.999738,0.000262,True,297,137,359,199
81,3.375,35,data\real\pharmaceutical_capsules\extracted\datasets\Anomaly\071.png,defective,defective,0.999933,6.7e-05,0.999933,True,481,336,543,398
81,3.375,36,data\real\pharmaceutical_capsules\extracted\datasets\Normal\386.png,normal,normal,0.999792,0.999792,0.000208,True,38,488,100,550
82,3.417,1,data\real\pharmaceutical_capsules\extracted\datasets\Anomaly\316.png,defective,defective,0.999963,3.7e-05,0.999963,True,1157,138,1219,200
82,3.417,2,data\real\pharmaceutical_capsules\extracted\datasets\Normal\068.png,normal,normal,0.999773,0.999773,0.000227,True,652,310,714,372
82,3.417,3,data\real\pharmaceutical_capsules\extracted\datasets\Normal\149.png,normal,normal,0.999805,0.999805,0.000195,True,1205,501,1267,563
82,3.417,4,data\real\pharmaceutical_capsules\extracted\datasets\Anomaly\443.png,defective,defective,0.999923,7.7e-05,0.999923,True,879,138,941,200
82,3.417,5,data\real\pharmaceutical_capsules\extracted\datasets\Anomaly\221.png,defective,defective,0.999938,6.2e-05,0.999938,True,636,303,698,365
82,3.417,6,data\real\pharmaceutical_capsules\extracted\datasets\Normal\012.png,normal,normal,0.992716,0.992716,0.007284,True,0,501,38,563
82,3.417,7,data\real\pharmaceutical_capsules\extracted\datasets\Anomaly\124.png,defective,defective,0.999966,3.4e-05,0.999966,True,913,154,975,216
82,3.417,8,data\real\pharmaceutical_capsules\extracted\datasets\Anomaly\192.png,defective,defective,0.999946,5.4e-05,0.999946,True,347,312,409,374
82,3.417,9,data\real\pharmaceutical_capsules\extracted\datasets\Normal\492.png,normal,normal,0.999762,0.999762,0.000238,True,774,476,836,538
82,3.417,10,data\real\pharmaceutical_capsules\extracted\datasets\Anomaly\351.png,defective,normal,0.671338,0.671338,0.328662,False,36,143,98,205
82,3.417,11,data\real\pharmaceutical_capsules\extracted\datasets\Normal\305.png,normal,normal,0.999814,0.999814,0.000186,True,462,324,524,386
82,3.417,12,data\real\pharmaceutical_capsules\extracted\datasets\Normal\082.png,normal,normal,0.999814,0.999814,0.000186,True,92,496,154,558
82,3.417,13,data\real\pharmaceutical_capsules\extracted\datasets\Normal\481.png,normal,normal,0.999822,0.999822,0.000178,True,304,161,366,223
82,3.417,14,data\real\pharmaceutical_capsules\extracted\datasets\Anomaly\455.png,defective,defective,0.99982,0.00018,0.99982,True,714,325,776,387
82,3.417,15,data\real\pharmaceutical_capsules\extracted\datasets\Normal\446.png,normal,normal,0.999598,0.999598,0.000402,True,1240,469,1279,531
82,3.417,16,data\real\pharmaceutical_capsules\extracted\datasets\Normal\067.png,normal,normal,0.999754,0.999754,0.000246,True,48,142,110,204
82,3.417,17,data\real\pharmaceutical_capsules\extracted\datasets\Normal\338.png,normal,normal,0.999837,0.999837,0.000163,True,168,326,230,388
82,3.417,18,data\real\pharmaceutical_capsules\extracted\datasets\Anomaly\140.png,defective,defective,0.99995,5e-05,0.99995,True,1152,490,1214,552
82,3.417,19,data\real\pharmaceutical_capsules\extracted\datasets\Anomaly\242.png,defective,defective,0.9999,0.0001,0.9999,True,793,154,855,216
82,3.417,20,data\real\pharmaceutical_capsules\extracted\datasets\Normal\158.png,normal,normal,0.999763,0.999763,0.000237,True,1213,306,1275,368
82,3.417,21,data\real\pharmaceutical_capsules\extracted\datasets\Anomaly\415.png,defective,defective,0.999412,0.000588,0.999412,True,558,482,620,544
82,3.417,22,data\real\pharmaceutical_capsules\extracted\datasets\Normal\427.png,normal,normal,0.99977,0.99977,0.00023,True,824,151,886,213
82,3.417,23,data\real\pharmaceutical_capsules\extracted\datasets\Normal\424.png,normal,normal,0.999628,0.999628,0.000372,True,137,305,199,367
82,3.417,24,data\real\pharmaceutical_capsules\extracted\datasets\Normal\443.png,normal,normal,0.99986,0.99986,0.00014,True,380,487,442,549
82,3.417,25,data\real\pharmaceutical_capsules\extracted\datasets\Anomaly\321.png,defective,defective,0.999956,4.4e-05,0.999956,True,423,157,485,219
82,3.417,26,data\real\pharmaceutical_capsules\extracted\datasets\Normal\403.png,normal,normal,0.999762,0.999762,0.000238,True,978,331,1040,393
82,3.417,27,data\real\pharmaceutical_capsules\extracted\datasets\Anomaly\459.png,defective,defective,0.99997,3e-05,0.99997,True,517,501,579,563
82,3.417,28,data\real\pharmaceutical_capsules\extracted\datasets\Anomaly\137.png,defective,defective,0.999974,2.6e-05,0.999974,True,1087,162,1149,224
82,3.417,29,data\real\pharmaceutical_capsules\extracted\datasets\Anomaly\587.png,defective,defective,0.99997,3e-05,0.99997,True,335,310,397,372
82,3.417,30,data\real\pharmaceutical_capsules\extracted\datasets\Normal\440.png,normal,normal,0.99979,0.99979,0.00021,True,455,470,517,532
82,3.417,31,data\real\pharmaceutical_capsules\extracted\datasets\Anomaly\469.png,defective,defective,0.999943,5.7e-05,0.999943,True,534,147,596,209
82,3.417,32,data\real\pharmaceutical_capsules\extracted\datasets\Anomaly\094.png,defective,defective,0.999814,0.000186,0.999814,True,879,306,941,368
82,3.417,33,data\real\pharmaceutical_capsules\extracted\datasets\Anomaly\273.png,defective,defective,0.99996,4e-05,0.99996,True,1101,496,1163,558
82,3.417,34,data\real\pharmaceutical_capsules\extracted\datasets\Normal\033.png,normal,normal,0.999738,0.999738,0.000262,True,301,137,363,199
82,3.417,35,data\real\pharmaceutical_capsules\extracted\datasets\Anomaly\071.png,defective,defective,0.999933,6.7e-05,0.999933,True,485,336,547,398
82,3.417,36,data\real\pharmaceutical_capsules\extracted\datasets\Normal\386.png,normal,normal,0.999792,0.999792,0.000208,True,42,488,104,550
83,3.458,1,data\real\pharmaceutical_capsules\extracted\datasets\Anomaly\316.png,defective,defective,0.999963,3.7e-05,0.999963,True,1161,138,1223,200
83,3.458,2,data\real\pharmaceutical_capsules\extracted\datasets\Normal\068.png,normal,normal,0.999773,0.999773,0.000227,True,656,310,718,372
83,3.458,3,data\real\pharmaceutical_capsules\extracted\datasets\Normal\149.png,normal,normal,0.999805,0.999805,0.000195,True,1209,501,1271,563
83,3.458,4,data\real\pharmaceutical_capsules\extracted\datasets\Anomaly\443.png,defective,defective,0.999923,7.7e-05,0.999923,True,883,138,945,200
83,3.458,5,data\real\pharmaceutical_capsules\extracted\datasets\Anomaly\221.png,defective,defective,0.999938,6.2e-05,0.999938,True,641,303,703,365
83,3.458,6,data\real\pharmaceutical_capsules\extracted\datasets\Normal\012.png,normal,normal,0.992716,0.992716,0.007284,True,0,501,43,563
83,3.458,7,data\real\pharmaceutical_capsules\extracted\datasets\Anomaly\124.png,defective,defective,0.999966,3.4e-05,0.999966,True,918,154,980,216
83,3.458,8,data\real\pharmaceutical_capsules\extracted\datasets\Anomaly\192.png,defective,defective,0.999946,5.4e-05,0.999946,True,351,312,413,374
83,3.458,9,data\real\pharmaceutical_capsules\extracted\datasets\Normal\492.png,normal,normal,0.999762,0.999762,0.000238,True,779,476,841,538
83,3.458,10,data\real\pharmaceutical_capsules\extracted\datasets\Anomaly\351.png,defective,normal,0.671338,0.671338,0.328662,False,40,143,102,205
83,3.458,11,data\real\pharmaceutical_capsules\extracted\datasets\Normal\305.png,normal,normal,0.999814,0.999814,0.000186,True,467,324,529,386
83,3.458,12,data\real\pharmaceutical_capsules\extracted\datasets\Normal\082.png,normal,normal,0.999814,0.999814,0.000186,True,96,496,158,558
83,3.458,13,data\real\pharmaceutical_capsules\extracted\datasets\Normal\481.png,normal,normal,0.999822,0.999822,0.000178,True,309,161,371,223
83,3.458,14,data\real\pharmaceutical_capsules\extracted\datasets\Anomaly\455.png,defective,defective,0.99982,0.00018,0.99982,True,718,325,780,387
83,3.458,15,data\real\pharmaceutical_capsules\extracted\datasets\Normal\446.png,normal,normal,0.999598,0.999598,0.000402,True,1245,469,1279,531
83,3.458,16,data\real\pharmaceutical_capsules\extracted\datasets\Normal\067.png,normal,normal,0.999754,0.999754,0.000246,True,53,142,115,204
83,3.458,17,data\real\pharmaceutical_capsules\extracted\datasets\Normal\338.png,normal,normal,0.999837,0.999837,0.000163,True,172,326,234,388
83,3.458,18,data\real\pharmaceutical_capsules\extracted\datasets\Anomaly\140.png,defective,defective,0.99995,5e-05,0.99995,True,1157,490,1219,552
83,3.458,19,data\real\pharmaceutical_capsules\extracted\datasets\Anomaly\242.png,defective,defective,0.9999,0.0001,0.9999,True,798,154,860,216
83,3.458,20,data\real\pharmaceutical_capsules\extracted\datasets\Normal\158.png,normal,normal,0.999763,0.999763,0.000237,True,1218,306,1279,368
83,3.458,21,data\real\pharmaceutical_capsules\extracted\datasets\Anomaly\415.png,defective,defective,0.999412,0.000588,0.999412,True,562,482,624,544
83,3.458,22,data\real\pharmaceutical_capsules\extracted\datasets\Normal\427.png,normal,normal,0.99977,0.99977,0.00023,True,829,151,891,213
83,3.458,23,data\real\pharmaceutical_capsules\extracted\datasets\Normal\424.png,normal,normal,0.999628,0.999628,0.000372,True,142,305,204,367
83,3.458,24,data\real\pharmaceutical_capsules\extracted\datasets\Normal\443.png,normal,normal,0.99986,0.99986,0.00014,True,384,487,446,549
83,3.458,25,data\real\pharmaceutical_capsules\extracted\datasets\Anomaly\321.png,defective,defective,0.999956,4.4e-05,0.999956,True,428,157,490,219
83,3.458,26,data\real\pharmaceutical_capsules\extracted\datasets\Normal\403.png,normal,normal,0.999762,0.999762,0.000238,True,982,331,1044,393
83,3.458,27,data\real\pharmaceutical_capsules\extracted\datasets\Anomaly\459.png,defective,defective,0.99997,3e-05,0.99997,True,522,501,584,563
83,3.458,28,data\real\pharmaceutical_capsules\extracted\datasets\Anomaly\137.png,defective,defective,0.999974,2.6e-05,0.999974,True,1091,162,1153,224
83,3.458,29,data\real\pharmaceutical_capsules\extracted\datasets\Anomaly\587.png,defective,defective,0.99997,3e-05,0.99997,True,340,310,402,372
83,3.458,30,data\real\pharmaceutical_capsules\extracted\datasets\Normal\440.png,normal,normal,0.99979,0.99979,0.00021,True,459,470,521,532
83,3.458,31,data\real\pharmaceutical_capsules\extracted\datasets\Anomaly\469.png,defective,defective,0.999943,5.7e-05,0.999943,True,539,147,601,209
83,3.458,32,data\real\pharmaceutical_capsules\extracted\datasets\Anomaly\094.png,defective,defective,0.999814,0.000186,0.999814,True,883,306,945,368
83,3.458,33,data\real\pharmaceutical_capsules\extracted\datasets\Anomaly\273.png,defective,defective,0.99996,4e-05,0.99996,True,1106,496,1168,558
83,3.458,34,data\real\pharmaceutical_capsules\extracted\datasets\Normal\033.png,normal,normal,0.999738,0.999738,0.000262,True,306,137,368,199
83,3.458,35,data\real\pharmaceutical_capsules\extracted\datasets\Anomaly\071.png,defective,defective,0.999933,6.7e-05,0.999933,True,490,336,552,398
83,3.458,36,data\real\pharmaceutical_capsules\extracted\datasets\Normal\386.png,normal,normal,0.999792,0.999792,0.000208,True,47,488,109,550
84,3.5,1,data\real\pharmaceutical_capsules\extracted\datasets\Anomaly\316.png,defective,defective,0.999963,3.7e-05,0.999963,True,1166,138,1228,200
84,3.5,2,data\real\pharmaceutical_capsules\extracted\datasets\Normal\068.png,normal,normal,0.999773,0.999773,0.000227,True,661,310,723,372
84,3.5,3,data\real\pharmaceutical_capsules\extracted\datasets\Normal\149.png,normal,normal,0.999805,0.999805,0.000195,True,1214,501,1276,563
84,3.5,4,data\real\pharmaceutical_capsules\extracted\datasets\Anomaly\443.png,defective,defective,0.999923,7.7e-05,0.999923,True,888,138,950,200
84,3.5,5,data\real\pharmaceutical_capsules\extracted\datasets\Anomaly\221.png,defective,defective,0.999938,6.2e-05,0.999938,True,645,303,707,365
84,3.5,6,data\real\pharmaceutical_capsules\extracted\datasets\Normal\012.png,normal,normal,0.992716,0.992716,0.007284,True,0,501,47,563
84,3.5,7,data\real\pharmaceutical_capsules\extracted\datasets\Anomaly\124.png,defective,defective,0.999966,3.4e-05,0.999966,True,922,154,984,216
84,3.5,8,data\real\pharmaceutical_capsules\extracted\datasets\Anomaly\192.png,defective,defective,0.999946,5.4e-05,0.999946,True,356,312,418,374
84,3.5,9,data\real\pharmaceutical_capsules\extracted\datasets\Normal\492.png,normal,normal,0.999762,0.999762,0.000238,True,783,476,845,538
84,3.5,10,data\real\pharmaceutical_capsules\extracted\datasets\Anomaly\351.png,defective,normal,0.671338,0.671338,0.328662,False,45,143,107,205
84,3.5,11,data\real\pharmaceutical_capsules\extracted\datasets\Normal\305.png,normal,normal,0.999814,0.999814,0.000186,True,471,324,533,386
84,3.5,12,data\real\pharmaceutical_capsules\extracted\datasets\Normal\082.png,normal,normal,0.999814,0.999814,0.000186,True,101,496,163,558
84,3.5,13,data\real\pharmaceutical_capsules\extracted\datasets\Normal\481.png,normal,normal,0.999822,0.999822,0.000178,True,313,161,375,223
84,3.5,14,data\real\pharmaceutical_capsules\extracted\datasets\Anomaly\455.png,defective,defective,0.99982,0.00018,0.99982,True,723,325,785,387
84,3.5,15,data\real\pharmaceutical_capsules\extracted\datasets\Normal\446.png,normal,normal,0.999598,0.999598,0.000402,True,1249,469,1279,531
84,3.5,16,data\real\pharmaceutical_capsules\extracted\datasets\Normal\067.png,normal,normal,0.999754,0.999754,0.000246,True,57,142,119,204
84,3.5,17,data\real\pharmaceutical_capsules\extracted\datasets\Normal\338.png,normal,normal,0.999837,0.999837,0.000163,True,177,326,239,388
84,3.5,18,data\real\pharmaceutical_capsules\extracted\datasets\Anomaly\140.png,defective,defective,0.99995,5e-05,0.99995,True,1161,490,1223,552
84,3.5,19,data\real\pharmaceutical_capsules\extracted\datasets\Anomaly\242.png,defective,defective,0.9999,0.0001,0.9999,True,802,154,864,216
84,3.5,20,data\real\pharmaceutical_capsules\extracted\datasets\Normal\158.png,normal,normal,0.999763,0.999763,0.000237,True,1222,306,1279,368
84,3.5,21,data\real\pharmaceutical_capsules\extracted\datasets\Anomaly\415.png,defective,defective,0.999412,0.000588,0.999412,True,567,482,629,544
84,3.5,22,data\real\pharmaceutical_capsules\extracted\datasets\Normal\427.png,normal,normal,0.99977,0.99977,0.00023,True,833,151,895,213
84,3.5,23,data\real\pharmaceutical_capsules\extracted\datasets\Normal\424.png,normal,normal,0.999628,0.999628,0.000372,True,146,305,208,367
84,3.5,24,data\real\pharmaceutical_capsules\extracted\datasets\Normal\443.png,normal,normal,0.99986,0.99986,0.00014,True,389,487,451,549
84,3.5,25,data\real\pharmaceutical_capsules\extracted\datasets\Anomaly\321.png,defective,defective,0.999956,4.4e-05,0.999956,True,432,157,494,219
84,3.5,26,data\real\pharmaceutical_capsules\extracted\datasets\Normal\403.png,normal,normal,0.999762,0.999762,0.000238,True,987,331,1049,393
84,3.5,27,data\real\pharmaceutical_capsules\extracted\datasets\Anomaly\459.png,defective,defective,0.99997,3e-05,0.99997,True,526,501,588,563
84,3.5,28,data\real\pharmaceutical_capsules\extracted\datasets\Anomaly\137.png,defective,defective,0.999974,2.6e-05,0.999974,True,1096,162,1158,224
84,3.5,29,data\real\pharmaceutical_capsules\extracted\datasets\Anomaly\587.png,defective,defective,0.99997,3e-05,0.99997,True,344,310,406,372
84,3.5,30,data\real\pharmaceutical_capsules\extracted\datasets\Normal\440.png,normal,normal,0.99979,0.99979,0.00021,True,464,470,526,532
84,3.5,31,data\real\pharmaceutical_capsules\extracted\datasets\Anomaly\469.png,defective,defective,0.999943,5.7e-05,0.999943,True,543,147,605,209
84,3.5,32,data\real\pharmaceutical_capsules\extracted\datasets\Anomaly\094.png,defective,defective,0.999814,0.000186,0.999814,True,888,306,950,368
84,3.5,33,data\real\pharmaceutical_capsules\extracted\datasets\Anomaly\273.png,defective,defective,0.99996,4e-05,0.99996,True,1110,496,1172,558
84,3.5,34,data\real\pharmaceutical_capsules\extracted\datasets\Normal\033.png,normal,normal,0.999738,0.999738,0.000262,True,310,137,372,199
84,3.5,35,data\real\pharmaceutical_capsules\extracted\datasets\Anomaly\071.png,defective,defective,0.999933,6.7e-05,0.999933,True,494,336,556,398
84,3.5,36,data\real\pharmaceutical_capsules\extracted\datasets\Normal\386.png,normal,normal,0.999792,0.999792,0.000208,True,51,488,113,550
85,3.542,1,data\real\pharmaceutical_capsules\extracted\datasets\Anomaly\316.png,defective,defective,0.999963,3.7e-05,0.999963,True,1170,138,1232,200
85,3.542,2,data\real\pharmaceutical_capsules\extracted\datasets\Normal\068.png,normal,normal,0.999773,0.999773,0.000227,True,665,310,727,372
85,3.542,3,data\real\pharmaceutical_capsules\extracted\datasets\Normal\149.png,normal,normal,0.999805,0.999805,0.000195,True,1218,501,1279,563
85,3.542,4,data\real\pharmaceutical_capsules\extracted\datasets\Anomaly\443.png,defective,defective,0.999923,7.7e-05,0.999923,True,892,138,954,200
85,3.542,5,data\real\pharmaceutical_capsules\extracted\datasets\Anomaly\221.png,defective,defective,0.999938,6.2e-05,0.999938,True,650,303,712,365
85,3.542,6,data\real\pharmaceutical_capsules\extracted\datasets\Normal\012.png,normal,normal,0.992716,0.992716,0.007284,True,0,501,52,563
85,3.542,7,data\real\pharmaceutical_capsules\extracted\datasets\Anomaly\124.png,defective,defective,0.999966,3.4e-05,0.999966,True,927,154,989,216
85,3.542,8,data\real\pharmaceutical_capsules\extracted\datasets\Anomaly\192.png,defective,defective,0.999946,5.4e-05,0.999946,True,360,312,422,374
85,3.542,9,data\real\pharmaceutical_capsules\extracted\datasets\Normal\492.png,normal,normal,0.999762,0.999762,0.000238,True,788,476,850,538
85,3.542,10,data\real\pharmaceutical_capsules\extracted\datasets\Anomaly\351.png,defective,normal,0.671338,0.671338,0.328662,False,49,143,111,205
85,3.542,11,data\real\pharmaceutical_capsules\extracted\datasets\Normal\305.png,normal,normal,0.999814,0.999814,0.000186,True,476,324,538,386
85,3.542,12,data\real\pharmaceutical_capsules\extracted\datasets\Normal\082.png,normal,normal,0.999814,0.999814,0.000186,True,105,496,167,558
85,3.542,13,data\real\pharmaceutical_capsules\extracted\datasets\Normal\481.png,normal,normal,0.999822,0.999822,0.000178,True,318,161,380,223
85,3.542,14,data\real\pharmaceutical_capsules\extracted\datasets\Anomaly\455.png,defective,defective,0.99982,0.00018,0.99982,True,727,325,789,387
85,3.542,15,data\real\pharmaceutical_capsules\extracted\datasets\Normal\446.png,normal,normal,0.999598,0.999598,0.000402,True,0,469,37,531
85,3.542,16,data\real\pharmaceutical_capsules\extracted\datasets\Normal\067.png,normal,normal,0.999754,0.999754,0.000246,True,62,142,124,204
85,3.542,17,data\real\pharmaceutical_capsules\extracted\datasets\Normal\338.png,normal,normal,0.999837,0.999837,0.000163,True,181,326,243,388
85,3.542,18,data\real\pharmaceutical_capsules\extracted\datasets\Anomaly\140.png,defective,defective,0.99995,5e-05,0.99995,True,1166,490,1228,552
85,3.542,19,data\real\pharmaceutical_capsules\extracted\datasets\Anomaly\242.png,defective,defective,0.9999,0.0001,0.9999,True,807,154,869,216
85,3.542,20,data\real\pharmaceutical_capsules\extracted\datasets\Normal\158.png,normal,normal,0.999763,0.999763,0.000237,True,1227,306,1279,368
85,3.542,21,data\real\pharmaceutical_capsules\extracted\datasets\Anomaly\415.png,defective,defective,0.999412,0.000588,0.999412,True,571,482,633,544
85,3.542,22,data\real\pharmaceutical_capsules\extracted\datasets\Normal\427.png,normal,normal,0.99977,0.99977,0.00023,True,838,151,900,213
85,3.542,23,data\real\pharmaceutical_capsules\extracted\datasets\Normal\424.png,normal,normal,0.999628,0.999628,0.000372,True,151,305,213,367
85,3.542,24,data\real\pharmaceutical_capsules\extracted\datasets\Normal\443.png,normal,normal,0.99986,0.99986,0.00014,True,393,487,455,549
85,3.542,25,data\real\pharmaceutical_capsules\extracted\datasets\Anomaly\321.png,defective,defective,0.999956,4.4e-05,0.999956,True,437,157,499,219
85,3.542,26,data\real\pharmaceutical_capsules\extracted\datasets\Normal\403.png,normal,normal,0.999762,0.999762,0.000238,True,991,331,1053,393
85,3.542,27,data\real\pharmaceutical_capsules\extracted\datasets\Anomaly\459.png,defective,defective,0.99997,3e-05,0.99997,True,531,501,593,563
85,3.542,28,data\real\pharmaceutical_capsules\extracted\datasets\Anomaly\137.png,defective,defective,0.999974,2.6e-05,0.999974,True,1100,162,1162,224
85,3.542,29,data\real\pharmaceutical_capsules\extracted\datasets\Anomaly\587.png,defective,defective,0.99997,3e-05,0.99997,True,349,310,411,372
85,3.542,30,data\real\pharmaceutical_capsules\extracted\datasets\Normal\440.png,normal,normal,0.99979,0.99979,0.00021,True,468,470,530,532
85,3.542,31,data\real\pharmaceutical_capsules\extracted\datasets\Anomaly\469.png,defective,defective,0.999943,5.7e-05,0.999943,True,548,147,610,209
85,3.542,32,data\real\pharmaceutical_capsules\extracted\datasets\Anomaly\094.png,defective,defective,0.999814,0.000186,0.999814,True,892,306,954,368
85,3.542,33,data\real\pharmaceutical_capsules\extracted\datasets\Anomaly\273.png,defective,defective,0.99996,4e-05,0.99996,True,1115,496,1177,558
85,3.542,34,data\real\pharmaceutical_capsules\extracted\datasets\Normal\033.png,normal,normal,0.999738,0.999738,0.000262,True,315,137,377,199
85,3.542,35,data\real\pharmaceutical_capsules\extracted\datasets\Anomaly\071.png,defective,defective,0.999933,6.7e-05,0.999933,True,499,336,561,398
85,3.542,36,data\real\pharmaceutical_capsules\extracted\datasets\Normal\386.png,normal,normal,0.999792,0.999792,0.000208,True,56,488,118,550
86,3.583,1,data\real\pharmaceutical_capsules\extracted\datasets\Anomaly\316.png,defective,defective,0.999963,3.7e-05,0.999963,True,1175,138,1237,200
86,3.583,2,data\real\pharmaceutical_capsules\extracted\datasets\Normal\068.png,normal,normal,0.999773,0.999773,0.000227,True,670,310,732,372
86,3.583,3,data\real\pharmaceutical_capsules\extracted\datasets\Normal\149.png,normal,normal,0.999805,0.999805,0.000195,True,1223,501,1279,563
86,3.583,4,data\real\pharmaceutical_capsules\extracted\datasets\Anomaly\443.png,defective,defective,0.999923,7.7e-05,0.999923,True,897,138,959,200
86,3.583,5,data\real\pharmaceutical_capsules\extracted\datasets\Anomaly\221.png,defective,defective,0.999938,6.2e-05,0.999938,True,654,303,716,365
86,3.583,6,data\real\pharmaceutical_capsules\extracted\datasets\Normal\012.png,normal,normal,0.992716,0.992716,0.007284,True,0,501,56,563
86,3.583,7,data\real\pharmaceutical_capsules\extracted\datasets\Anomaly\124.png,defective,defective,0.999966,3.4e-05,0.999966,True,931,154,993,216
86,3.583,8,data\real\pharmaceutical_capsules\extracted\datasets\Anomaly\192.png,defective,defective,0.999946,5.4e-05,0.999946,True,365,312,427,374
86,3.583,9,data\real\pharmaceutical_capsules\extracted\datasets\Normal\492.png,normal,normal,0.999762,0.999762,0.000238,True,792,476,854,538
86,3.583,10,data\real\pharmaceutical_capsules\extracted\datasets\Anomaly\351.png,defective,normal,0.671338,0.671338,0.328662,False,54,143,116,205
86,3.583,11,data\real\pharmaceutical_capsules\extracted\datasets\Normal\305.png,normal,normal,0.999814,0.999814,0.000186,True,480,324,542,386
86,3.583,12,data\real\pharmaceutical_capsules\extracted\datasets\Normal\082.png,normal,normal,0.999814,0.999814,0.000186,True,110,496,172,558
86,3.583,13,data\real\pharmaceutical_capsules\extracted\datasets\Normal\481.png,normal,normal,0.999822,0.999822,0.000178,True,322,161,384,223
86,3.583,14,data\real\pharmaceutical_capsules\extracted\datasets\Anomaly\455.png,defective,defective,0.99982,0.00018,0.99982,True,732,325,794,387
86,3.583,15,data\real\pharmaceutical_capsules\extracted\datasets\Normal\446.png,normal,normal,0.999598,0.999598,0.000402,True,0,469,41,531
86,3.583,16,data\real\pharmaceutical_capsules\extracted\datasets\Normal\067.png,normal,normal,0.999754,0.999754,0.000246,True,66,142,128,204
86,3.583,17,data\real\pharmaceutical_capsules\extracted\datasets\Normal\338.png,normal,normal,0.999837,0.999837,0.000163,True,186,326,248,388
86,3.583,18,data\real\pharmaceutical_capsules\extracted\datasets\Anomaly\140.png,defective,defective,0.99995,5e-05,0.99995,True,1170,490,1232,552
86,3.583,19,data\real\pharmaceutical_capsules\extracted\datasets\Anomaly\242.png,defective,defective,0.9999,0.0001,0.9999,True,811,154,873,216
86,3.583,20,data\real\pharmaceutical_capsules\extracted\datasets\Normal\158.png,normal,normal,0.999763,0.999763,0.000237,True,1231,306,1279,368
86,3.583,21,data\real\pharmaceutical_capsules\extracted\datasets\Anomaly\415.png,defective,defective,0.999412,0.000588,0.999412,True,576,482,638,544
86,3.583,22,data\real\pharmaceutical_capsules\extracted\datasets\Normal\427.png,normal,normal,0.99977,0.99977,0.00023,True,842,151,904,213
86,3.583,23,data\real\pharmaceutical_capsules\extracted\datasets\Normal\424.png,normal,normal,0.999628,0.999628,0.000372,True,155,305,217,367
86,3.583,24,data\real\pharmaceutical_capsules\extracted\datasets\Normal\443.png,normal,normal,0.99986,0.99986,0.00014,True,398,487,460,549
86,3.583,25,data\real\pharmaceutical_capsules\extracted\datasets\Anomaly\321.png,defective,defective,0.999956,4.4e-05,0.999956,True,441,157,503,219
86,3.583,26,data\real\pharmaceutical_capsules\extracted\datasets\Normal\403.png,normal,normal,0.999762,0.999762,0.000238,True,996,331,1058,393
86,3.583,27,data\real\pharmaceutical_capsules\extracted\datasets\Anomaly\459.png,defective,defective,0.99997,3e-05,0.99997,True,535,501,597,563
86,3.583,28,data\real\pharmaceutical_capsules\extracted\datasets\Anomaly\137.png,defective,defective,0.999974,2.6e-05,0.999974,True,1105,162,1167,224
86,3.583,29,data\real\pharmaceutical_capsules\extracted\datasets\Anomaly\587.png,defective,defective,0.99997,3e-05,0.99997,True,353,310,415,372
86,3.583,30,data\real\pharmaceutical_capsules\extracted\datasets\Normal\440.png,normal,normal,0.99979,0.99979,0.00021,True,473,470,535,532
86,3.583,31,data\real\pharmaceutical_capsules\extracted\datasets\Anomaly\469.png,defective,defective,0.999943,5.7e-05,0.999943,True,552,147,614,209
86,3.583,32,data\real\pharmaceutical_capsules\extracted\datasets\Anomaly\094.png,defective,defective,0.999814,0.000186,0.999814,True,897,306,959,368
86,3.583,33,data\real\pharmaceutical_capsules\extracted\datasets\Anomaly\273.png,defective,defective,0.99996,4e-05,0.99996,True,1119,496,1181,558
86,3.583,34,data\real\pharmaceutical_capsules\extracted\datasets\Normal\033.png,normal,normal,0.999738,0.999738,0.000262,True,319,137,381,199
86,3.583,35,data\real\pharmaceutical_capsules\extracted\datasets\Anomaly\071.png,defective,defective,0.999933,6.7e-05,0.999933,True,503,336,565,398
86,3.583,36,data\real\pharmaceutical_capsules\extracted\datasets\Normal\386.png,normal,normal,0.999792,0.999792,0.000208,True,60,488,122,550
87,3.625,1,data\real\pharmaceutical_capsules\extracted\datasets\Anomaly\316.png,defective,defective,0.999963,3.7e-05,0.999963,True,1179,138,1241,200
87,3.625,2,data\real\pharmaceutical_capsules\extracted\datasets\Normal\068.png,normal,normal,0.999773,0.999773,0.000227,True,674,310,736,372
87,3.625,3,data\real\pharmaceutical_capsules\extracted\datasets\Normal\149.png,normal,normal,0.999805,0.999805,0.000195,True,1227,501,1279,563
87,3.625,4,data\real\pharmaceutical_capsules\extracted\datasets\Anomaly\443.png,defective,defective,0.999923,7.7e-05,0.999923,True,901,138,963,200
87,3.625,5,data\real\pharmaceutical_capsules\extracted\datasets\Anomaly\221.png,defective,defective,0.999938,6.2e-05,0.999938,True,659,303,721,365
87,3.625,6,data\real\pharmaceutical_capsules\extracted\datasets\Normal\012.png,normal,normal,0.992716,0.992716,0.007284,True,0,501,61,563
87,3.625,7,data\real\pharmaceutical_capsules\extracted\datasets\Anomaly\124.png,defective,defective,0.999966,3.4e-05,0.999966,True,936,154,998,216
87,3.625,8,data\real\pharmaceutical_capsules\extracted\datasets\Anomaly\192.png,defective,defective,0.999946,5.4e-05,0.999946,True,369,312,431,374
87,3.625,9,data\real\pharmaceutical_capsules\extracted\datasets\Normal\492.png,normal,normal,0.999762,0.999762,0.000238,True,797,476,859,538
87,3.625,10,data\real\pharmaceutical_capsules\extracted\datasets\Anomaly\351.png,defective,normal,0.671338,0.671338,0.328662,False,58,143,120,205
87,3.625,11,data\real\pharmaceutical_capsules\extracted\datasets\Normal\305.png,normal,normal,0.999814,0.999814,0.000186,True,485,324,547,386
87,3.625,12,data\real\pharmaceutical_capsules\extracted\datasets\Normal\082.png,normal,normal,0.999814,0.999814,0.000186,True,114,496,176,558
87,3.625,13,data\real\pharmaceutical_capsules\extracted\datasets\Normal\481.png,normal,normal,0.999822,0.999822,0.000178,True,327,161,389,223
87,3.625,14,data\real\pharmaceutical_capsules\extracted\datasets\Anomaly\455.png,defective,defective,0.99982,0.00018,0.99982,True,736,325,798,387
87,3.625,15,data\real\pharmaceutical_capsules\extracted\datasets\Normal\446.png,normal,normal,0.999598,0.999598,0.000402,True,0,469,46,531
87,3.625,16,data\real\pharmaceutical_capsules\extracted\datasets\Normal\067.png,normal,normal,0.999754,0.999754,0.000246,True,71,142,133,204
87,3.625,17,data\real\pharmaceutical_capsules\extracted\datasets\Normal\338.png,normal,normal,0.999837,0.999837,0.000163,True,190,326,252,388
87,3.625,18,data\real\pharmaceutical_capsules\extracted\datasets\Anomaly\140.png,defective,defective,0.99995,5e-05,0.99995,True,1175,490,1237,552
87,3.625,19,data\real\pharmaceutical_capsules\extracted\datasets\Anomaly\242.png,defective,defective,0.9999,0.0001,0.9999,True,816,154,878,216
87,3.625,20,data\real\pharmaceutical_capsules\extracted\datasets\Normal\158.png,normal,normal,0.999763,0.999763,0.000237,True,1236,306,1279,368
87,3.625,21,data\real\pharmaceutical_capsules\extracted\datasets\Anomaly\415.png,defective,defective,0.999412,0.000588,0.999412,True,580,482,642,544
87,3.625,22,data\real\pharmaceutical_capsules\extracted\datasets\Normal\427.png,normal,normal,0.99977,0.99977,0.00023,True,847,151,909,213
87,3.625,23,data\real\pharmaceutical_capsules\extracted\datasets\Normal\424.png,normal,normal,0.999628,0.999628,0.000372,True,160,305,222,367
87,3.625,24,data\real\pharmaceutical_capsules\extracted\datasets\Normal\443.png,normal,normal,0.99986,0.99986,0.00014,True,402,487,464,549
87,3.625,25,data\real\pharmaceutical_capsules\extracted\datasets\Anomaly\321.png,defective,defective,0.999956,4.4e-05,0.999956,True,446,157,508,219
87,3.625,26,data\real\pharmaceutical_capsules\extracted\datasets\Normal\403.png,normal,normal,0.999762,0.999762,0.000238,True,1000,331,1062,393
87,3.625,27,data\real\pharmaceutical_capsules\extracted\datasets\Anomaly\459.png,defective,defective,0.99997,3e-05,0.99997,True,540,501,602,563
87,3.625,28,data\real\pharmaceutical_capsules\extracted\datasets\Anomaly\137.png,defective,defective,0.999974,2.6e-05,0.999974,True,1109,162,1171,224
87,3.625,29,data\real\pharmaceutical_capsules\extracted\datasets\Anomaly\587.png,defective,defective,0.99997,3e-05,0.99997,True,358,310,420,372
87,3.625,30,data\real\pharmaceutical_capsules\extracted\datasets\Normal\440.png,normal,normal,0.99979,0.99979,0.00021,True,477,470,539,532
87,3.625,31,data\real\pharmaceutical_capsules\extracted\datasets\Anomaly\469.png,defective,defective,0.999943,5.7e-05,0.999943,True,557,147,619,209
87,3.625,32,data\real\pharmaceutical_capsules\extracted\datasets\Anomaly\094.png,defective,defective,0.999814,0.000186,0.999814,True,901,306,963,368
87,3.625,33,data\real\pharmaceutical_capsules\extracted\datasets\Anomaly\273.png,defective,defective,0.99996,4e-05,0.99996,True,1124,496,1186,558
87,3.625,34,data\real\pharmaceutical_capsules\extracted\datasets\Normal\033.png,normal,normal,0.999738,0.999738,0.000262,True,324,137,386,199
87,3.625,35,data\real\pharmaceutical_capsules\extracted\datasets\Anomaly\071.png,defective,defective,0.999933,6.7e-05,0.999933,True,508,336,570,398
87,3.625,36,data\real\pharmaceutical_capsules\extracted\datasets\Normal\386.png,normal,normal,0.999792,0.999792,0.000208,True,65,488,127,550
88,3.667,1,data\real\pharmaceutical_capsules\extracted\datasets\Anomaly\316.png,defective,defective,0.999963,3.7e-05,0.999963,True,1184,138,1246,200
88,3.667,2,data\real\pharmaceutical_capsules\extracted\datasets\Normal\068.png,normal,normal,0.999773,0.999773,0.000227,True,679,310,741,372
88,3.667,3,data\real\pharmaceutical_capsules\extracted\datasets\Normal\149.png,normal,normal,0.999805,0.999805,0.000195,True,1232,501,1279,563
88,3.667,4,data\real\pharmaceutical_capsules\extracted\datasets\Anomaly\443.png,defective,defective,0.999923,7.7e-05,0.999923,True,906,138,968,200
88,3.667,5,data\real\pharmaceutical_capsules\extracted\datasets\Anomaly\221.png,defective,defective,0.999938,6.2e-05,0.999938,True,663,303,725,365
88,3.667,6,data\real\pharmaceutical_capsules\extracted\datasets\Normal\012.png,normal,normal,0.992716,0.992716,0.007284,True,2,501,64,563
88,3.667,7,data\real\pharmaceutical_capsules\extracted\datasets\Anomaly\124.png,defective,defective,0.999966,3.4e-05,0.999966,True,940,154,1002,216
88,3.667,8,data\real\pharmaceutical_capsules\extracted\datasets\Anomaly\192.png,defective,defective,0.999946,5.4e-05,0.999946,True,374,312,436,374
88,3.667,9,data\real\pharmaceutical_capsules\extracted\datasets\Normal\492.png,normal,normal,0.999762,0.999762,0.000238,True,801,476,863,538
88,3.667,10,data\real\pharmaceutical_capsules\extracted\datasets\Anomaly\351.png,defective,normal,0.671338,0.671338,0.328662,False,63,143,125,205
88,3.667,11,data\real\pharmaceutical_capsules\extracted\datasets\Normal\305.png,normal,normal,0.999814,0.999814,0.000186,True,489,324,551,386
88,3.667,12,data\real\pharmaceutical_capsules\extracted\datasets\Normal\082.png,normal,normal,0.999814,0.999814,0.000186,True,119,496,181,558
88,3.667,13,data\real\pharmaceutical_capsules\extracted\datasets\Normal\481.png,normal,normal,0.999822,0.999822,0.000178,True,331,161,393,223
88,3.667,14,data\real\pharmaceutical_capsules\extracted\datasets\Anomaly\455.png,defective,defective,0.99982,0.00018,0.99982,True,741,325,803,387
88,3.667,15,data\real\pharmaceutical_capsules\extracted\datasets\Normal\446.png,normal,normal,0.999598,0.999598,0.000402,True,0,469,50,531
88,3.667,16,data\real\pharmaceutical_capsules\extracted\datasets\Normal\067.png,normal,normal,0.999754,0.999754,0.000246,True,75,142,137,204
88,3.667,17,data\real\pharmaceutical_capsules\extracted\datasets\Normal\338.png,normal,normal,0.999837,0.999837,0.000163,True,195,326,257,388
88,3.667,18,data\real\pharmaceutical_capsules\extracted\datasets\Anomaly\140.png,defective,defective,0.99995,5e-05,0.99995,True,1179,490,1241,552
88,3.667,19,data\real\pharmaceutical_capsules\extracted\datasets\Anomaly\242.png,defective,defective,0.9999,0.0001,0.9999,True,820,154,882,216
88,3.667,20,data\real\pharmaceutical_capsules\extracted\datasets\Normal\158.png,normal,normal,0.999763,0.999763,0.000237,True,1240,306,1279,368
88,3.667,21,data\real\pharmaceutical_capsules\extracted\datasets\Anomaly\415.png,defective,defective,0.999412,0.000588,0.999412,True,585,482,647,544
88,3.667,22,data\real\pharmaceutical_capsules\extracted\datasets\Normal\427.png,normal,normal,0.99977,0.99977,0.00023,True,851,151,913,213
88,3.667,23,data\real\pharmaceutical_capsules\extracted\datasets\Normal\424.png,normal,normal,0.999628,0.999628,0.000372,True,164,305,226,367
88,3.667,24,data\real\pharmaceutical_capsules\extracted\datasets\Normal\443.png,normal,normal,0.99986,0.99986,0.00014,True,407,487,469,549
88,3.667,25,data\real\pharmaceutical_capsules\extracted\datasets\Anomaly\321.png,defective,defective,0.999956,4.4e-05,0.999956,True,450,157,512,219
88,3.667,26,data\real\pharmaceutical_capsules\extracted\datasets\Normal\403.png,normal,normal,0.999762,0.999762,0.000238,True,1005,331,1067,393
88,3.667,27,data\real\pharmaceutical_capsules\extracted\datasets\Anomaly\459.png,defective,defective,0.99997,3e-05,0.99997,True,544,501,606,563
88,3.667,28,data\real\pharmaceutical_capsules\extracted\datasets\Anomaly\137.png,defective,defective,0.999974,2.6e-05,0.999974,True,1114,162,1176,224
88,3.667,29,data\real\pharmaceutical_capsules\extracted\datasets\Anomaly\587.png,defective,defective,0.99997,3e-05,0.99997,True,362,310,424,372
88,3.667,30,data\real\pharmaceutical_capsules\extracted\datasets\Normal\440.png,normal,normal,0.99979,0.99979,0.00021,True,482,470,544,532
88,3.667,31,data\real\pharmaceutical_capsules\extracted\datasets\Anomaly\469.png,defective,defective,0.999943,5.7e-05,0.999943,True,561,147,623,209
88,3.667,32,data\real\pharmaceutical_capsules\extracted\datasets\Anomaly\094.png,defective,defective,0.999814,0.000186,0.999814,True,906,306,968,368
88,3.667,33,data\real\pharmaceutical_capsules\extracted\datasets\Anomaly\273.png,defective,defective,0.99996,4e-05,0.99996,True,1128,496,1190,558
88,3.667,34,data\real\pharmaceutical_capsules\extracted\datasets\Normal\033.png,normal,normal,0.999738,0.999738,0.000262,True,328,137,390,199
88,3.667,35,data\real\pharmaceutical_capsules\extracted\datasets\Anomaly\071.png,defective,defective,0.999933,6.7e-05,0.999933,True,512,336,574,398
88,3.667,36,data\real\pharmaceutical_capsules\extracted\datasets\Normal\386.png,normal,normal,0.999792,0.999792,0.000208,True,69,488,131,550
89,3.708,1,data\real\pharmaceutical_capsules\extracted\datasets\Anomaly\316.png,defective,defective,0.999963,3.7e-05,0.999963,True,1188,138,1250,200
89,3.708,2,data\real\pharmaceutical_capsules\extracted\datasets\Normal\068.png,normal,normal,0.999773,0.999773,0.000227,True,683,310,745,372
89,3.708,3,data\real\pharmaceutical_capsules\extracted\datasets\Normal\149.png,normal,normal,0.999805,0.999805,0.000195,True,1236,501,1279,563
89,3.708,4,data\real\pharmaceutical_capsules\extracted\datasets\Anomaly\443.png,defective,defective,0.999923,7.7e-05,0.999923,True,910,138,972,200
89,3.708,5,data\real\pharmaceutical_capsules\extracted\datasets\Anomaly\221.png,defective,defective,0.999938,6.2e-05,0.999938,True,668,303,730,365
89,3.708,6,data\real\pharmaceutical_capsules\extracted\datasets\Normal\012.png,normal,normal,0.992716,0.992716,0.007284,True,7,501,69,563
89,3.708,7,data\real\pharmaceutical_capsules\extracted\datasets\Anomaly\124.png,defective,defective,0.999966,3.4e-05,0.999966,True,945,154,1007,216
89,3.708,8,data\real\pharmaceutical_capsules\extracted\datasets\Anomaly\192.png,defective,defective,0.999946,5.4e-05,0.999946,True,378,312,440,374
89,3.708,9,data\real\pharmaceutical_capsules\extracted\datasets\Normal\492.png,normal,normal,0.999762,0.999762,0.000238,True,806,476,868,538
89,3.708,10,data\real\pharmaceutical_capsules\extracted\datasets\Anomaly\351.png,defective,normal,0.671338,0.671338,0.328662,False,67,143,129,205
89,3.708,11,data\real\pharmaceutical_capsules\extracted\datasets\Normal\305.png,normal,normal,0.999814,0.999814,0.000186,True,494,324,556,386
89,3.708,12,data\real\pharmaceutical_capsules\extracted\datasets\Normal\082.png,normal,normal,0.999814,0.999814,0.000186,True,123,496,185,558
89,3.708,13,data\real\pharmaceutical_capsules\extracted\datasets\Normal\481.png,normal,normal,0.999822,0.999822,0.000178,True,336,161,398,223
89,3.708,14,data\real\pharmaceutical_capsules\extracted\datasets\Anomaly\455.png,defective,defective,0.99982,0.00018,0.99982,True,745,325,807,387
89,3.708,15,data\real\pharmaceutical_capsules\extracted\datasets\Normal\446.png,normal,normal,0.999598,0.999598,0.000402,True,0,469,55,531
89,3.708,16,data\real\pharmaceutical_capsules\extracted\datasets\Normal\067.png,normal,normal,0.999754,0.999754,0.000246,True,80,142,142,204
89,3.708,17,data\real\pharmaceutical_capsules\extracted\datasets\Normal\338.png,normal,normal,0.999837,0.999837,0.000163,True,199,326,261,388
89,3.708,18,data\real\pharmaceutical_capsules\extracted\datasets\Anomaly\140.png,defective,defective,0.99995,5e-05,0.99995,True,1184,490,1246,552
89,3.708,19,data\real\pharmaceutical_capsules\extracted\datasets\Anomaly\242.png,defective,defective,0.9999,0.0001,0.9999,True,825,154,887,216
89,3.708,20,data\real\pharmaceutical_capsules\extracted\datasets\Normal\158.png,normal,normal,0.999763,0.999763,0.000237,True,1245,306,1279,368
89,3.708,21,data\real\pharmaceutical_capsules\extracted\datasets\Anomaly\415.png,defective,defective,0.999412,0.000588,0.999412,True,589,482,651,544
89,3.708,22,data\real\pharmaceutical_capsules\extracted\datasets\Normal\427.png,normal,normal,0.99977,0.99977,0.00023,True,856,151,918,213
89,3.708,23,data\real\pharmaceutical_capsules\extracted\datasets\Normal\424.png,normal,normal,0.999628,0.999628,0.000372,True,169,305,231,367
89,3.708,24,data\real\pharmaceutical_capsules\extracted\datasets\Normal\443.png,normal,normal,0.99986,0.99986,0.00014,True,411,487,473,549
89,3.708,25,data\real\pharmaceutical_capsules\extracted\datasets\Anomaly\321.png,defective,defective,0.999956,4.4e-05,0.999956,True,455,157,517,219
89,3.708,26,data\real\pharmaceutical_capsules\extracted\datasets\Normal\403.png,normal,normal,0.999762,0.999762,0.000238,True,1009,331,1071,393
89,3.708,27,data\real\pharmaceutical_capsules\extracted\datasets\Anomaly\459.png,defective,defective,0.99997,3e-05,0.99997,True,549,501,611,563
89,3.708,28,data\real\pharmaceutical_capsules\extracted\datasets\Anomaly\137.png,defective,defective,0.999974,2.6e-05,0.999974,True,1118,162,1180,224
89,3.708,29,data\real\pharmaceutical_capsules\extracted\datasets\Anomaly\587.png,defective,defective,0.99997,3e-05,0.99997,True,367,310,429,372
89,3.708,30,data\real\pharmaceutical_capsules\extracted\datasets\Normal\440.png,normal,normal,0.99979,0.99979,0.00021,True,486,470,548,532
89,3.708,31,data\real\pharmaceutical_capsules\extracted\datasets\Anomaly\469.png,defective,defective,0.999943,5.7e-05,0.999943,True,566,147,628,209
89,3.708,32,data\real\pharmaceutical_capsules\extracted\datasets\Anomaly\094.png,defective,defective,0.999814,0.000186,0.999814,True,910,306,972,368
89,3.708,33,data\real\pharmaceutical_capsules\extracted\datasets\Anomaly\273.png,defective,defective,0.99996,4e-05,0.99996,True,1133,496,1195,558
89,3.708,34,data\real\pharmaceutical_capsules\extracted\datasets\Normal\033.png,normal,normal,0.999738,0.999738,0.000262,True,333,137,395,199
89,3.708,35,data\real\pharmaceutical_capsules\extracted\datasets\Anomaly\071.png,defective,defective,0.999933,6.7e-05,0.999933,True,517,336,579,398
89,3.708,36,data\real\pharmaceutical_capsules\extracted\datasets\Normal\386.png,normal,normal,0.999792,0.999792,0.000208,True,74,488,136,550
90,3.75,1,data\real\pharmaceutical_capsules\extracted\datasets\Anomaly\316.png,defective,defective,0.999963,3.7e-05,0.999963,True,1193,138,1255,200
90,3.75,2,data\real\pharmaceutical_capsules\extracted\datasets\Normal\068.png,normal,normal,0.999773,0.999773,0.000227,True,688,310,750,372
90,3.75,3,data\real\pharmaceutical_capsules\extracted\datasets\Normal\149.png,normal,normal,0.999805,0.999805,0.000195,True,1241,501,1279,563
90,3.75,4,data\real\pharmaceutical_capsules\extracted\datasets\Anomaly\443.png,defective,defective,0.999923,7.7e-05,0.999923,True,915,138,977,200
90,3.75,5,data\real\pharmaceutical_capsules\extracted\datasets\Anomaly\221.png,defective,defective,0.999938,6.2e-05,0.999938,True,672,303,734,365
90,3.75,6,data\real\pharmaceutical_capsules\extracted\datasets\Normal\012.png,normal,normal,0.992716,0.992716,0.007284,True,11,501,73,563
90,3.75,7,data\real\pharmaceutical_capsules\extracted\datasets\Anomaly\124.png,defective,defective,0.999966,3.4e-05,0.999966,True,949,154,1011,216
90,3.75,8,data\real\pharmaceutical_capsules\extracted\datasets\Anomaly\192.png,defective,defective,0.999946,5.4e-05,0.999946,True,383,312,445,374
90,3.75,9,data\real\pharmaceutical_capsules\extracted\datasets\Normal\492.png,normal,normal,0.999762,0.999762,0.000238,True,810,476,872,538
90,3.75,10,data\real\pharmaceutical_capsules\extracted\datasets\Anomaly\351.png,defective,normal,0.671338,0.671338,0.328662,False,72,143,134,205
90,3.75,11,data\real\pharmaceutical_capsules\extracted\datasets\Normal\305.png,normal,normal,0.999814,0.999814,0.000186,True,498,324,560,386
90,3.75,12,data\real\pharmaceutical_capsules\extracted\datasets\Normal\082.png,normal,normal,0.999814,0.999814,0.000186,True,128,496,190,558
90,3.75,13,data\real\pharmaceutical_capsules\extracted\datasets\Normal\481.png,normal,normal,0.999822,0.999822,0.000178,True,340,161,402,223
90,3.75,14,data\real\pharmaceutical_capsules\extracted\datasets\Anomaly\455.png,defective,defective,0.99982,0.00018,0.99982,True,750,325,812,387
90,3.75,15,data\real\pharmaceutical_capsules\extracted\datasets\Normal\446.png,normal,normal,0.999598,0.999598,0.000402,True,0,469,59,531
90,3.75,16,data\real\pharmaceutical_capsules\extracted\datasets\Normal\067.png,normal,normal,0.999754,0.999754,0.000246,True,84,142,146,204
90,3.75,17,data\real\pharmaceutical_capsules\extracted\datasets\Normal\338.png,normal,normal,0.999837,0.999837,0.000163,True,204,326,266,388
90,3.75,18,data\real\pharmaceutical_capsules\extracted\datasets\Anomaly\140.png,defective,defective,0.99995,5e-05,0.99995,True,1188,490,1250,552
90,3.75,19,data\real\pharmaceutical_capsules\extracted\datasets\Anomaly\242.png,defective,defective,0.9999,0.0001,0.9999,True,829,154,891,216
90,3.75,20,data\real\pharmaceutical_capsules\extracted\datasets\Normal\158.png,normal,normal,0.999763,0.999763,0.000237,True,1249,306,1279,368
90,3.75,21,data\real\pharmaceutical_capsules\extracted\datasets\Anomaly\415.png,defective,defective,0.999412,0.000588,0.999412,True,594,482,656,544
90,3.75,22,data\real\pharmaceutical_capsules\extracted\datasets\Normal\427.png,normal,normal,0.99977,0.99977,0.00023,True,860,151,922,213
90,3.75,23,data\real\pharmaceutical_capsules\extracted\datasets\Normal\424.png,normal,normal,0.999628,0.999628,0.000372,True,173,305,235,367
90,3.75,24,data\real\pharmaceutical_capsules\extracted\datasets\Normal\443.png,normal,normal,0.99986,0.99986,0.00014,True,416,487,478,549
90,3.75,25,data\real\pharmaceutical_capsules\extracted\datasets\Anomaly\321.png,defective,defective,0.999956,4.4e-05,0.999956,True,459,157,521,219
90,3.75,26,data\real\pharmaceutical_capsules\extracted\datasets\Normal\403.png,normal,normal,0.999762,0.999762,0.000238,True,1014,331,1076,393
90,3.75,27,data\real\pharmaceutical_capsules\extracted\datasets\Anomaly\459.png,defective,defective,0.99997,3e-05,0.99997,True,553,501,615,563
90,3.75,28,data\real\pharmaceutical_capsules\extracted\datasets\Anomaly\137.png,defective,defective,0.999974,2.6e-05,0.999974,True,1123,162,1185,224
90,3.75,29,data\real\pharmaceutical_capsules\extracted\datasets\Anomaly\587.png,defective,defective,0.99997,3e-05,0.99997,True,371,310,433,372
90,3.75,30,data\real\pharmaceutical_capsules\extracted\datasets\Normal\440.png,normal,normal,0.99979,0.99979,0.00021,True,491,470,553,532
90,3.75,31,data\real\pharmaceutical_capsules\extracted\datasets\Anomaly\469.png,defective,defective,0.999943,5.7e-05,0.999943,True,570,147,632,209
90,3.75,32,data\real\pharmaceutical_capsules\extracted\datasets\Anomaly\094.png,defective,defective,0.999814,0.000186,0.999814,True,915,306,977,368
90,3.75,33,data\real\pharmaceutical_capsules\extracted\datasets\Anomaly\273.png,defective,defective,0.99996,4e-05,0.99996,True,1137,496,1199,558
90,3.75,34,data\real\pharmaceutical_capsules\extracted\datasets\Normal\033.png,normal,normal,0.999738,0.999738,0.000262,True,337,137,399,199
90,3.75,35,data\real\pharmaceutical_capsules\extracted\datasets\Anomaly\071.png,defective,defective,0.999933,6.7e-05,0.999933,True,521,336,583,398
90,3.75,36,data\real\pharmaceutical_capsules\extracted\datasets\Normal\386.png,normal,normal,0.999792,0.999792,0.000208,True,78,488,140,550
91,3.792,1,data\real\pharmaceutical_capsules\extracted\datasets\Anomaly\316.png,defective,defective,0.999963,3.7e-05,0.999963,True,1197,138,1259,200
91,3.792,2,data\real\pharmaceutical_capsules\extracted\datasets\Normal\068.png,normal,normal,0.999773,0.999773,0.000227,True,692,310,754,372
91,3.792,3,data\real\pharmaceutical_capsules\extracted\datasets\Normal\149.png,normal,normal,0.999805,0.999805,0.000195,True,1245,501,1279,563
91,3.792,4,data\real\pharmaceutical_capsules\extracted\datasets\Anomaly\443.png,defective,defective,0.999923,7.7e-05,0.999923,True,919,138,981,200
91,3.792,5,data\real\pharmaceutical_capsules\extracted\datasets\Anomaly\221.png,defective,defective,0.999938,6.2e-05,0.999938,True,677,303,739,365
91,3.792,6,data\real\pharmaceutical_capsules\extracted\datasets\Normal\012.png,normal,normal,0.992716,0.992716,0.007284,True,16,501,78,563
91,3.792,7,data\real\pharmaceutical_capsules\extracted\datasets\Anomaly\124.png,defective,defective,0.999966,3.4e-05,0.999966,True,954,154,1016,216
91,3.792,8,data\real\pharmaceutical_capsules\extracted\datasets\Anomaly\192.png,defective,defective,0.999946,5.4e-05,0.999946,True,387,312,449,374
91,3.792,9,data\real\pharmaceutical_capsules\extracted\datasets\Normal\492.png,normal,normal,0.999762,0.999762,0.000238,True,815,476,877,538
91,3.792,10,data\real\pharmaceutical_capsules\extracted\datasets\Anomaly\351.png,defective,normal,0.671338,0.671338,0.328662,False,76,143,138,205
91,3.792,11,data\real\pharmaceutical_capsules\extracted\datasets\Normal\305.png,normal,normal,0.999814,0.999814,0.000186,True,503,324,565,386
91,3.792,12,data\real\pharmaceutical_capsules\extracted\datasets\Normal\082.png,normal,normal,0.999814,0.999814,0.000186,True,132,496,194,558
91,3.792,13,data\real\pharmaceutical_capsules\extracted\datasets\Normal\481.png,normal,normal,0.999822,0.999822,0.000178,True,345,161,407,223
91,3.792,14,data\real\pharmaceutical_capsules\extracted\datasets\Anomaly\455.png,defective,defective,0.99982,0.00018,0.99982,True,754,325,816,387
91,3.792,15,data\real\pharmaceutical_capsules\extracted\datasets\Normal\446.png,normal,normal,0.999598,0.999598,0.000402,True,1,469,63,531
91,3.792,16,data\real\pharmaceutical_capsules\extracted\datasets\Normal\067.png,normal,normal,0.999754,0.999754,0.000246,True,89,142,151,204
91,3.792,17,data\real\pharmaceutical_capsules\extracted\datasets\Normal\338.png,normal,normal,0.999837,0.999837,0.000163,True,208,326,270,388
91,3.792,18,data\real\pharmaceutical_capsules\extracted\datasets\Anomaly\140.png,defective,defective,0.99995,5e-05,0.99995,True,1193,490,1255,552
91,3.792,19,data\real\pharmaceutical_capsules\extracted\datasets\Anomaly\242.png,defective,defective,0.9999,0.0001,0.9999,True,834,154,896,216
91,3.792,20,data\real\pharmaceutical_capsules\extracted\datasets\Normal\158.png,normal,normal,0.999763,0.999763,0.000237,True,0,306,37,368
91,3.792,21,data\real\pharmaceutical_capsules\extracted\datasets\Anomaly\415.png,defective,defective,0.999412,0.000588,0.999412,True,598,482,660,544
91,3.792,22,data\real\pharmaceutical_capsules\extracted\datasets\Normal\427.png,normal,normal,0.99977,0.99977,0.00023,True,865,151,927,213
91,3.792,23,data\real\pharmaceutical_capsules\extracted\datasets\Normal\424.png,normal,normal,0.999628,0.999628,0.000372,True,178,305,240,367
91,3.792,24,data\real\pharmaceutical_capsules\extracted\datasets\Normal\443.png,normal,normal,0.99986,0.99986,0.00014,True,420,487,482,549
91,3.792,25,data\real\pharmaceutical_capsules\extracted\datasets\Anomaly\321.png,defective,defective,0.999956,4.4e-05,0.999956,True,464,157,526,219
91,3.792,26,data\real\pharmaceutical_capsules\extracted\datasets\Normal\403.png,normal,normal,0.999762,0.999762,0.000238,True,1018,331,1080,393
91,3.792,27,data\real\pharmaceutical_capsules\extracted\datasets\Anomaly\459.png,defective,defective,0.99997,3e-05,0.99997,True,558,501,620,563
91,3.792,28,data\real\pharmaceutical_capsules\extracted\datasets\Anomaly\137.png,defective,defective,0.999974,2.6e-05,0.999974,True,1127,162,1189,224
91,3.792,29,data\real\pharmaceutical_capsules\extracted\datasets\Anomaly\587.png,defective,defective,0.99997,3e-05,0.99997,True,376,310,438,372
91,3.792,30,data\real\pharmaceutical_capsules\extracted\datasets\Normal\440.png,normal,normal,0.99979,0.99979,0.00021,True,495,470,557,532
91,3.792,31,data\real\pharmaceutical_capsules\extracted\datasets\Anomaly\469.png,defective,defective,0.999943,5.7e-05,0.999943,True,575,147,637,209
91,3.792,32,data\real\pharmaceutical_capsules\extracted\datasets\Anomaly\094.png,defective,defective,0.999814,0.000186,0.999814,True,919,306,981,368
91,3.792,33,data\real\pharmaceutical_capsules\extracted\datasets\Anomaly\273.png,defective,defective,0.99996,4e-05,0.99996,True,1142,496,1204,558
91,3.792,34,data\real\pharmaceutical_capsules\extracted\datasets\Normal\033.png,normal,normal,0.999738,0.999738,0.000262,True,342,137,404,199
91,3.792,35,data\real\pharmaceutical_capsules\extracted\datasets\Anomaly\071.png,defective,defective,0.999933,6.7e-05,0.999933,True,526,336,588,398
91,3.792,36,data\real\pharmaceutical_capsules\extracted\datasets\Normal\386.png,normal,normal,0.999792,0.999792,0.000208,True,83,488,145,550
92,3.833,1,data\real\pharmaceutical_capsules\extracted\datasets\Anomaly\316.png,defective,defective,0.999963,3.7e-05,0.999963,True,1202,138,1264,200
92,3.833,2,data\real\pharmaceutical_capsules\extracted\datasets\Normal\068.png,normal,normal,0.999773,0.999773,0.000227,True,697,310,759,372
92,3.833,3,data\real\pharmaceutical_capsules\extracted\datasets\Normal\149.png,normal,normal,0.999805,0.999805,0.000195,True,0,501,33,563
92,3.833,4,data\real\pharmaceutical_capsules\extracted\datasets\Anomaly\443.png,defective,defective,0.999923,7.7e-05,0.999923,True,924,138,986,200
92,3.833,5,data\real\pharmaceutical_capsules\extracted\datasets\Anomaly\221.png,defective,defective,0.999938,6.2e-05,0.999938,True,681,303,743,365
92,3.833,6,data\real\pharmaceutical_capsules\extracted\datasets\Normal\012.png,normal,normal,0.992716,0.992716,0.007284,True,20,501,82,563
92,3.833,7,data\real\pharmaceutical_capsules\extracted\datasets\Anomaly\124.png,defective,defective,0.999966,3.4e-05,0.999966,True,958,154,1020,216
92,3.833,8,data\real\pharmaceutical_capsules\extracted\datasets\Anomaly\192.png,defective,defective,0.999946,5.4e-05,0.999946,True,392,312,454,374
92,3.833,9,data\real\pharmaceutical_capsules\extracted\datasets\Normal\492.png,normal,normal,0.999762,0.999762,0.000238,True,819,476,881,538
92,3.833,10,data\real\pharmaceutical_capsules\extracted\datasets\Anomaly\351.png,defective,normal,0.671338,0.671338,0.328662,False,81,143,143,205
92,3.833,11,data\real\pharmaceutical_capsules\extracted\datasets\Normal\305.png,normal,normal,0.999814,0.999814,0.000186,True,507,324,569,386
92,3.833,12,data\real\pharmaceutical_capsules\extracted\datasets\Normal\082.png,normal,normal,0.999814,0.999814,0.000186,True,137,496,199,558
92,3.833,13,data\real\pharmaceutical_capsules\extracted\datasets\Normal\481.png,normal,normal,0.999822,0.999822,0.000178,True,349,161,411,223
92,3.833,14,data\real\pharmaceutical_capsules\extracted\datasets\Anomaly\455.png,defective,defective,0.99982,0.00018,0.99982,True,759,325,821,387
92,3.833,15,data\real\pharmaceutical_capsules\extracted\datasets\Normal\446.png,normal,normal,0.999598,0.999598,0.000402,True,5,469,67,531
92,3.833,16,data\real\pharmaceutical_capsules\extracted\datasets\Normal\067.png,normal,normal,0.999754,0.999754,0.000246,True,93,142,155,204
92,3.833,17,data\real\pharmaceutical_capsules\extracted\datasets\Normal\338.png,normal,normal,0.999837,0.999837,0.000163,True,213,326,275,388
92,3.833,18,data\real\pharmaceutical_capsules\extracted\datasets\Anomaly\140.png,defective,defective,0.99995,5e-05,0.99995,True,1197,490,1259,552
92,3.833,19,data\real\pharmaceutical_capsules\extracted\datasets\Anomaly\242.png,defective,defective,0.9999,0.0001,0.9999,True,838,154,900,216
92,3.833,20,data\real\pharmaceutical_capsules\extracted\datasets\Normal\158.png,normal,normal,0.999763,0.999763,0.000237,True,0,306,41,368
92,3.833,21,data\real\pharmaceutical_capsules\extracted\datasets\Anomaly\415.png,defective,defective,0.999412,0.000588,0.999412,True,603,482,665,544
92,3.833,22,data\real\pharmaceutical_capsules\extracted\datasets\Normal\427.png,normal,normal,0.99977,0.99977,0.00023,True,869,151,931,213
92,3.833,23,data\real\pharmaceutical_capsules\extracted\datasets\Normal\424.png,normal,normal,0.999628,0.999628,0.000372,True,182,305,244,367
92,3.833,24,data\real\pharmaceutical_capsules\extracted\datasets\Normal\443.png,normal,normal,0.99986,0.99986,0.00014,True,425,487,487,549
92,3.833,25,data\real\pharmaceutical_capsules\extracted\datasets\Anomaly\321.png,defective,defective,0.999956,4.4e-05,0.999956,True,468,157,530,219
92,3.833,26,data\real\pharmaceutical_capsules\extracted\datasets\Normal\403.png,normal,normal,0.999762,0.999762,0.000238,True,1023,331,1085,393
92,3.833,27,data\real\pharmaceutical_capsules\extracted\datasets\Anomaly\459.png,defective,defective,0.99997,3e-05,0.99997,True,562,501,624,563
92,3.833,28,data\real\pharmaceutical_capsules\extracted\datasets\Anomaly\137.png,defective,defective,0.999974,2.6e-05,0.999974,True,1132,162,1194,224
92,3.833,29,data\real\pharmaceutical_capsules\extracted\datasets\Anomaly\587.png,defective,defective,0.99997,3e-05,0.99997,True,380,310,442,372
92,3.833,30,data\real\pharmaceutical_capsules\extracted\datasets\Normal\440.png,normal,normal,0.99979,0.99979,0.00021,True,500,470,562,532
92,3.833,31,data\real\pharmaceutical_capsules\extracted\datasets\Anomaly\469.png,defective,defective,0.999943,5.7e-05,0.999943,True,579,147,641,209
92,3.833,32,data\real\pharmaceutical_capsules\extracted\datasets\Anomaly\094.png,defective,defective,0.999814,0.000186,0.999814,True,924,306,986,368
92,3.833,33,data\real\pharmaceutical_capsules\extracted\datasets\Anomaly\273.png,defective,defective,0.99996,4e-05,0.99996,True,1146,496,1208,558
92,3.833,34,data\real\pharmaceutical_capsules\extracted\datasets\Normal\033.png,normal,normal,0.999738,0.999738,0.000262,True,346,137,408,199
92,3.833,35,data\real\pharmaceutical_capsules\extracted\datasets\Anomaly\071.png,defective,defective,0.999933,6.7e-05,0.999933,True,530,336,592,398
92,3.833,36,data\real\pharmaceutical_capsules\extracted\datasets\Normal\386.png,normal,normal,0.999792,0.999792,0.000208,True,87,488,149,550
93,3.875,1,data\real\pharmaceutical_capsules\extracted\datasets\Anomaly\316.png,defective,defective,0.999963,3.7e-05,0.999963,True,1206,138,1268,200
93,3.875,2,data\real\pharmaceutical_capsules\extracted\datasets\Normal\068.png,normal,normal,0.999773,0.999773,0.000227,True,701,310,763,372
93,3.875,3,data\real\pharmaceutical_capsules\extracted\datasets\Normal\149.png,normal,normal,0.999805,0.999805,0.000195,True,0,501,37,563
93,3.875,4,data\real\pharmaceutical_capsules\extracted\datasets\Anomaly\443.png,defective,defective,0.999923,7.7e-05,0.999923,True,928,138,990,200
93,3.875,5,data\real\pharmaceutical_capsules\extracted\datasets\Anomaly\221.png,defective,defective,0.999938,6.2e-05,0.999938,True,686,303,748,365
93,3.875,6,data\real\pharmaceutical_capsules\extracted\datasets\Normal\012.png,normal,normal,0.992716,0.992716,0.007284,True,25,501,87,563
93,3.875,7,data\real\pharmaceutical_capsules\extracted\datasets\Anomaly\124.png,defective,defective,0.999966,3.4e-05,0.999966,True,963,154,1025,216
93,3.875,8,data\real\pharmaceutical_capsules\extracted\datasets\Anomaly\192.png,defective,defective,0.999946,5.4e-05,0.999946,True,396,312,458,374
93,3.875,9,data\real\pharmaceutical_capsules\extracted\datasets\Normal\492.png,normal,normal,0.999762,0.999762,0.000238,True,824,476,886,538
93,3.875,10,data\real\pharmaceutical_capsules\extracted\datasets\Anomaly\351.png,defective,normal,0.671338,0.671338,0.328662,False,85,143,147,205
93,3.875,11,data\real\pharmaceutical_capsules\extracted\datasets\Normal\305.png,normal,normal,0.999814,0.999814,0.000186,True,512,324,574,386
93,3.875,12,data\real\pharmaceutical_capsules\extracted\datasets\Normal\082.png,normal,normal,0.999814,0.999814,0.000186,True,141,496,203,558
93,3.875,13,data\real\pharmaceutical_capsules\extracted\datasets\Normal\481.png,normal,normal,0.999822,0.999822,0.000178,True,354,161,416,223
93,3.875,14,data\real\pharmaceutical_capsules\extracted\datasets\Anomaly\455.png,defective,defective,0.99982,0.00018,0.99982,True,763,325,825,387
93,3.875,15,data\real\pharmaceutical_capsules\extracted\datasets\Normal\446.png,normal,normal,0.999598,0.999598,0.000402,True,10,469,72,531
93,3.875,16,data\real\pharmaceutical_capsules\extracted\datasets\Normal\067.png,normal,normal,0.999754,0.999754,0.000246,True,98,142,160,204
93,3.875,17,data\real\pharmaceutical_capsules\extracted\datasets\Normal\338.png,normal,normal,0.999837,0.999837,0.000163,True,217,326,279,388
93,3.875,18,data\real\pharmaceutical_capsules\extracted\datasets\Anomaly\140.png,defective,defective,0.99995,5e-05,0.99995,True,1202,490,1264,552
93,3.875,19,data\real\pharmaceutical_capsules\extracted\datasets\Anomaly\242.png,defective,defective,0.9999,0.0001,0.9999,True,843,154,905,216
93,3.875,20,data\real\pharmaceutical_capsules\extracted\datasets\Normal\158.png,normal,normal,0.999763,0.999763,0.000237,True,0,306,46,368
93,3.875,21,data\real\pharmaceutical_capsules\extracted\datasets\Anomaly\415.png,defective,defective,0.999412,0.000588,0.999412,True,607,482,669,544
93,3.875,22,data\real\pharmaceutical_capsules\extracted\datasets\Normal\427.png,normal,normal,0.99977,0.99977,0.00023,True,874,151,936,213
93,3.875,23,data\real\pharmaceutical_capsules\extracted\datasets\Normal\424.png,normal,normal,0.999628,0.999628,0.000372,True,187,305,249,367
93,3.875,24,data\real\pharmaceutical_capsules\extracted\datasets\Normal\443.png,normal,normal,0.99986,0.99986,0.00014,True,429,487,491,549
93,3.875,25,data\real\pharmaceutical_capsules\extracted\datasets\Anomaly\321.png,defective,defective,0.999956,4.4e-05,0.999956,True,473,157,535,219
93,3.875,26,data\real\pharmaceutical_capsules\extracted\datasets\Normal\403.png,normal,normal,0.999762,0.999762,0.000238,True,1027,331,1089,393
93,3.875,27,data\real\pharmaceutical_capsules\extracted\datasets\Anomaly\459.png,defective,defective,0.99997,3e-05,0.99997,True,567,501,629,563
93,3.875,28,data\real\pharmaceutical_capsules\extracted\datasets\Anomaly\137.png,defective,defective,0.999974,2.6e-05,0.999974,True,1136,162,1198,224
93,3.875,29,data\real\pharmaceutical_capsules\extracted\datasets\Anomaly\587.png,defective,defective,0.99997,3e-05,0.99997,True,385,310,447,372
93,3.875,30,data\real\pharmaceutical_capsules\extracted\datasets\Normal\440.png,normal,normal,0.99979,0.99979,0.00021,True,504,470,566,532
93,3.875,31,data\real\pharmaceutical_capsules\extracted\datasets\Anomaly\469.png,defective,defective,0.999943,5.7e-05,0.999943,True,584,147,646,209
93,3.875,32,data\real\pharmaceutical_capsules\extracted\datasets\Anomaly\094.png,defective,defective,0.999814,0.000186,0.999814,True,928,306,990,368
93,3.875,33,data\real\pharmaceutical_capsules\extracted\datasets\Anomaly\273.png,defective,defective,0.99996,4e-05,0.99996,True,1151,496,1213,558
93,3.875,34,data\real\pharmaceutical_capsules\extracted\datasets\Normal\033.png,normal,normal,0.999738,0.999738,0.000262,True,351,137,413,199
93,3.875,35,data\real\pharmaceutical_capsules\extracted\datasets\Anomaly\071.png,defective,defective,0.999933,6.7e-05,0.999933,True,535,336,597,398
93,3.875,36,data\real\pharmaceutical_capsules\extracted\datasets\Normal\386.png,normal,normal,0.999792,0.999792,0.000208,True,92,488,154,550
94,3.917,1,data\real\pharmaceutical_capsules\extracted\datasets\Anomaly\316.png,defective,defective,0.999963,3.7e-05,0.999963,True,1211,138,1273,200
94,3.917,2,data\real\pharmaceutical_capsules\extracted\datasets\Normal\068.png,normal,normal,0.999773,0.999773,0.000227,True,706,310,768,372
94,3.917,3,data\real\pharmaceutical_capsules\extracted\datasets\Normal\149.png,normal,normal,0.999805,0.999805,0.000195,True,0,501,42,563
94,3.917,4,data\real\pharmaceutical_capsules\extracted\datasets\Anomaly\443.png,defective,defective,0.999923,7.7e-05,0.999923,True,933,138,995,200
94,3.917,5,data\real\pharmaceutical_capsules\extracted\datasets\Anomaly\221.png,defective,defective,0.999938,6.2e-05,0.999938,True,690,303,752,365
94,3.917,6,data\real\pharmaceutical_capsules\extracted\datasets\Normal\012.png,normal,normal,0.992716,0.992716,0.007284,True,29,501,91,563
94,3.917,7,data\real\pharmaceutical_capsules\extracted\datasets\Anomaly\124.png,defective,defective,0.999966,3.4e-05,0.999966,True,967,154,1029,216
94,3.917,8,data\real\pharmaceutical_capsules\extracted\datasets\Anomaly\192.png,defective,defective,0.999946,5.4e-05,0.999946,True,401,312,463,374
94,3.917,9,data\real\pharmaceutical_capsules\extracted\datasets\Normal\492.png,normal,normal,0.999762,0.999762,0.000238,True,828,476,890,538
94,3.917,10,data\real\pharmaceutical_capsules\extracted\datasets\Anomaly\351.png,defective,normal,0.671338,0.671338,0.328662,False,90,143,152,205
94,3.917,11,data\real\pharmaceutical_capsules\extracted\datasets\Normal\305.png,normal,normal,0.999814,0.999814,0.000186,True,516,324,578,386
94,3.917,12,data\real\pharmaceutical_capsules\extracted\datasets\Normal\082.png,normal,normal,0.999814,0.999814,0.000186,True,146,496,208,558
94,3.917,13,data\real\pharmaceutical_capsules\extracted\datasets\Normal\481.png,normal,normal,0.999822,0.999822,0.000178,True,358,161,420,223
94,3.917,14,data\real\pharmaceutical_capsules\extracted\datasets\Anomaly\455.png,defective,defective,0.99982,0.00018,0.99982,True,768,325,830,387
94,3.917,15,data\real\pharmaceutical_capsules\extracted\datasets\Normal\446.png,normal,normal,0.999598,0.999598,0.000402,True,14,469,76,531
94,3.917,16,data\real\pharmaceutical_capsules\extracted\datasets\Normal\067.png,normal,normal,0.999754,0.999754,0.000246,True,102,142,164,204
94,3.917,17,data\real\pharmaceutical_capsules\extracted\datasets\Normal\338.png,normal,normal,0.999837,0.999837,0.000163,True,222,326,284,388
94,3.917,18,data\real\pharmaceutical_capsules\extracted\datasets\Anomaly\140.png,defective,defective,0.99995,5e-05,0.99995,True,1206,490,1268,552
94,3.917,19,data\real\pharmaceutical_capsules\extracted\datasets\Anomaly\242.png,defective,defective,0.9999,0.0001,0.9999,True,847,154,909,216
94,3.917,20,data\real\pharmaceutical_capsules\extracted\datasets\Normal\158.png,normal,normal,0.999763,0.999763,0.000237,True,0,306,50,368
94,3.917,21,data\real\pharmaceutical_capsules\extracted\datasets\Anomaly\415.png,defective,defective,0.999412,0.000588,0.999412,True,612,482,674,544
94,3.917,22,data\real\pharmaceutical_capsules\extracted\datasets\Normal\427.png,normal,normal,0.99977,0.99977,0.00023,True,878,151,940,213
94,3.917,23,data\real\pharmaceutical_capsules\extracted\datasets\Normal\424.png,normal,normal,0.999628,0.999628,0.000372,True,191,305,253,367
94,3.917,24,data\real\pharmaceutical_capsules\extracted\datasets\Normal\443.png,normal,normal,0.99986,0.99986,0.00014,True,434,487,496,549
94,3.917,25,data\real\pharmaceutical_capsules\extracted\datasets\Anomaly\321.png,defective,defective,0.999956,4.4e-05,0.999956,True,477,157,539,219
94,3.917,26,data\real\pharmaceutical_capsules\extracted\datasets\Normal\403.png,normal,normal,0.999762,0.999762,0.000238,True,1032,331,1094,393
94,3.917,27,data\real\pharmaceutical_capsules\extracted\datasets\Anomaly\459.png,defective,defective,0.99997,3e-05,0.99997,True,571,501,633,563
94,3.917,28,data\real\pharmaceutical_capsules\extracted\datasets\Anomaly\137.png,defective,defective,0.999974,2.6e-05,0.999974,True,1141,162,1203,224
94,3.917,29,data\real\pharmaceutical_capsules\extracted\datasets\Anomaly\587.png,defective,defective,0.99997,3e-05,0.99997,True,389,310,451,372
94,3.917,30,data\real\pharmaceutical_capsules\extracted\datasets\Normal\440.png,normal,normal,0.99979,0.99979,0.00021,True,509,470,571,532
94,3.917,31,data\real\pharmaceutical_capsules\extracted\datasets\Anomaly\469.png,defective,defective,0.999943,5.7e-05,0.999943,True,588,147,650,209
94,3.917,32,data\real\pharmaceutical_capsules\extracted\datasets\Anomaly\094.png,defective,defective,0.999814,0.000186,0.999814,True,933,306,995,368
94,3.917,33,data\real\pharmaceutical_capsules\extracted\datasets\Anomaly\273.png,defective,defective,0.99996,4e-05,0.99996,True,1155,496,1217,558
94,3.917,34,data\real\pharmaceutical_capsules\extracted\datasets\Normal\033.png,normal,normal,0.999738,0.999738,0.000262,True,355,137,417,199
94,3.917,35,data\real\pharmaceutical_capsules\extracted\datasets\Anomaly\071.png,defective,defective,0.999933,6.7e-05,0.999933,True,539,336,601,398
94,3.917,36,data\real\pharmaceutical_capsules\extracted\datasets\Normal\386.png,normal,normal,0.999792,0.999792,0.000208,True,96,488,158,550
95,3.958,1,data\real\pharmaceutical_capsules\extracted\datasets\Anomaly\316.png,defective,defective,0.999963,3.7e-05,0.999963,True,1215,138,1277,200
95,3.958,2,data\real\pharmaceutical_capsules\extracted\datasets\Normal\068.png,normal,normal,0.999773,0.999773,0.000227,True,710,310,772,372
95,3.958,3,data\real\pharmaceutical_capsules\extracted\datasets\Normal\149.png,normal,normal,0.999805,0.999805,0.000195,True,0,501,46,563
95,3.958,4,data\real\pharmaceutical_capsules\extracted\datasets\Anomaly\443.png,defective,defective,0.999923,7.7e-05,0.999923,True,937,138,999,200
95,3.958,5,data\real\pharmaceutical_capsules\extracted\datasets\Anomaly\221.png,defective,defective,0.999938,6.2e-05,0.999938,True,695,303,757,365
95,3.958,6,data\real\pharmaceutical_capsules\extracted\datasets\Normal\012.png,normal,normal,0.992716,0.992716,0.007284,True,34,501,96,563
95,3.958,7,data\real\pharmaceutical_capsules\extracted\datasets\Anomaly\124.png,defective,defective,0.999966,3.4e-05,0.999966,True,972,154,1034,216
95,3.958,8,data\real\pharmaceutical_capsules\extracted\datasets\Anomaly\192.png,defective,defective,0.999946,5.4e-05,0.999946,True,405,312,467,374
95,3.958,9,data\real\pharmaceutical_capsules\extracted\datasets\Normal\492.png,normal,normal,0.999762,0.999762,0.000238,True,833,476,895,538
95,3.958,10,data\real\pharmaceutical_capsules\extracted\datasets\Anomaly\351.png,defective,normal,0.671338,0.671338,0.328662,False,94,143,156,205
95,3.958,11,data\real\pharmaceutical_capsules\extracted\datasets\Normal\305.png,normal,normal,0.999814,0.999814,0.000186,True,521,324,583,386
95,3.958,12,data\real\pharmaceutical_capsules\extracted\datasets\Normal\082.png,normal,normal,0.999814,0.999814,0.000186,True,150,496,212,558
95,3.958,13,data\real\pharmaceutical_capsules\extracted\datasets\Normal\481.png,normal,normal,0.999822,0.999822,0.000178,True,363,161,425,223
95,3.958,14,data\real\pharmaceutical_capsules\extracted\datasets\Anomaly\455.png,defective,defective,0.99982,0.00018,0.99982,True,772,325,834,387
95,3.958,15,data\real\pharmaceutical_capsules\extracted\datasets\Normal\446.png,normal,normal,0.999598,0.999598,0.000402,True,19,469,81,531
95,3.958,16,data\real\pharmaceutical_capsules\extracted\datasets\Normal\067.png,normal,normal,0.999754,0.999754,0.000246,True,107,142,169,204
95,3.958,17,data\real\pharmaceutical_capsules\extracted\datasets\Normal\338.png,normal,normal,0.999837,0.999837,0.000163,True,226,326,288,388
95,3.958,18,data\real\pharmaceutical_capsules\extracted\datasets\Anomaly\140.png,defective,defective,0.99995,5e-05,0.99995,True,1211,490,1273,552
95,3.958,19,data\real\pharmaceutical_capsules\extracted\datasets\Anomaly\242.png,defective,defective,0.9999,0.0001,0.9999,True,852,154,914,216
95,3.958,20,data\real\pharmaceutical_capsules\extracted\datasets\Normal\158.png,normal,normal,0.999763,0.999763,0.000237,True,0,306,55,368
95,3.958,21,data\real\pharmaceutical_capsules\extracted\datasets\Anomaly\415.png,defective,defective,0.999412,0.000588,0.999412,True,616,482,678,544
95,3.958,22,data\real\pharmaceutical_capsules\extracted\datasets\Normal\427.png,normal,normal,0.99977,0.99977,0.00023,True,883,151,945,213
95,3.958,23,data\real\pharmaceutical_capsules\extracted\datasets\Normal\424.png,normal,normal,0.999628,0.999628,0.000372,True,196,305,258,367
95,3.958,24,data\real\pharmaceutical_capsules\extracted\datasets\Normal\443.png,normal,normal,0.99986,0.99986,0.00014,True,438,487,500,549
95,3.958,25,data\real\pharmaceutical_capsules\extracted\datasets\Anomaly\321.png,defective,defective,0.999956,4.4e-05,0.999956,True,482,157,544,219
95,3.958,26,data\real\pharmaceutical_capsules\extracted\datasets\Normal\403.png,normal,normal,0.999762,0.999762,0.000238,True,1036,331,1098,393
95,3.958,27,data\real\pharmaceutical_capsules\extracted\datasets\Anomaly\459.png,defective,defective,0.99997,3e-05,0.99997,True,576,501,638,563
95,3.958,28,data\real\pharmaceutical_capsules\extracted\datasets\Anomaly\137.png,defective,defective,0.999974,2.6e-05,0.999974,True,1145,162,1207,224
95,3.958,29,data\real\pharmaceutical_capsules\extracted\datasets\Anomaly\587.png,defective,defective,0.99997,3e-05,0.99997,True,394,310,456,372
95,3.958,30,data\real\pharmaceutical_capsules\extracted\datasets\Normal\440.png,normal,normal,0.99979,0.99979,0.00021,True,513,470,575,532
95,3.958,31,data\real\pharmaceutical_capsules\extracted\datasets\Anomaly\469.png,defective,defective,0.999943,5.7e-05,0.999943,True,593,147,655,209
95,3.958,32,data\real\pharmaceutical_capsules\extracted\datasets\Anomaly\094.png,defective,defective,0.999814,0.000186,0.999814,True,937,306,999,368
95,3.958,33,data\real\pharmaceutical_capsules\extracted\datasets\Anomaly\273.png,defective,defective,0.99996,4e-05,0.99996,True,1160,496,1222,558
95,3.958,34,data\real\pharmaceutical_capsules\extracted\datasets\Normal\033.png,normal,normal,0.999738,0.999738,0.000262,True,360,137,422,199
95,3.958,35,data\real\pharmaceutical_capsules\extracted\datasets\Anomaly\071.png,defective,defective,0.999933,6.7e-05,0.999933,True,544,336,606,398
95,3.958,36,data\real\pharmaceutical_capsules\extracted\datasets\Normal\386.png,normal,normal,0.999792,0.999792,0.000208,True,101,488,163,550
96,4.0,1,data\real\pharmaceutical_capsules\extracted\datasets\Anomaly\316.png,defective,defective,0.999963,3.7e-05,0.999963,True,1220,138,1279,200
96,4.0,2,data\real\pharmaceutical_capsules\extracted\datasets\Normal\068.png,normal,normal,0.999773,0.999773,0.000227,True,715,310,777,372
96,4.0,3,data\real\pharmaceutical_capsules\extracted\datasets\Normal\149.png,normal,normal,0.999805,0.999805,0.000195,True,0,501,51,563
96,4.0,4,data\real\pharmaceutical_capsules\extracted\datasets\Anomaly\443.png,defective,defective,0.999923,7.7e-05,0.999923,True,942,138,1004,200
96,4.0,5,data\real\pharmaceutical_capsules\extracted\datasets\Anomaly\221.png,defective,defective,0.999938,6.2e-05,0.999938,True,699,303,761,365
96,4.0,6,data\real\pharmaceutical_capsules\extracted\datasets\Normal\012.png,normal,normal,0.992716,0.992716,0.007284,True,38,501,100,563
96,4.0,7,data\real\pharmaceutical_capsules\extracted\datasets\Anomaly\124.png,defective,defective,0.999966,3.4e-05,0.999966,True,976,154,1038,216
96,4.0,8,data\real\pharmaceutical_capsules\extracted\datasets\Anomaly\192.png,defective,defective,0.999946,5.4e-05,0.999946,True,410,312,472,374
96,4.0,9,data\real\pharmaceutical_capsules\extracted\datasets\Normal\492.png,normal,normal,0.999762,0.999762,0.000238,True,837,476,899,538
96,4.0,10,data\real\pharmaceutical_capsules\extracted\datasets\Anomaly\351.png,defective,normal,0.671338,0.671338,0.328662,False,99,143,161,205
96,4.0,11,data\real\pharmaceutical_capsules\extracted\datasets\Normal\305.png,normal,normal,0.999814,0.999814,0.000186,True,525,324,587,386
96,4.0,12,data\real\pharmaceutical_capsules\extracted\datasets\Normal\082.png,normal,normal,0.999814,0.999814,0.000186,True,155,496,217,558
96,4.0,13,data\real\pharmaceutical_capsules\extracted\datasets\Normal\481.png,normal,normal,0.999822,0.999822,0.000178,True,367,161,429,223
96,4.0,14,data\real\pharmaceutical_capsules\extracted\datasets\Anomaly\455.png,defective,defective,0.99982,0.00018,0.99982,True,777,325,839,387
96,4.0,15,data\real\pharmaceutical_capsules\extracted\datasets\Normal\446.png,normal,normal,0.999598,0.999598,0.000402,True,23,469,85,531
96,4.0,16,data\real\pharmaceutical_capsules\extracted\datasets\Normal\067.png,normal,normal,0.999754,0.999754,0.000246,True,111,142,173,204
96,4.0,17,data\real\pharmaceutical_capsules\extracted\datasets\Normal\338.png,normal,normal,0.999837,0.999837,0.000163,True,231,326,293,388
96,4.0,18,data\real\pharmaceutical_capsules\extracted\datasets\Anomaly\140.png,defective,defective,0.99995,5e-05,0.99995,True,1215,490,1277,552
96,4.0,19,data\real\pharmaceutical_capsules\extracted\datasets\Anomaly\242.png,defective,defective,0.9999,0.0001,0.9999,True,856,154,918,216
96,4.0,20,data\real\pharmaceutical_capsules\extracted\datasets\Normal\158.png,normal,normal,0.999763,0.999763,0.000237,True,0,306,59,368
96,4.0,21,data\real\pharmaceutical_capsules\extracted\datasets\Anomaly\415.png,defective,defective,0.999412,0.000588,0.999412,True,621,482,683,544
96,4.0,22,data\real\pharmaceutical_capsules\extracted\datasets\Normal\427.png,normal,normal,0.99977,0.99977,0.00023,True,887,151,949,213
96,4.0,23,data\real\pharmaceutical_capsules\extracted\datasets\Normal\424.png,normal,normal,0.999628,0.999628,0.000372,True,200,305,262,367
96,4.0,24,data\real\pharmaceutical_capsules\extracted\datasets\Normal\443.png,normal,normal,0.99986,0.99986,0.00014,True,443,487,505,549
96,4.0,25,data\real\pharmaceutical_capsules\extracted\datasets\Anomaly\321.png,defective,defective,0.999956,4.4e-05,0.999956,True,486,157,548,219
96,4.0,26,data\real\pharmaceutical_capsules\extracted\datasets\Normal\403.png,normal,normal,0.999762,0.999762,0.000238,True,1041,331,1103,393
96,4.0,27,data\real\pharmaceutical_capsules\extracted\datasets\Anomaly\459.png,defective,defective,0.99997,3e-05,0.99997,True,580,501,642,563
96,4.0,28,data\real\pharmaceutical_capsules\extracted\datasets\Anomaly\137.png,defective,defective,0.999974,2.6e-05,0.999974,True,1150,162,1212,224
96,4.0,29,data\real\pharmaceutical_capsules\extracted\datasets\Anomaly\587.png,defective,defective,0.99997,3e-05,0.99997,True,398,310,460,372
96,4.0,30,data\real\pharmaceutical_capsules\extracted\datasets\Normal\440.png,normal,normal,0.99979,0.99979,0.00021,True,518,470,580,532
96,4.0,31,data\real\pharmaceutical_capsules\extracted\datasets\Anomaly\469.png,defective,defective,0.999943,5.7e-05,0.999943,True,597,147,659,209
96,4.0,32,data\real\pharmaceutical_capsules\extracted\datasets\Anomaly\094.png,defective,defective,0.999814,0.000186,0.999814,True,942,306,1004,368
96,4.0,33,data\real\pharmaceutical_capsules\extracted\datasets\Anomaly\273.png,defective,defective,0.99996,4e-05,0.99996,True,1164,496,1226,558
96,4.0,34,data\real\pharmaceutical_capsules\extracted\datasets\Normal\033.png,normal,normal,0.999738,0.999738,0.000262,True,364,137,426,199
96,4.0,35,data\real\pharmaceutical_capsules\extracted\datasets\Anomaly\071.png,defective,defective,0.999933,6.7e-05,0.999933,True,548,336,610,398
96,4.0,36,data\real\pharmaceutical_capsules\extracted\datasets\Normal\386.png,normal,normal,0.999792,0.999792,0.000208,True,105,488,167,550
97,4.042,1,data\real\pharmaceutical_capsules\extracted\datasets\Anomaly\316.png,defective,defective,0.999963,3.7e-05,0.999963,True,1224,138,1279,200
97,4.042,2,data\real\pharmaceutical_capsules\extracted\datasets\Normal\068.png,normal,normal,0.999773,0.999773,0.000227,True,719,310,781,372
97,4.042,3,data\real\pharmaceutical_capsules\extracted\datasets\Normal\149.png,normal,normal,0.999805,0.999805,0.000195,True,0,501,55,563
97,4.042,4,data\real\pharmaceutical_capsules\extracted\datasets\Anomaly\443.png,defective,defective,0.999923,7.7e-05,0.999923,True,946,138,1008,200
97,4.042,5,data\real\pharmaceutical_capsules\extracted\datasets\Anomaly\221.png,defective,defective,0.999938,6.2e-05,0.999938,True,704,303,766,365
97,4.042,6,data\real\pharmaceutical_capsules\extracted\datasets\Normal\012.png,normal,normal,0.992716,0.992716,0.007284,True,43,501,105,563
97,4.042,7,data\real\pharmaceutical_capsules\extracted\datasets\Anomaly\124.png,defective,defective,0.999966,3.4e-05,0.999966,True,981,154,1043,216
97,4.042,8,data\real\pharmaceutical_capsules\extracted\datasets\Anomaly\192.png,defective,defective,0.999946,5.4e-05,0.999946,True,414,312,476,374
97,4.042,9,data\real\pharmaceutical_capsules\extracted\datasets\Normal\492.png,normal,normal,0.999762,0.999762,0.000238,True,842,476,904,538
97,4.042,10,data\real\pharmaceutical_capsules\extracted\datasets\Anomaly\351.png,defective,normal,0.671338,0.671338,0.328662,False,103,143,165,205
97,4.042,11,data\real\pharmaceutical_capsules\extracted\datasets\Normal\305.png,normal,normal,0.999814,0.999814,0.000186,True,530,324,592,386
97,4.042,12,data\real\pharmaceutical_capsules\extracted\datasets\Normal\082.png,normal,normal,0.999814,0.999814,0.000186,True,159,496,221,558
97,4.042,13,data\real\pharmaceutical_capsules\extracted\datasets\Normal\481.png,normal,normal,0.999822,0.999822,0.000178,True,372,161,434,223
97,4.042,14,data\real\pharmaceutical_capsules\extracted\datasets\Anomaly\455.png,defective,defective,0.99982,0.00018,0.99982,True,781,325,843,387
97,4.042,15,data\real\pharmaceutical_capsules\extracted\datasets\Normal\446.png,normal,normal,0.999598,0.999598,0.000402,True,28,469,90,531
97,4.042,16,data\real\pharmaceutical_capsules\extracted\datasets\Normal\067.png,normal,normal,0.999754,0.999754,0.000246,True,116,142,178,204
97,4.042,17,data\real\pharmaceutical_capsules\extracted\datasets\Normal\338.png,normal,normal,0.999837,0.999837,0.000163,True,235,326,297,388
97,4.042,18,data\real\pharmaceutical_capsules\extracted\datasets\Anomaly\140.png,defective,defective,0.99995,5e-05,0.99995,True,1220,490,1279,552
97,4.042,19,data\real\pharmaceutical_capsules\extracted\datasets\Anomaly\242.png,defective,defective,0.9999,0.0001,0.9999,True,861,154,923,216
97,4.042,20,data\real\pharmaceutical_capsules\extracted\datasets\Normal\158.png,normal,normal,0.999763,0.999763,0.000237,True,1,306,63,368
97,4.042,21,data\real\pharmaceutical_capsules\extracted\datasets\Anomaly\415.png,defective,defective,0.999412,0.000588,0.999412,True,625,482,687,544
97,4.042,22,data\real\pharmaceutical_capsules\extracted\datasets\Normal\427.png,normal,normal,0.99977,0.99977,0.00023,True,892,151,954,213
97,4.042,23,data\real\pharmaceutical_capsules\extracted\datasets\Normal\424.png,normal,normal,0.999628,0.999628,0.000372,True,205,305,267,367
97,4.042,24,data\real\pharmaceutical_capsules\extracted\datasets\Normal\443.png,normal,normal,0.99986,0.99986,0.00014,True,447,487,509,549
97,4.042,25,data\real\pharmaceutical_capsules\extracted\datasets\Anomaly\321.png,defective,defective,0.999956,4.4e-05,0.999956,True,491,157,553,219
97,4.042,26,data\real\pharmaceutical_capsules\extracted\datasets\Normal\403.png,normal,normal,0.999762,0.999762,0.000238,True,1045,331,1107,393
97,4.042,27,data\real\pharmaceutical_capsules\extracted\datasets\Anomaly\459.png,defective,defective,0.99997,3e-05,0.99997,True,585,501,647,563
97,4.042,28,data\real\pharmaceutical_capsules\extracted\datasets\Anomaly\137.png,defective,defective,0.999974,2.6e-05,0.999974,True,1154,162,1216,224
97,4.042,29,data\real\pharmaceutical_capsules\extracted\datasets\Anomaly\587.png,defective,defective,0.99997,3e-05,0.99997,True,403,310,465,372
97,4.042,30,data\real\pharmaceutical_capsules\extracted\datasets\Normal\440.png,normal,normal,0.99979,0.99979,0.00021,True,522,470,584,532
97,4.042,31,data\real\pharmaceutical_capsules\extracted\datasets\Anomaly\469.png,defective,defective,0.999943,5.7e-05,0.999943,True,602,147,664,209
97,4.042,32,data\real\pharmaceutical_capsules\extracted\datasets\Anomaly\094.png,defective,defective,0.999814,0.000186,0.999814,True,946,306,1008,368
97,4.042,33,data\real\pharmaceutical_capsules\extracted\datasets\Anomaly\273.png,defective,defective,0.99996,4e-05,0.99996,True,1169,496,1231,558
97,4.042,34,data\real\pharmaceutical_capsules\extracted\datasets\Normal\033.png,normal,normal,0.999738,0.999738,0.000262,True,369,137,431,199
97,4.042,35,data\real\pharmaceutical_capsules\extracted\datasets\Anomaly\071.png,defective,defective,0.999933,6.7e-05,0.999933,True,553,336,615,398
97,4.042,36,data\real\pharmaceutical_capsules\extracted\datasets\Normal\386.png,normal,normal,0.999792,0.999792,0.000208,True,110,488,172,550
98,4.083,1,data\real\pharmaceutical_capsules\extracted\datasets\Anomaly\316.png,defective,defective,0.999963,3.7e-05,0.999963,True,1229,138,1279,200
98,4.083,2,data\real\pharmaceutical_capsules\extracted\datasets\Normal\068.png,normal,normal,0.999773,0.999773,0.000227,True,724,310,786,372
98,4.083,3,data\real\pharmaceutical_capsules\extracted\datasets\Normal\149.png,normal,normal,0.999805,0.999805,0.000195,True,0,501,60,563
98,4.083,4,data\real\pharmaceutical_capsules\extracted\datasets\Anomaly\443.png,defective,defective,0.999923,7.7e-05,0.999923,True,951,138,1013,200
98,4.083,5,data\real\pharmaceutical_capsules\extracted\datasets\Anomaly\221.png,defective,defective,0.999938,6.2e-05,0.999938,True,708,303,770,365
98,4.083,6,data\real\pharmaceutical_capsules\extracted\datasets\Normal\012.png,normal,normal,0.992716,0.992716,0.007284,True,47,501,109,563
98,4.083,7,data\real\pharmaceutical_capsules\extracted\datasets\Anomaly\124.png,defective,defective,0.999966,3.4e-05,0.999966,True,985,154,1047,216
98,4.083,8,data\real\pharmaceutical_capsules\extracted\datasets\Anomaly\192.png,defective,defective,0.999946,5.4e-05,0.999946,True,419,312,481,374
98,4.083,9,data\real\pharmaceutical_capsules\extracted\datasets\Normal\492.png,normal,normal,0.999762,0.999762,0.000238,True,846,476,908,538
98,4.083,10,data\real\pharmaceutical_capsules\extracted\datasets\Anomaly\351.png,defective,normal,0.671338,0.671338,0.328662,False,108,143,170,205
98,4.083,11,data\real\pharmaceutical_capsules\extracted\datasets\Normal\305.png,normal,normal,0.999814,0.999814,0.000186,True,534,324,596,386
98,4.083,12,data\real\pharmaceutical_capsules\extracted\datasets\Normal\082.png,normal,normal,0.999814,0.999814,0.000186,True,164,496,226,558
98,4.083,13,data\real\pharmaceutical_capsules\extracted\datasets\Normal\481.png,normal,normal,0.999822,0.999822,0.000178,True,376,161,438,223
98,4.083,14,data\real\pharmaceutical_capsules\extracted\datasets\Anomaly\455.png,defective,defective,0.99982,0.00018,0.99982,True,786,325,848,387
98,4.083,15,data\real\pharmaceutical_capsules\extracted\datasets\Normal\446.png,normal,normal,0.999598,0.999598,0.000402,True,32,469,94,531
98,4.083,16,data\real\pharmaceutical_capsules\extracted\datasets\Normal\067.png,normal,normal,0.999754,0.999754,0.000246,True,120,142,182,204
98,4.083,17,data\real\pharmaceutical_capsules\extracted\datasets\Normal\338.png,normal,normal,0.999837,0.999837,0.000163,True,240,326,302,388
98,4.083,18,data\real\pharmaceutical_capsules\extracted\datasets\Anomaly\140.png,defective,defective,0.99995,5e-05,0.99995,True,1224,490,1279,552
98,4.083,19,data\real\pharmaceutical_capsules\extracted\datasets\Anomaly\242.png,defective,defective,0.9999,0.0001,0.9999,True,865,154,927,216
98,4.083,20,data\real\pharmaceutical_capsules\extracted\datasets\Normal\158.png,normal,normal,0.999763,0.999763,0.000237,True,5,306,67,368
98,4.083,21,data\real\pharmaceutical_capsules\extracted\datasets\Anomaly\415.png,defective,defective,0.999412,0.000588,0.999412,True,630,482,692,544
98,4.083,22,data\real\pharmaceutical_capsules\extracted\datasets\Normal\427.png,normal,normal,0.99977,0.99977,0.00023,True,896,151,958,213
98,4.083,23,data\real\pharmaceutical_capsules\extracted\datasets\Normal\424.png,normal,normal,0.999628,0.999628,0.000372,True,209,305,271,367
98,4.083,24,data\real\pharmaceutical_capsules\extracted\datasets\Normal\443.png,normal,normal,0.99986,0.99986,0.00014,True,452,487,514,549
98,4.083,25,data\real\pharmaceutical_capsules\extracted\datasets\Anomaly\321.png,defective,defective,0.999956,4.4e-05,0.999956,True,495,157,557,219
98,4.083,26,data\real\pharmaceutical_capsules\extracted\datasets\Normal\403.png,normal,normal,0.999762,0.999762,0.000238,True,1050,331,1112,393
98,4.083,27,data\real\pharmaceutical_capsules\extracted\datasets\Anomaly\459.png,defective,defective,0.99997,3e-05,0.99997,True,589,501,651,563
98,4.083,28,data\real\pharmaceutical_capsules\extracted\datasets\Anomaly\137.png,defective,defective,0.999974,2.6e-05,0.999974,True,1159,162,1221,224
98,4.083,29,data\real\pharmaceutical_capsules\extracted\datasets\Anomaly\587.png,defective,defective,0.99997,3e-05,0.99997,True,407,310,469,372
98,4.083,30,data\real\pharmaceutical_capsules\extracted\datasets\Normal\440.png,normal,normal,0.99979,0.99979,0.00021,True,527,470,589,532
98,4.083,31,data\real\pharmaceutical_capsules\extracted\datasets\Anomaly\469.png,defective,defective,0.999943,5.7e-05,0.999943,True,606,147,668,209
98,4.083,32,data\real\pharmaceutical_capsules\extracted\datasets\Anomaly\094.png,defective,defective,0.999814,0.000186,0.999814,True,951,306,1013,368
98,4.083,33,data\real\pharmaceutical_capsules\extracted\datasets\Anomaly\273.png,defective,defective,0.99996,4e-05,0.99996,True,1173,496,1235,558
98,4.083,34,data\real\pharmaceutical_capsules\extracted\datasets\Normal\033.png,normal,normal,0.999738,0.999738,0.000262,True,373,137,435,199
98,4.083,35,data\real\pharmaceutical_capsules\extracted\datasets\Anomaly\071.png,defective,defective,0.999933,6.7e-05,0.999933,True,557,336,619,398
98,4.083,36,data\real\pharmaceutical_capsules\extracted\datasets\Normal\386.png,normal,normal,0.999792,0.999792,0.000208,True,114,488,176,550
99,4.125,1,data\real\pharmaceutical_capsules\extracted\datasets\Anomaly\316.png,defective,defective,0.999963,3.7e-05,0.999963,True,1233,138,1279,200
99,4.125,2,data\real\pharmaceutical_capsules\extracted\datasets\Normal\068.png,normal,normal,0.999773,0.999773,0.000227,True,728,310,790,372
99,4.125,3,data\real\pharmaceutical_capsules\extracted\datasets\Normal\149.png,normal,normal,0.999805,0.999805,0.000195,True,1,501,63,563
99,4.125,4,data\real\pharmaceutical_capsules\extracted\datasets\Anomaly\443.png,defective,defective,0.999923,7.7e-05,0.999923,True,955,138,1017,200
99,4.125,5,data\real\pharmaceutical_capsules\extracted\datasets\Anomaly\221.png,defective,defective,0.999938,6.2e-05,0.999938,True,713,303,775,365
99,4.125,6,data\real\pharmaceutical_capsules\extracted\datasets\Normal\012.png,normal,normal,0.992716,0.992716,0.007284,True,52,501,114,563
99,4.125,7,data\real\pharmaceutical_capsules\extracted\datasets\Anomaly\124.png,defective,defective,0.999966,3.4e-05,0.999966,True,990,154,1052,216
99,4.125,8,data\real\pharmaceutical_capsules\extracted\datasets\Anomaly\192.png,defective,defective,0.999946,5.4e-05,0.999946,True,423,312,485,374
99,4.125,9,data\real\pharmaceutical_capsules\extracted\datasets\Normal\492.png,normal,normal,0.999762,0.999762,0.000238,True,851,476,913,538
99,4.125,10,data\real\pharmaceutical_capsules\extracted\datasets\Anomaly\351.png,defective,normal,0.671338,0.671338,0.328662,False,112,143,174,205
99,4.125,11,data\real\pharmaceutical_capsules\extracted\datasets\Normal\305.png,normal,normal,0.999814,0.999814,0.000186,True,539,324,601,386
99,4.125,12,data\real\pharmaceutical_capsules\extracted\datasets\Normal\082.png,normal,normal,0.999814,0.999814,0.000186,True,168,496,230,558
99,4.125,13,data\real\pharmaceutical_capsules\extracted\datasets\Normal\481.png,normal,normal,0.999822,0.999822,0.000178,True,381,161,443,223
99,4.125,14,data\real\pharmaceutical_capsules\extracted\datasets\Anomaly\455.png,defective,defective,0.99982,0.00018,0.99982,True,790,325,852,387
99,4.125,15,data\real\pharmaceutical_capsules\extracted\datasets\Normal\446.png,normal,normal,0.999598,0.999598,0.000402,True,37,469,99,531
99,4.125,16,data\real\pharmaceutical_capsules\extracted\datasets\Normal\067.png,normal,normal,0.999754,0.999754,0.000246,True,125,142,187,204
99,4.125,17,data\real\pharmaceutical_capsules\extracted\datasets\Normal\338.png,normal,normal,0.999837,0.999837,0.000163,True,244,326,306,388
99,4.125,18,data\real\pharmaceutical_capsules\extracted\datasets\Anomaly\140.png,defective,defective,0.99995,5e-05,0.99995,True,1229,490,1279,552
99,4.125,19,data\real\pharmaceutical_capsules\extracted\datasets\Anomaly\242.png,defective,defective,0.9999,0.0001,0.9999,True,870,154,932,216
99,4.125,20,data\real\pharmaceutical_capsules\extracted\datasets\Normal\158.png,normal,normal,0.999763,0.999763,0.000237,True,10,306,72,368
99,4.125,21,data\real\pharmaceutical_capsules\extracted\datasets\Anomaly\415.png,defective,defective,0.999412,0.000588,0.999412,True,634,482,696,544
99,4.125,22,data\real\pharmaceutical_capsules\extracted\datasets\Normal\427.png,normal,normal,0.99977,0.99977,0.00023,True,901,151,963,213
99,4.125,23,data\real\pharmaceutical_capsules\extracted\datasets\Normal\424.png,normal,normal,0.999628,0.999628,0.000372,True,214,305,276,367
99,4.125,24,data\real\pharmaceutical_capsules\extracted\datasets\Normal\443.png,normal,normal,0.99986,0.99986,0.00014,True,456,487,518,549
99,4.125,25,data\real\pharmaceutical_capsules\extracted\datasets\Anomaly\321.png,defective,defective,0.999956,4.4e-05,0.999956,True,500,157,562,219
99,4.125,26,data\real\pharmaceutical_capsules\extracted\datasets\Normal\403.png,normal,normal,0.999762,0.999762,0.000238,True,1054,331,1116,393
99,4.125,27,data\real\pharmaceutical_capsules\extracted\datasets\Anomaly\459.png,defective,defective,0.99997,3e-05,0.99997,True,594,501,656,563
99,4.125,28,data\real\pharmaceutical_capsules\extracted\datasets\Anomaly\137.png,defective,defective,0.999974,2.6e-05,0.999974,True,1163,162,1225,224
99,4.125,29,data\real\pharmaceutical_capsules\extracted\datasets\Anomaly\587.png,defective,defective,0.99997,3e-05,0.99997,True,412,310,474,372
99,4.125,30,data\real\pharmaceutical_capsules\extracted\datasets\Normal\440.png,normal,normal,0.99979,0.99979,0.00021,True,531,470,593,532
99,4.125,31,data\real\pharmaceutical_capsules\extracted\datasets\Anomaly\469.png,defective,defective,0.999943,5.7e-05,0.999943,True,611,147,673,209
99,4.125,32,data\real\pharmaceutical_capsules\extracted\datasets\Anomaly\094.png,defective,defective,0.999814,0.000186,0.999814,True,955,306,1017,368
99,4.125,33,data\real\pharmaceutical_capsules\extracted\datasets\Anomaly\273.png,defective,defective,0.99996,4e-05,0.99996,True,1178,496,1240,558
99,4.125,34,data\real\pharmaceutical_capsules\extracted\datasets\Normal\033.png,normal,normal,0.999738,0.999738,0.000262,True,378,137,440,199
99,4.125,35,data\real\pharmaceutical_capsules\extracted\datasets\Anomaly\071.png,defective,defective,0.999933,6.7e-05,0.999933,True,562,336,624,398
99,4.125,36,data\real\pharmaceutical_capsules\extracted\datasets\Normal\386.png,normal,normal,0.999792,0.999792,0.000208,True,119,488,181,550
100,4.167,1,data\real\pharmaceutical_capsules\extracted\datasets\Anomaly\316.png,defective,defective,0.999963,3.7e-05,0.999963,True,1238,138,1279,200
100,4.167,2,data\real\pharmaceutical_capsules\extracted\datasets\Normal\068.png,normal,normal,0.999773,0.999773,0.000227,True,733,310,795,372
100,4.167,3,data\real\pharmaceutical_capsules\extracted\datasets\Normal\149.png,normal,normal,0.999805,0.999805,0.000195,True,6,501,68,563
100,4.167,4,data\real\pharmaceutical_capsules\extracted\datasets\Anomaly\443.png,defective,defective,0.999923,7.7e-05,0.999923,True,960,138,1022,200
100,4.167,5,data\real\pharmaceutical_capsules\extracted\datasets\Anomaly\221.png,defective,defective,0.999938,6.2e-05,0.999938,True,717,303,779,365
100,4.167,6,data\real\pharmaceutical_capsules\extracted\datasets\Normal\012.png,normal,normal,0.992716,0.992716,0.007284,True,56,501,118,563
100,4.167,7,data\real\pharmaceutical_capsules\extracted\datasets\Anomaly\124.png,defective,defective,0.999966,3.4e-05,0.999966,True,994,154,1056,216
100,4.167,8,data\real\pharmaceutical_capsules\extracted\datasets\Anomaly\192.png,defective,defective,0.999946,5.4e-05,0.999946,True,428,312,490,374
100,4.167,9,data\real\pharmaceutical_capsules\extracted\datasets\Normal\492.png,normal,normal,0.999762,0.999762,0.000238,True,855,476,917,538
100,4.167,10,data\real\pharmaceutical_capsules\extracted\datasets\Anomaly\351.png,defective,normal,0.671338,0.671338,0.328662,False,117,143,179,205
100,4.167,11,data\real\pharmaceutical_capsules\extracted\datasets\Normal\305.png,normal,normal,0.999814,0.999814,0.000186,True,543,324,605,386
100,4.167,12,data\real\pharmaceutical_capsules\extracted\datasets\Normal\082.png,normal,normal,0.999814,0.999814,0.000186,True,173,496,235,558
100,4.167,13,data\real\pharmaceutical_capsules\extracted\datasets\Normal\481.png,normal,normal,0.999822,0.999822,0.000178,True,385,161,447,223
100,4.167,14,data\real\pharmaceutical_capsules\extracted\datasets\Anomaly\455.png,defective,defective,0.99982,0.00018,0.99982,True,795,325,857,387
100,4.167,15,data\real\pharmaceutical_capsules\extracted\datasets\Normal\446.png,normal,normal,0.999598,0.999598,0.000402,True,41,469,103,531
100,4.167,16,data\real\pharmaceutical_capsules\extracted\datasets\Normal\067.png,normal,normal,0.999754,0.999754,0.000246,True,129,142,191,204
100,4.167,17,data\real\pharmaceutical_capsules\extracted\datasets\Normal\338.png,normal,normal,0.999837,0.999837,0.000163,True,249,326,311,388
100,4.167,18,data\real\pharmaceutical_capsules\extracted\datasets\Anomaly\140.png,defective,defective,0.99995,5e-05,0.99995,True,1233,490,1279,552
100,4.167,19,data\real\pharmaceutical_capsules\extracted\datasets\Anomaly\242.png,defective,defective,0.9999,0.0001,0.9999,True,874,154,936,216
100,4.167,20,data\real\pharmaceutical_capsules\extracted\datasets\Normal\158.png,normal,normal,0.999763,0.999763,0.000237,True,14,306,76,368
100,4.167,21,data\real\pharmaceutical_capsules\extracted\datasets\Anomaly\415.png,defective,defective,0.999412,0.000588,0.999412,True,639,482,701,544
100,4.167,22,data\real\pharmaceutical_capsules\extracted\datasets\Normal\427.png,normal,normal,0.99977,0.99977,0.00023,True,905,151,967,213
100,4.167,23,data\real\pharmaceutical_capsules\extracted\datasets\Normal\424.png,normal,normal,0.999628,0.999628,0.000372,True,218,305,280,367
100,4.167,24,data\real\pharmaceutical_capsules\extracted\datasets\Normal\443.png,normal,normal,0.99986,0.99986,0.00014,True,461,487,523,549
100,4.167,25,data\real\pharmaceutical_capsules\extracted\datasets\Anomaly\321.png,defective,defective,0.999956,4.4e-05,0.999956,True,504,157,566,219
100,4.167,26,data\real\pharmaceutical_capsules\extracted\datasets\Normal\403.png,normal,normal,0.999762,0.999762,0.000238,True,1059,331,1121,393
100,4.167,27,data\real\pharmaceutical_capsules\extracted\datasets\Anomaly\459.png,defective,defective,0.99997,3e-05,0.99997,True,598,501,660,563
100,4.167,28,data\real\pharmaceutical_capsules\extracted\datasets\Anomaly\137.png,defective,defective,0.999974,2.6e-05,0.999974,True,1168,162,1230,224
100,4.167,29,data\real\pharmaceutical_capsules\extracted\datasets\Anomaly\587.png,defective,defective,0.99997,3e-05,0.99997,True,416,310,478,372
100,4.167,30,data\real\pharmaceutical_capsules\extracted\datasets\Normal\440.png,normal,normal,0.99979,0.99979,0.00021,True,536,470,598,532
100,4.167,31,data\real\pharmaceutical_capsules\extracted\datasets\Anomaly\469.png,defective,defective,0.999943,5.7e-05,0.999943,True,615,147,677,209
100,4.167,32,data\real\pharmaceutical_capsules\extracted\datasets\Anomaly\094.png,defective,defective,0.999814,0.000186,0.999814,True,960,306,1022,368
100,4.167,33,data\real\pharmaceutical_capsules\extracted\datasets\Anomaly\273.png,defective,defective,0.99996,4e-05,0.99996,True,1182,496,1244,558
100,4.167,34,data\real\pharmaceutical_capsules\extracted\datasets\Normal\033.png,normal,normal,0.999738,0.999738,0.000262,True,382,137,444,199
100,4.167,35,data\real\pharmaceutical_capsules\extracted\datasets\Anomaly\071.png,defective,defective,0.999933,6.7e-05,0.999933,True,566,336,628,398
100,4.167,36,data\real\pharmaceutical_capsules\extracted\datasets\Normal\386.png,normal,normal,0.999792,0.999792,0.000208,True,123,488,185,550
101,4.208,1,data\real\pharmaceutical_capsules\extracted\datasets\Anomaly\316.png,defective,defective,0.999963,3.7e-05,0.999963,True,1242,138,1279,200
101,4.208,2,data\real\pharmaceutical_capsules\extracted\datasets\Normal\068.png,normal,normal,0.999773,0.999773,0.000227,True,737,310,799,372
101,4.208,3,data\real\pharmaceutical_capsules\extracted\datasets\Normal\149.png,normal,normal,0.999805,0.999805,0.000195,True,10,501,72,563
101,4.208,4,data\real\pharmaceutical_capsules\extracted\datasets\Anomaly\443.png,defective,defective,0.999923,7.7e-05,0.999923,True,964,138,1026,200
101,4.208,5,data\real\pharmaceutical_capsules\extracted\datasets\Anomaly\221.png,defective,defective,0.999938,6.2e-05,0.999938,True,722,303,784,365
101,4.208,6,data\real\pharmaceutical_capsules\extracted\datasets\Normal\012.png,normal,normal,0.992716,0.992716,0.007284,True,61,501,123,563
101,4.208,7,data\real\pharmaceutical_capsules\extracted\datasets\Anomaly\124.png,defective,defective,0.999966,3.4e-05,0.999966,True,999,154,1061,216
101,4.208,8,data\real\pharmaceutical_capsules\extracted\datasets\Anomaly\192.png,defective,defective,0.999946,5.4e-05,0.999946,True,432,312,494,374
101,4.208,9,data\real\pharmaceutical_capsules\extracted\datasets\Normal\492.png,normal,normal,0.999762,0.999762,0.000238,True,860,476,922,538
101,4.208,10,data\real\pharmaceutical_capsules\extracted\datasets\Anomaly\351.png,defective,normal,0.671338,0.671338,0.328662,False,121,143,183,205
101,4.208,11,data\real\pharmaceutical_capsules\extracted\datasets\Normal\305.png,normal,normal,0.999814,0.999814,0.000186,True,548,324,610,386
101,4.208,12,data\real\pharmaceutical_capsules\extracted\datasets\Normal\082.png,normal,normal,0.999814,0.999814,0.000186,True,177,496,239,558
101,4.208,13,data\real\pharmaceutical_capsules\extracted\datasets\Normal\481.png,normal,normal,0.999822,0.999822,0.000178,True,390,161,452,223
101,4.208,14,data\real\pharmaceutical_capsules\extracted\datasets\Anomaly\455.png,defective,defective,0.99982,0.00018,0.99982,True,799,325,861,387
101,4.208,15,data\real\pharmaceutical_capsules\extracted\datasets\Normal\446.png,normal,normal,0.999598,0.999598,0.000402,True,46,469,108,531
101,4.208,16,data\real\pharmaceutical_capsules\extracted\datasets\Normal\067.png,normal,normal,0.999754,0.999754,0.000246,True,134,142,196,204
101,4.208,17,data\real\pharmaceutical_capsules\extracted\datasets\Normal\338.png,normal,normal,0.999837,0.999837,0.000163,True,253,326,315,388
101,4.208,18,data\real\pharmaceutical_capsules\extracted\datasets\Anomaly\140.png,defective,defective,0.99995,5e-05,0.99995,True,1238,490,1279,552
101,4.208,19,data\real\pharmaceutical_capsules\extracted\datasets\Anomaly\242.png,defective,defective,0.9999,0.0001,0.9999,True,879,154,941,216
101,4.208,20,data\real\pharmaceutical_capsules\extracted\datasets\Normal\158.png,normal,normal,0.999763,0.999763,0.000237,True,19,306,81,368
101,4.208,21,data\real\pharmaceutical_capsules\extracted\datasets\Anomaly\415.png,defective,defective,0.999412,0.000588,0.999412,True,643,482,705,544
101,4.208,22,data\real\pharmaceutical_capsules\extracted\datasets\Normal\427.png,normal,normal,0.99977,0.99977,0.00023,True,910,151,972,213
101,4.208,23,data\real\pharmaceutical_capsules\extracted\datasets\Normal\424.png,normal,normal,0.999628,0.999628,0.000372,True,223,305,285,367
101,4.208,24,data\real\pharmaceutical_capsules\extracted\datasets\Normal\443.png,normal,normal,0.99986,0.99986,0.00014,True,465,487,527,549
101,4.208,25,data\real\pharmaceutical_capsules\extracted\datasets\Anomaly\321.png,defective,defective,0.999956,4.4e-05,0.999956,True,509,157,571,219
101,4.208,26,data\real\pharmaceutical_capsules\extracted\datasets\Normal\403.png,normal,normal,0.999762,0.999762,0.000238,True,1063,331,1125,393
101,4.208,27,data\real\pharmaceutical_capsules\extracted\datasets\Anomaly\459.png,defective,defective,0.99997,3e-05,0.99997,True,603,501,665,563
101,4.208,28,data\real\pharmaceutical_capsules\extracted\datasets\Anomaly\137.png,defective,defective,0.999974,2.6e-05,0.999974,True,1172,162,1234,224
101,4.208,29,data\real\pharmaceutical_capsules\extracted\datasets\Anomaly\587.png,defective,defective,0.99997,3e-05,0.99997,True,421,310,483,372
101,4.208,30,data\real\pharmaceutical_capsules\extracted\datasets\Normal\440.png,normal,normal,0.99979,0.99979,0.00021,True,540,470,602,532
101,4.208,31,data\real\pharmaceutical_capsules\extracted\datasets\Anomaly\469.png,defective,defective,0.999943,5.7e-05,0.999943,True,620,147,682,209
101,4.208,32,data\real\pharmaceutical_capsules\extracted\datasets\Anomaly\094.png,defective,defective,0.999814,0.000186,0.999814,True,964,306,1026,368
101,4.208,33,data\real\pharmaceutical_capsules\extracted\datasets\Anomaly\273.png,defective,defective,0.99996,4e-05,0.99996,True,1187,496,1249,558
101,4.208,34,data\real\pharmaceutical_capsules\extracted\datasets\Normal\033.png,normal,normal,0.999738,0.999738,0.000262,True,387,137,449,199
101,4.208,35,data\real\pharmaceutical_capsules\extracted\datasets\Anomaly\071.png,defective,defective,0.999933,6.7e-05,0.999933,True,571,336,633,398
101,4.208,36,data\real\pharmaceutical_capsules\extracted\datasets\Normal\386.png,normal,normal,0.999792,0.999792,0.000208,True,128,488,190,550
102,4.25,1,data\real\pharmaceutical_capsules\extracted\datasets\Anomaly\316.png,defective,defective,0.999963,3.7e-05,0.999963,True,1247,138,1279,200
102,4.25,2,data\real\pharmaceutical_capsules\extracted\datasets\Normal\068.png,normal,normal,0.999773,0.999773,0.000227,True,742,310,804,372
102,4.25,3,data\real\pharmaceutical_capsules\extracted\datasets\Normal\149.png,normal,normal,0.999805,0.999805,0.000195,True,15,501,77,563
102,4.25,4,data\real\pharmaceutical_capsules\extracted\datasets\Anomaly\443.png,defective,defective,0.999923,7.7e-05,0.999923,True,969,138,1031,200
102,4.25,5,data\real\pharmaceutical_capsules\extracted\datasets\Anomaly\221.png,defective,defective,0.999938,6.2e-05,0.999938,True,726,303,788,365
102,4.25,6,data\real\pharmaceutical_capsules\extracted\datasets\Normal\012.png,normal,normal,0.992716,0.992716,0.007284,True,65,501,127,563
102,4.25,7,data\real\pharmaceutical_capsules\extracted\datasets\Anomaly\124.png,defective,defective,0.999966,3.4e-05,0.999966,True,1003,154,1065,216
102,4.25,8,data\real\pharmaceutical_capsules\extracted\datasets\Anomaly\192.png,defective,defective,0.999946,5.4e-05,0.999946,True,437,312,499,374
102,4.25,9,data\real\pharmaceutical_capsules\extracted\datasets\Normal\492.png,normal,normal,0.999762,0.999762,0.000238,True,864,476,926,538
102,4.25,10,data\real\pharmaceutical_capsules\extracted\datasets\Anomaly\351.png,defective,normal,0.671338,0.671338,0.328662,False,126,143,188,205
102,4.25,11,data\real\pharmaceutical_capsules\extracted\datasets\Normal\305.png,normal,normal,0.999814,0.999814,0.000186,True,552,324,614,386
102,4.25,12,data\real\pharmaceutical_capsules\extracted\datasets\Normal\082.png,normal,normal,0.999814,0.999814,0.000186,True,182,496,244,558
102,4.25,13,data\real\pharmaceutical_capsules\extracted\datasets\Normal\481.png,normal,normal,0.999822,0.999822,0.000178,True,394,161,456,223
102,4.25,14,data\real\pharmaceutical_capsules\extracted\datasets\Anomaly\455.png,defective,defective,0.99982,0.00018,0.99982,True,804,325,866,387
102,4.25,15,data\real\pharmaceutical_capsules\extracted\datasets\Normal\446.png,normal,normal,0.999598,0.999598,0.000402,True,50,469,112,531
102,4.25,16,data\real\pharmaceutical_capsules\extracted\datasets\Normal\067.png,normal,normal,0.999754,0.999754,0.000246,True,138,142,200,204
102,4.25,17,data\real\pharmaceutical_capsules\extracted\datasets\Normal\338.png,normal,normal,0.999837,0.999837,0.000163,True,258,326,320,388
102,4.25,18,data\real\pharmaceutical_capsules\extracted\datasets\Anomaly\140.png,defective,defective,0.99995,5e-05,0.99995,True,1242,490,1279,552
102,4.25,19,data\real\pharmaceutical_capsules\extracted\datasets\Anomaly\242.png,defective,defective,0.9999,0.0001,0.9999,True,883,154,945,216
102,4.25,20,data\real\pharmaceutical_capsules\extracted\datasets\Normal\158.png,normal,normal,0.999763,0.999763,0.000237,True,23,306,85,368
102,4.25,21,data\real\pharmaceutical_capsules\extracted\datasets\Anomaly\415.png,defective,defective,0.999412,0.000588,0.999412,True,648,482,710,544
102,4.25,22,data\real\pharmaceutical_capsules\extracted\datasets\Normal\427.png,normal,normal,0.99977,0.99977,0.00023,True,914,151,976,213
102,4.25,23,data\real\pharmaceutical_capsules\extracted\datasets\Normal\424.png,normal,normal,0.999628,0.999628,0.000372,True,227,305,289,367
102,4.25,24,data\real\pharmaceutical_capsules\extracted\datasets\Normal\443.png,normal,normal,0.99986,0.99986,0.00014,True,470,487,532,549
102,4.25,25,data\real\pharmaceutical_capsules\extracted\datasets\Anomaly\321.png,defective,defective,0.999956,4.4e-05,0.999956,True,513,157,575,219
102,4.25,26,data\real\pharmaceutical_capsules\extracted\datasets\Normal\403.png,normal,normal,0.999762,0.999762,0.000238,True,1068,331,1130,393
102,4.25,27,data\real\pharmaceutical_capsules\extracted\datasets\Anomaly\459.png,defective,defective,0.99997,3e-05,0.99997,True,607,501,669,563
102,4.25,28,data\real\pharmaceutical_capsules\extracted\datasets\Anomaly\137.png,defective,defective,0.999974,2.6e-05,0.999974,True,1177,162,1239,224
102,4.25,29,data\real\pharmaceutical_capsules\extracted\datasets\Anomaly\587.png,defective,defective,0.99997,3e-05,0.99997,True,425,310,487,372
102,4.25,30,data\real\pharmaceutical_capsules\extracted\datasets\Normal\440.png,normal,normal,0.99979,0.99979,0.00021,True,545,470,607,532
102,4.25,31,data\real\pharmaceutical_capsules\extracted\datasets\Anomaly\469.png,defective,defective,0.999943,5.7e-05,0.999943,True,624,147,686,209
102,4.25,32,data\real\pharmaceutical_capsules\extracted\datasets\Anomaly\094.png,defective,defective,0.999814,0.000186,0.999814,True,969,306,1031,368
102,4.25,33,data\real\pharmaceutical_capsules\extracted\datasets\Anomaly\273.png,defective,defective,0.99996,4e-05,0.99996,True,1191,496,1253,558
102,4.25,34,data\real\pharmaceutical_capsules\extracted\datasets\Normal\033.png,normal,normal,0.999738,0.999738,0.000262,True,391,137,453,199
102,4.25,35,data\real\pharmaceutical_capsules\extracted\datasets\Anomaly\071.png,defective,defective,0.999933,6.7e-05,0.999933,True,575,336,637,398
102,4.25,36,data\real\pharmaceutical_capsules\extracted\datasets\Normal\386.png,normal,normal,0.999792,0.999792,0.000208,True,132,488,194,550
103,4.292,1,data\real\pharmaceutical_capsules\extracted\datasets\Anomaly\316.png,defective,defective,0.999963,3.7e-05,0.999963,True,0,138,34,200
103,4.292,2,data\real\pharmaceutical_capsules\extracted\datasets\Normal\068.png,normal,normal,0.999773,0.999773,0.000227,True,746,310,808,372
103,4.292,3,data\real\pharmaceutical_capsules\extracted\datasets\Normal\149.png,normal,normal,0.999805,0.999805,0.000195,True,19,501,81,563
103,4.292,4,data\real\pharmaceutical_capsules\extracted\datasets\Anomaly\443.png,defective,defective,0.999923,7.7e-05,0.999923,True,973,138,1035,200
103,4.292,5,data\real\pharmaceutical_capsules\extracted\datasets\Anomaly\221.png,defective,defective,0.999938,6.2e-05,0.999938,True,731,303,793,365
103,4.292,6,data\real\pharmaceutical_capsules\extracted\datasets\Normal\012.png,normal,normal,0.992716,0.992716,0.007284,True,70,501,132,563
103,4.292,7,data\real\pharmaceutical_capsules\extracted\datasets\Anomaly\124.png,defective,defective,0.999966,3.4e-05,0.999966,True,1008,154,1070,216
103,4.292,8,data\real\pharmaceutical_capsules\extracted\datasets\Anomaly\192.png,defective,defective,0.999946,5.4e-05,0.999946,True,441,312,503,374
103,4.292,9,data\real\pharmaceutical_capsules\extracted\datasets\Normal\492.png,normal,normal,0.999762,0.999762,0.000238,True,869,476,931,538
103,4.292,10,data\real\pharmaceutical_capsules\extracted\datasets\Anomaly\351.png,defective,normal,0.671338,0.671338,0.328662,False,130,143,192,205
103,4.292,11,data\real\pharmaceutical_capsules\extracted\datasets\Normal\305.png,normal,normal,0.999814,0.999814,0.000186,True,557,324,619,386
103,4.292,12,data\real\pharmaceutical_capsules\extracted\datasets\Normal\082.png,normal,normal,0.999814,0.999814,0.000186,True,186,496,248,558
103,4.292,13,data\real\pharmaceutical_capsules\extracted\datasets\Normal\481.png,normal,normal,0.999822,0.999822,0.000178,True,399,161,461,223
103,4.292,14,data\real\pharmaceutical_capsules\extracted\datasets\Anomaly\455.png,defective,defective,0.99982,0.00018,0.99982,True,808,325,870,387
103,4.292,15,data\real\pharmaceutical_capsules\extracted\datasets\Normal\446.png,normal,normal,0.999598,0.999598,0.000402,True,55,469,117,531
103,4.292,16,data\real\pharmaceutical_capsules\extracted\datasets\Normal\067.png,normal,normal,0.999754,0.999754,0.000246,True,143,142,205,204
103,4.292,17,data\real\pharmaceutical_capsules\extracted\datasets\Normal\338.png,normal,normal,0.999837,0.999837,0.000163,True,262,326,324,388
103,4.292,18,data\real\pharmaceutical_capsules\extracted\datasets\Anomaly\140.png,defective,defective,0.99995,5e-05,0.99995,True,1247,490,1279,552
103,4.292,19,data\real\pharmaceutical_capsules\extracted\datasets\Anomaly\242.png,defective,defective,0.9999,0.0001,0.9999,True,888,154,950,216
103,4.292,20,data\real\pharmaceutical_capsules\extracted\datasets\Normal\158.png,normal,normal,0.999763,0.999763,0.000237,True,28,306,90,368
103,4.292,21,data\real\pharmaceutical_capsules\extracted\datasets\Anomaly\415.png,defective,defective,0.999412,0.000588,0.999412,True,652,482,714,544
103,4.292,22,data\real\pharmaceutical_capsules\extracted\datasets\Normal\427.png,normal,normal,0.99977,0.99977,0.00023,True,919,151,981,213
103,4.292,23,data\real\pharmaceutical_capsules\extracted\datasets\Normal\424.png,normal,normal,0.999628,0.999628,0.000372,True,232,305,294,367
103,4.292,24,data\real\pharmaceutical_capsules\extracted\datasets\Normal\443.png,normal,normal,0.99986,0.99986,0.00014,True,474,487,536,549
103,4.292,25,data\real\pharmaceutical_capsules\extracted\datasets\Anomaly\321.png,defective,defective,0.999956,4.4e-05,0.999956,True,518,157,580,219
103,4.292,26,data\real\pharmaceutical_capsules\extracted\datasets\Normal\403.png,normal,normal,0.999762,0.999762,0.000238,True,1072,331,1134,393
103,4.292,27,data\real\pharmaceutical_capsules\extracted\datasets\Anomaly\459.png,defective,defective,0.99997,3e-05,0.99997,True,612,501,674,563
103,4.292,28,data\real\pharmaceutical_capsules\extracted\datasets\Anomaly\137.png,defective,defective,0.999974,2.6e-05,0.999974,True,1181,162,1243,224
103,4.292,29,data\real\pharmaceutical_capsules\extracted\datasets\Anomaly\587.png,defective,defective,0.99997,3e-05,0.99997,True,430,310,492,372
103,4.292,30,data\real\pharmaceutical_capsules\extracted\datasets\Normal\440.png,normal,normal,0.99979,0.99979,0.00021,True,549,470,611,532
103,4.292,31,data\real\pharmaceutical_capsules\extracted\datasets\Anomaly\469.png,defective,defective,0.999943,5.7e-05,0.999943,True,629,147,691,209
103,4.292,32,data\real\pharmaceutical_capsules\extracted\datasets\Anomaly\094.png,defective,defective,0.999814,0.000186,0.999814,True,973,306,1035,368
103,4.292,33,data\real\pharmaceutical_capsules\extracted\datasets\Anomaly\273.png,defective,defective,0.99996,4e-05,0.99996,True,1196,496,1258,558
103,4.292,34,data\real\pharmaceutical_capsules\extracted\datasets\Normal\033.png,normal,normal,0.999738,0.999738,0.000262,True,396,137,458,199
103,4.292,35,data\real\pharmaceutical_capsules\extracted\datasets\Anomaly\071.png,defective,defective,0.999933,6.7e-05,0.999933,True,580,336,642,398
103,4.292,36,data\real\pharmaceutical_capsules\extracted\datasets\Normal\386.png,normal,normal,0.999792,0.999792,0.000208,True,137,488,199,550
104,4.333,1,data\real\pharmaceutical_capsules\extracted\datasets\Anomaly\316.png,defective,defective,0.999963,3.7e-05,0.999963,True,0,138,39,200
104,4.333,2,data\real\pharmaceutical_capsules\extracted\datasets\Normal\068.png,normal,normal,0.999773,0.999773,0.000227,True,751,310,813,372
104,4.333,3,data\real\pharmaceutical_capsules\extracted\datasets\Normal\149.png,normal,normal,0.999805,0.999805,0.000195,True,24,501,86,563
104,4.333,4,data\real\pharmaceutical_capsules\extracted\datasets\Anomaly\443.png,defective,defective,0.999923,7.7e-05,0.999923,True,978,138,1040,200
104,4.333,5,data\real\pharmaceutical_capsules\extracted\datasets\Anomaly\221.png,defective,defective,0.999938,6.2e-05,0.999938,True,735,303,797,365
104,4.333,6,data\real\pharmaceutical_capsules\extracted\datasets\Normal\012.png,normal,normal,0.992716,0.992716,0.007284,True,74,501,136,563
104,4.333,7,data\real\pharmaceutical_capsules\extracted\datasets\Anomaly\124.png,defective,defective,0.999966,3.4e-05,0.999966,True,1012,154,1074,216
104,4.333,8,data\real\pharmaceutical_capsules\extracted\datasets\Anomaly\192.png,defective,defective,0.999946,5.4e-05,0.999946,True,446,312,508,374
104,4.333,9,data\real\pharmaceutical_capsules\extracted\datasets\Normal\492.png,normal,normal,0.999762,0.999762,0.000238,True,873,476,935,538
104,4.333,10,data\real\pharmaceutical_capsules\extracted\datasets\Anomaly\351.png,defective,normal,0.671338,0.671338,0.328662,False,135,143,197,205
104,4.333,11,data\real\pharmaceutical_capsules\extracted\datasets\Normal\305.png,normal,normal,0.999814,0.999814,0.000186,True,561,324,623,386
104,4.333,12,data\real\pharmaceutical_capsules\extracted\datasets\Normal\082.png,normal,normal,0.999814,0.999814,0.000186,True,191,496,253,558
104,4.333,13,data\real\pharmaceutical_capsules\extracted\datasets\Normal\481.png,normal,normal,0.999822,0.999822,0.000178,True,403,161,465,223
104,4.333,14,data\real\pharmaceutical_capsules\extracted\datasets\Anomaly\455.png,defective,defective,0.99982,0.00018,0.99982,True,813,325,875,387
104,4.333,15,data\real\pharmaceutical_capsules\extracted\datasets\Normal\446.png,normal,normal,0.999598,0.999598,0.000402,True,59,469,121,531
104,4.333,16,data\real\pharmaceutical_capsules\extracted\datasets\Normal\067.png,normal,normal,0.999754,0.999754,0.000246,True,147,142,209,204
104,4.333,17,data\real\pharmaceutical_capsules\extracted\datasets\Normal\338.png,normal,normal,0.999837,0.999837,0.000163,True,267,326,329,388
104,4.333,18,data\real\pharmaceutical_capsules\extracted\datasets\Anomaly\140.png,defective,defective,0.99995,5e-05,0.99995,True,0,490,34,552
104,4.333,19,data\real\pharmaceutical_capsules\extracted\datasets\Anomaly\242.png,defective,defective,0.9999,0.0001,0.9999,True,892,154,954,216
104,4.333,20,data\real\pharmaceutical_capsules\extracted\datasets\Normal\158.png,normal,normal,0.999763,0.999763,0.000237,True,32,306,94,368
104,4.333,21,data\real\pharmaceutical_capsules\extracted\datasets\Anomaly\415.png,defective,defective,0.999412,0.000588,0.999412,True,657,482,719,544
104,4.333,22,data\real\pharmaceutical_capsules\extracted\datasets\Normal\427.png,normal,normal,0.99977,0.99977,0.00023,True,923,151,985,213
104,4.333,23,data\real\pharmaceutical_capsules\extracted\datasets\Normal\424.png,normal,normal,0.999628,0.999628,0.000372,True,236,305,298,367
104,4.333,24,data\real\pharmaceutical_capsules\extracted\datasets\Normal\443.png,normal,normal,0.99986,0.99986,0.00014,True,479,487,541,549
104,4.333,25,data\real\pharmaceutical_capsules\extracted\datasets\Anomaly\321.png,defective,defective,0.999956,4.4e-05,0.999956,True,522,157,584,219
104,4.333,26,data\real\pharmaceutical_capsules\extracted\datasets\Normal\403.png,normal,normal,0.999762,0.999762,0.000238,True,1077,331,1139,393
104,4.333,27,data\real\pharmaceutical_capsules\extracted\datasets\Anomaly\459.png,defective,defective,0.99997,3e-05,0.99997,True,616,501,678,563
104,4.333,28,data\real\pharmaceutical_capsules\extracted\datasets\Anomaly\137.png,defective,defective,0.999974,2.6e-05,0.999974,True,1186,162,1248,224
104,4.333,29,data\real\pharmaceutical_capsules\extracted\datasets\Anomaly\587.png,defective,defective,0.99997,3e-05,0.99997,True,434,310,496,372
104,4.333,30,data\real\pharmaceutical_capsules\extracted\datasets\Normal\440.png,normal,normal,0.99979,0.99979,0.00021,True,554,470,616,532
104,4.333,31,data\real\pharmaceutical_capsules\extracted\datasets\Anomaly\469.png,defective,defective,0.999943,5.7e-05,0.999943,True,633,147,695,209
104,4.333,32,data\real\pharmaceutical_capsules\extracted\datasets\Anomaly\094.png,defective,defective,0.999814,0.000186,0.999814,True,978,306,1040,368
104,4.333,33,data\real\pharmaceutical_capsules\extracted\datasets\Anomaly\273.png,defective,defective,0.99996,4e-05,0.99996,True,1200,496,1262,558
104,4.333,34,data\real\pharmaceutical_capsules\extracted\datasets\Normal\033.png,normal,normal,0.999738,0.999738,0.000262,True,400,137,462,199
104,4.333,35,data\real\pharmaceutical_capsules\extracted\datasets\Anomaly\071.png,defective,defective,0.999933,6.7e-05,0.999933,True,584,336,646,398
104,4.333,36,data\real\pharmaceutical_capsules\extracted\datasets\Normal\386.png,normal,normal,0.999792,0.999792,0.000208,True,141,488,203,550
105,4.375,1,data\real\pharmaceutical_capsules\extracted\datasets\Anomaly\316.png,defective,defective,0.999963,3.7e-05,0.999963,True,0,138,43,200
105,4.375,2,data\real\pharmaceutical_capsules\extracted\datasets\Normal\068.png,normal,normal,0.999773,0.999773,0.000227,True,755,310,817,372
105,4.375,3,data\real\pharmaceutical_capsules\extracted\datasets\Normal\149.png,normal,normal,0.999805,0.999805,0.000195,True,28,501,90,563
105,4.375,4,data\real\pharmaceutical_capsules\extracted\datasets\Anomaly\443.png,defective,defective,0.999923,7.7e-05,0.999923,True,982,138,1044,200
105,4.375,5,data\real\pharmaceutical_capsules\extracted\datasets\Anomaly\221.png,defective,defective,0.999938,6.2e-05,0.999938,True,740,303,802,365
105,4.375,6,data\real\pharmaceutical_capsules\extracted\datasets\Normal\012.png,normal,normal,0.992716,0.992716,0.007284,True,79,501,141,563
105,4.375,7,data\real\pharmaceutical_capsules\extracted\datasets\Anomaly\124.png,defective,defective,0.999966,3.4e-05,0.999966,True,1017,154,1079,216
105,4.375,8,data\real\pharmaceutical_capsules\extracted\datasets\Anomaly\192.png,defective,defective,0.999946,5.4e-05,0.999946,True,450,312,512,374
105,4.375,9,data\real\pharmaceutical_capsules\extracted\datasets\Normal\492.png,normal,normal,0.999762,0.999762,0.000238,True,878,476,940,538
105,4.375,10,data\real\pharmaceutical_capsules\extracted\datasets\Anomaly\351.png,defective,normal,0.671338,0.671338,0.328662,False,139,143,201,205
105,4.375,11,data\real\pharmaceutical_capsules\extracted\datasets\Normal\305.png,normal,normal,0.999814,0.999814,0.000186,True,566,324,628,386
105,4.375,12,data\real\pharmaceutical_capsules\extracted\datasets\Normal\082.png,normal,normal,0.999814,0.999814,0.000186,True,195,496,257,558
105,4.375,13,data\real\pharmaceutical_capsules\extracted\datasets\Normal\481.png,normal,normal,0.999822,0.999822,0.000178,True,408,161,470,223
105,4.375,14,data\real\pharmaceutical_capsules\extracted\datasets\Anomaly\455.png,defective,defective,0.99982,0.00018,0.99982,True,817,325,879,387
105,4.375,15,data\real\pharmaceutical_capsules\extracted\datasets\Normal\446.png,normal,normal,0.999598,0.999598,0.000402,True,64,469,126,531
105,4.375,16,data\real\pharmaceutical_capsules\extracted\datasets\Normal\067.png,normal,normal,0.999754,0.999754,0.000246,True,152,142,214,204
105,4.375,17,data\real\pharmaceutical_capsules\extracted\datasets\Normal\338.png,normal,normal,0.999837,0.999837,0.000163,True,271,326,333,388
105,4.375,18,data\real\pharmaceutical_capsules\extracted\datasets\Anomaly\140.png,defective,defective,0.99995,5e-05,0.99995,True,0,490,39,552
105,4.375,19,data\real\pharmaceutical_capsules\extracted\datasets\Anomaly\242.png,defective,defective,0.9999,0.0001,0.9999,True,897,154,959,216
105,4.375,20,data\real\pharmaceutical_capsules\extracted\datasets\Normal\158.png,normal,normal,0.999763,0.999763,0.000237,True,37,306,99,368
105,4.375,21,data\real\pharmaceutical_capsules\extracted\datasets\Anomaly\415.png,defective,defective,0.999412,0.000588,0.999412,True,661,482,723,544
105,4.375,22,data\real\pharmaceutical_capsules\extracted\datasets\Normal\427.png,normal,normal,0.99977,0.99977,0.00023,True,928,151,990,213
105,4.375,23,data\real\pharmaceutical_capsules\extracted\datasets\Normal\424.png,normal,normal,0.999628,0.999628,0.000372,True,241,305,303,367
105,4.375,24,data\real\pharmaceutical_capsules\extracted\datasets\Normal\443.png,normal,normal,0.99986,0.99986,0.00014,True,483,487,545,549
105,4.375,25,data\real\pharmaceutical_capsules\extracted\datasets\Anomaly\321.png,defective,defective,0.999956,4.4e-05,0.999956,True,527,157,589,219
105,4.375,26,data\real\pharmaceutical_capsules\extracted\datasets\Normal\403.png,normal,normal,0.999762,0.999762,0.000238,True,1081,331,1143,393
105,4.375,27,data\real\pharmaceutical_capsules\extracted\datasets\Anomaly\459.png,defective,defective,0.99997,3e-05,0.99997,True,621,501,683,563
105,4.375,28,data\real\pharmaceutical_capsules\extracted\datasets\Anomaly\137.png,defective,defective,0.999974,2.6e-05,0.999974,True,1190,162,1252,224
105,4.375,29,data\real\pharmaceutical_capsules\extracted\datasets\Anomaly\587.png,defective,defective,0.99997,3e-05,0.99997,True,439,310,501,372
105,4.375,30,data\real\pharmaceutical_capsules\extracted\datasets\Normal\440.png,normal,normal,0.99979,0.99979,0.00021,True,558,470,620,532
105,4.375,31,data\real\pharmaceutical_capsules\extracted\datasets\Anomaly\469.png,defective,defective,0.999943,5.7e-05,0.999943,True,638,147,700,209
105,4.375,32,data\real\pharmaceutical_capsules\extracted\datasets\Anomaly\094.png,defective,defective,0.999814,0.000186,0.999814,True,982,306,1044,368
105,4.375,33,data\real\pharmaceutical_capsules\extracted\datasets\Anomaly\273.png,defective,defective,0.99996,4e-05,0.99996,True,1205,496,1267,558
105,4.375,34,data\real\pharmaceutical_capsules\extracted\datasets\Normal\033.png,normal,normal,0.999738,0.999738,0.000262,True,405,137,467,199
105,4.375,35,data\real\pharmaceutical_capsules\extracted\datasets\Anomaly\071.png,defective,defective,0.999933,6.7e-05,0.999933,True,589,336,651,398
105,4.375,36,data\real\pharmaceutical_capsules\extracted\datasets\Normal\386.png,normal,normal,0.999792,0.999792,0.000208,True,146,488,208,550
106,4.417,1,data\real\pharmaceutical_capsules\extracted\datasets\Anomaly\316.png,defective,defective,0.999963,3.7e-05,0.999963,True,0,138,48,200
106,4.417,2,data\real\pharmaceutical_capsules\extracted\datasets\Normal\068.png,normal,normal,0.999773,0.999773,0.000227,True,760,310,822,372
106,4.417,3,data\real\pharmaceutical_capsules\extracted\datasets\Normal\149.png,normal,normal,0.999805,0.999805,0.000195,True,33,501,95,563
106,4.417,4,data\real\pharmaceutical_capsules\extracted\datasets\Anomaly\443.png,defective,defective,0.999923,7.7e-05,0.999923,True,987,138,1049,200
106,4.417,5,data\real\pharmaceutical_capsules\extracted\datasets\Anomaly\221.png,defective,defective,0.999938,6.2e-05,0.999938,True,744,303,806,365
106,4.417,6,data\real\pharmaceutical_capsules\extracted\datasets\Normal\012.png,normal,normal,0.992716,0.992716,0.007284,True,83,501,145,563
106,4.417,7,data\real\pharmaceutical_capsules\extracted\datasets\Anomaly\124.png,defective,defective,0.999966,3.4e-05,0.999966,True,1021,154,1083,216
106,4.417,8,data\real\pharmaceutical_capsules\extracted\datasets\Anomaly\192.png,defective,defective,0.999946,5.4e-05,0.999946,True,455,312,517,374
106,4.417,9,data\real\pharmaceutical_capsules\extracted\datasets\Normal\492.png,normal,normal,0.999762,0.999762,0.000238,True,882,476,944,538
106,4.417,10,data\real\pharmaceutical_capsules\extracted\datasets\Anomaly\351.png,defective,normal,0.671338,0.671338,0.328662,False,144,143,206,205
106,4.417,11,data\real\pharmaceutical_capsules\extracted\datasets\Normal\305.png,normal,normal,0.999814,0.999814,0.000186,True,570,324,632,386
106,4.417,12,data\real\pharmaceutical_capsules\extracted\datasets\Normal\082.png,normal,normal,0.999814,0.999814,0.000186,True,200,496,262,558
106,4.417,13,data\real\pharmaceutical_capsules\extracted\datasets\Normal\481.png,normal,normal,0.999822,0.999822,0.000178,True,412,161,474,223
106,4.417,14,data\real\pharmaceutical_capsules\extracted\datasets\Anomaly\455.png,defective,defective,0.99982,0.00018,0.99982,True,822,325,884,387
106,4.417,15,data\real\pharmaceutical_capsules\extracted\datasets\Normal\446.png,normal,normal,0.999598,0.999598,0.000402,True,68,469,130,531
106,4.417,16,data\real\pharmaceutical_capsules\extracted\datasets\Normal\067.png,normal,normal,0.999754,0.999754,0.000246,True,156,142,218,204
106,4.417,17,data\real\pharmaceutical_capsules\extracted\datasets\Normal\338.png,normal,normal,0.999837,0.999837,0.000163,True,276,326,338,388
106,4.417,18,data\real\pharmaceutical_capsules\extracted\datasets\Anomaly\140.png,defective,defective,0.99995,5e-05,0.99995,True,0,490,43,552
106,4.417,19,data\real\pharmaceutical_capsules\extracted\datasets\Anomaly\242.png,defective,defective,0.9999,0.0001,0.9999,True,901,154,963,216
106,4.417,20,data\real\pharmaceutical_capsules\extracted\datasets\Normal\158.png,normal,normal,0.999763,0.999763,0.000237,True,41,306,103,368
106,4.417,21,data\real\pharmaceutical_capsules\extracted\datasets\Anomaly\415.png,defective,defective,0.999412,0.000588,0.999412,True,666,482,728,544
106,4.417,22,data\real\pharmaceutical_capsules\extracted\datasets\Normal\427.png,normal,normal,0.99977,0.99977,0.00023,True,932,151,994,213
106,4.417,23,data\real\pharmaceutical_capsules\extracted\datasets\Normal\424.png,normal,normal,0.999628,0.999628,0.000372,True,245,305,307,367
106,4.417,24,data\real\pharmaceutical_capsules\extracted\datasets\Normal\443.png,normal,normal,0.99986,0.99986,0.00014,True,488,487,550,549
106,4.417,25,data\real\pharmaceutical_capsules\extracted\datasets\Anomaly\321.png,defective,defective,0.999956,4.4e-05,0.999956,True,531,157,593,219
106,4.417,26,data\real\pharmaceutical_capsules\extracted\datasets\Normal\403.png,normal,normal,0.999762,0.999762,0.000238,True,1086,331,1148,393
106,4.417,27,data\real\pharmaceutical_capsules\extracted\datasets\Anomaly\459.png,defective,defective,0.99997,3e-05,0.99997,True,625,501,687,563
106,4.417,28,data\real\pharmaceutical_capsules\extracted\datasets\Anomaly\137.png,defective,defective,0.999974,2.6e-05,0.999974,True,1195,162,1257,224
106,4.417,29,data\real\pharmaceutical_capsules\extracted\datasets\Anomaly\587.png,defective,defective,0.99997,3e-05,0.99997,True,443,310,505,372
106,4.417,30,data\real\pharmaceutical_capsules\extracted\datasets\Normal\440.png,normal,normal,0.99979,0.99979,0.00021,True,563,470,625,532
106,4.417,31,data\real\pharmaceutical_capsules\extracted\datasets\Anomaly\469.png,defective,defective,0.999943,5.7e-05,0.999943,True,642,147,704,209
106,4.417,32,data\real\pharmaceutical_capsules\extracted\datasets\Anomaly\094.png,defective,defective,0.999814,0.000186,0.999814,True,987,306,1049,368
106,4.417,33,data\real\pharmaceutical_capsules\extracted\datasets\Anomaly\273.png,defective,defective,0.99996,4e-05,0.99996,True,1209,496,1271,558
106,4.417,34,data\real\pharmaceutical_capsules\extracted\datasets\Normal\033.png,normal,normal,0.999738,0.999738,0.000262,True,409,137,471,199
106,4.417,35,data\real\pharmaceutical_capsules\extracted\datasets\Anomaly\071.png,defective,defective,0.999933,6.7e-05,0.999933,True,593,336,655,398
106,4.417,36,data\real\pharmaceutical_capsules\extracted\datasets\Normal\386.png,normal,normal,0.999792,0.999792,0.000208,True,150,488,212,550
107,4.458,1,data\real\pharmaceutical_capsules\extracted\datasets\Anomaly\316.png,defective,defective,0.999963,3.7e-05,0.999963,True,0,138,52,200
107,4.458,2,data\real\pharmaceutical_capsules\extracted\datasets\Normal\068.png,normal,normal,0.999773,0.999773,0.000227,True,764,310,826,372
107,4.458,3,data\real\pharmaceutical_capsules\extracted\datasets\Normal\149.png,normal,normal,0.999805,0.999805,0.000195,True,37,501,99,563
107,4.458,4,data\real\pharmaceutical_capsules\extracted\datasets\Anomaly\443.png,defective,defective,0.999923,7.7e-05,0.999923,True,991,138,1053,200
107,4.458,5,data\real\pharmaceutical_capsules\extracted\datasets\Anomaly\221.png,defective,defective,0.999938,6.2e-05,0.999938,True,749,303,811,365
107,4.458,6,data\real\pharmaceutical_capsules\extracted\datasets\Normal\012.png,normal,normal,0.992716,0.992716,0.007284,True,88,501,150,563
107,4.458,7,data\real\pharmaceutical_capsules\extracted\datasets\Anomaly\124.png,defective,defective,0.999966,3.4e-05,0.999966,True,1026,154,1088,216
107,4.458,8,data\real\pharmaceutical_capsules\extracted\datasets\Anomaly\192.png,defective,defective,0.999946,5.4e-05,0.999946,True,459,312,521,374
107,4.458,9,data\real\pharmaceutical_capsules\extracted\datasets\Normal\492.png,normal,normal,0.999762,0.999762,0.000238,True,887,476,949,538
107,4.458,10,data\real\pharmaceutical_capsules\extracted\datasets\Anomaly\351.png,defective,normal,0.671338,0.671338,0.328662,False,148,143,210,205
107,4.458,11,data\real\pharmaceutical_capsules\extracted\datasets\Normal\305.png,normal,normal,0.999814,0.999814,0.000186,True,575,324,637,386
107,4.458,12,data\real\pharmaceutical_capsules\extracted\datasets\Normal\082.png,normal,normal,0.999814,0.999814,0.000186,True,204,496,266,558
107,4.458,13,data\real\pharmaceutical_capsules\extracted\datasets\Normal\481.png,normal,normal,0.999822,0.999822,0.000178,True,417,161,479,223
107,4.458,14,data\real\pharmaceutical_capsules\extracted\datasets\Anomaly\455.png,defective,defective,0.99982,0.00018,0.99982,True,826,325,888,387
107,4.458,15,data\real\pharmaceutical_capsules\extracted\datasets\Normal\446.png,normal,normal,0.999598,0.999598,0.000402,True,73,469,135,531
107,4.458,16,data\real\pharmaceutical_capsules\extracted\datasets\Normal\067.png,normal,normal,0.999754,0.999754,0.000246,True,161,142,223,204
107,4.458,17,data\real\pharmaceutical_capsules\extracted\datasets\Normal\338.png,normal,normal,0.999837,0.999837,0.000163,True,280,326,342,388
107,4.458,18,data\real\pharmaceutical_capsules\extracted\datasets\Anomaly\140.png,defective,defective,0.99995,5e-05,0.99995,True,0,490,48,552
107,4.458,19,data\real\pharmaceutical_capsules\extracted\datasets\Anomaly\242.png,defective,defective,0.9999,0.0001,0.9999,True,906,154,968,216
107,4.458,20,data\real\pharmaceutical_capsules\extracted\datasets\Normal\158.png,normal,normal,0.999763,0.999763,0.000237,True,46,306,108,368
107,4.458,21,data\real\pharmaceutical_capsules\extracted\datasets\Anomaly\415.png,defective,defective,0.999412,0.000588,0.999412,True,670,482,732,544
107,4.458,22,data\real\pharmaceutical_capsules\extracted\datasets\Normal\427.png,normal,normal,0.99977,0.99977,0.00023,True,937,151,999,213
107,4.458,23,data\real\pharmaceutical_capsules\extracted\datasets\Normal\424.png,normal,normal,0.999628,0.999628,0.000372,True,250,305,312,367
107,4.458,24,data\real\pharmaceutical_capsules\extracted\datasets\Normal\443.png,normal,normal,0.99986,0.99986,0.00014,True,492,487,554,549
107,4.458,25,data\real\pharmaceutical_capsules\extracted\datasets\Anomaly\321.png,defective,defective,0.999956,4.4e-05,0.999956,True,536,157,598,219
107,4.458,26,data\real\pharmaceutical_capsules\extracted\datasets\Normal\403.png,normal,normal,0.999762,0.999762,0.000238,True,1090,331,1152,393
107,4.458,27,data\real\pharmaceutical_capsules\extracted\datasets\Anomaly\459.png,defective,defective,0.99997,3e-05,0.99997,True,630,501,692,563
107,4.458,28,data\real\pharmaceutical_capsules\extracted\datasets\Anomaly\137.png,defective,defective,0.999974,2.6e-05,0.999974,True,1199,162,1261,224
107,4.458,29,data\real\pharmaceutical_capsules\extracted\datasets\Anomaly\587.png,defective,defective,0.99997,3e-05,0.99997,True,448,310,510,372
107,4.458,30,data\real\pharmaceutical_capsules\extracted\datasets\Normal\440.png,normal,normal,0.99979,0.99979,0.00021,True,567,470,629,532
107,4.458,31,data\real\pharmaceutical_capsules\extracted\datasets\Anomaly\469.png,defective,defective,0.999943,5.7e-05,0.999943,True,647,147,709,209
107,4.458,32,data\real\pharmaceutical_capsules\extracted\datasets\Anomaly\094.png,defective,defective,0.999814,0.000186,0.999814,True,991,306,1053,368
107,4.458,33,data\real\pharmaceutical_capsules\extracted\datasets\Anomaly\273.png,defective,defective,0.99996,4e-05,0.99996,True,1214,496,1276,558
107,4.458,34,data\real\pharmaceutical_capsules\extracted\datasets\Normal\033.png,normal,normal,0.999738,0.999738,0.000262,True,414,137,476,199
107,4.458,35,data\real\pharmaceutical_capsules\extracted\datasets\Anomaly\071.png,defective,defective,0.999933,6.7e-05,0.999933,True,598,336,660,398
107,4.458,36,data\real\pharmaceutical_capsules\extracted\datasets\Normal\386.png,normal,normal,0.999792,0.999792,0.000208,True,155,488,217,550
108,4.5,1,data\real\pharmaceutical_capsules\extracted\datasets\Anomaly\316.png,defective,defective,0.999963,3.7e-05,0.999963,True,0,138,57,200
108,4.5,2,data\real\pharmaceutical_capsules\extracted\datasets\Normal\068.png,normal,normal,0.999773,0.999773,0.000227,True,769,310,831,372
108,4.5,3,data\real\pharmaceutical_capsules\extracted\datasets\Normal\149.png,normal,normal,0.999805,0.999805,0.000195,True,42,501,104,563
108,4.5,4,data\real\pharmaceutical_capsules\extracted\datasets\Anomaly\443.png,defective,defective,0.999923,7.7e-05,0.999923,True,996,138,1058,200
108,4.5,5,data\real\pharmaceutical_capsules\extracted\datasets\Anomaly\221.png,defective,defective,0.999938,6.2e-05,0.999938,True,753,303,815,365
108,4.5,6,data\real\pharmaceutical_capsules\extracted\datasets\Normal\012.png,normal,normal,0.992716,0.992716,0.007284,True,92,501,154,563
108,4.5,7,data\real\pharmaceutical_capsules\extracted\datasets\Anomaly\124.png,defective,defective,0.999966,3.4e-05,0.999966,True,1030,154,1092,216
108,4.5,8,data\real\pharmaceutical_capsules\extracted\datasets\Anomaly\192.png,defective,defective,0.999946,5.4e-05,0.999946,True,464,312,526,374
108,4.5,9,data\real\pharmaceutical_capsules\extracted\datasets\Normal\492.png,normal,normal,0.999762,0.999762,0.000238,True,891,476,953,538
108,4.5,10,data\real\pharmaceutical_capsules\extracted\datasets\Anomaly\351.png,defective,normal,0.671338,0.671338,0.328662,False,153,143,215,205
108,4.5,11,data\real\pharmaceutical_capsules\extracted\datasets\Normal\305.png,normal,normal,0.999814,0.999814,0.000186,True,579,324,641,386
108,4.5,12,data\real\pharmaceutical_capsules\extracted\datasets\Normal\082.png,normal,normal,0.999814,0.999814,0.000186,True,209,496,271,558
108,4.5,13,data\real\pharmaceutical_capsules\extracted\datasets\Normal\481.png,normal,normal,0.999822,0.999822,0.000178,True,421,161,483,223
108,4.5,14,data\real\pharmaceutical_capsules\extracted\datasets\Anomaly\455.png,defective,defective,0.99982,0.00018,0.99982,True,831,325,893,387
108,4.5,15,data\real\pharmaceutical_capsules\extracted\datasets\Normal\446.png,normal,normal,0.999598,0.999598,0.000402,True,77,469,139,531
108,4.5,16,data\real\pharmaceutical_capsules\extracted\datasets\Normal\067.png,normal,normal,0.999754,0.999754,0.000246,True,165,142,227,204
108,4.5,17,data\real\pharmaceutical_capsules\extracted\datasets\Normal\338.png,normal,normal,0.999837,0.999837,0.000163,True,285,326,347,388
108,4.5,18,data\real\pharmaceutical_capsules\extracted\datasets\Anomaly\140.png,defective,defective,0.99995,5e-05,0.99995,True,0,490,52,552
108,4.5,19,data\real\pharmaceutical_capsules\extracted\datasets\Anomaly\242.png,defective,defective,0.9999,0.0001,0.9999,True,910,154,972,216
108,4.5,20,data\real\pharmaceutical_capsules\extracted\datasets\Normal\158.png,normal,normal,0.999763,0.999763,0.000237,True,50,306,112,368
108,4.5,21,data\real\pharmaceutical_capsules\extracted\datasets\Anomaly\415.png,defective,defective,0.999412,0.000588,0.999412,True,675,482,737,544
108,4.5,22,data\real\pharmaceutical_capsules\extracted\datasets\Normal\427.png,normal,normal,0.99977,0.99977,0.00023,True,941,151,1003,213
108,4.5,23,data\real\pharmaceutical_capsules\extracted\datasets\Normal\424.png,normal,normal,0.999628,0.999628,0.000372,True,254,305,316,367
108,4.5,24,data\real\pharmaceutical_capsules\extracted\datasets\Normal\443.png,normal,normal,0.99986,0.99986,0.00014,True,497,487,559,549
108,4.5,25,data\real\pharmaceutical_capsules\extracted\datasets\Anomaly\321.png,defective,defective,0.999956,4.4e-05,0.999956,True,540,157,602,219
108,4.5,26,data\real\pharmaceutical_capsules\extracted\datasets\Normal\403.png,normal,normal,0.999762,0.999762,0.000238,True,1095,331,1157,393
108,4.5,27,data\real\pharmaceutical_capsules\extracted\datasets\Anomaly\459.png,defective,defective,0.99997,3e-05,0.99997,True,634,501,696,563
108,4.5,28,data\real\pharmaceutical_capsules\extracted\datasets\Anomaly\137.png,defective,defective,0.999974,2.6e-05,0.999974,True,1204,162,1266,224
108,4.5,29,data\real\pharmaceutical_capsules\extracted\datasets\Anomaly\587.png,defective,defective,0.99997,3e-05,0.99997,True,452,310,514,372
108,4.5,30,data\real\pharmaceutical_capsules\extracted\datasets\Normal\440.png,normal,normal,0.99979,0.99979,0.00021,True,572,470,634,532
108,4.5,31,data\real\pharmaceutical_capsules\extracted\datasets\Anomaly\469.png,defective,defective,0.999943,5.7e-05,0.999943,True,651,147,713,209
108,4.5,32,data\real\pharmaceutical_capsules\extracted\datasets\Anomaly\094.png,defective,defective,0.999814,0.000186,0.999814,True,996,306,1058,368
108,4.5,33,data\real\pharmaceutical_capsules\extracted\datasets\Anomaly\273.png,defective,defective,0.99996,4e-05,0.99996,True,1218,496,1279,558
108,4.5,34,data\real\pharmaceutical_capsules\extracted\datasets\Normal\033.png,normal,normal,0.999738,0.999738,0.000262,True,418,137,480,199
108,4.5,35,data\real\pharmaceutical_capsules\extracted\datasets\Anomaly\071.png,defective,defective,0.999933,6.7e-05,0.999933,True,602,336,664,398
108,4.5,36,data\real\pharmaceutical_capsules\extracted\datasets\Normal\386.png,normal,normal,0.999792,0.999792,0.000208,True,159,488,221,550
109,4.542,1,data\real\pharmaceutical_capsules\extracted\datasets\Anomaly\316.png,defective,defective,0.999963,3.7e-05,0.999963,True,0,138,61,200
109,4.542,2,data\real\pharmaceutical_capsules\extracted\datasets\Normal\068.png,normal,normal,0.999773,0.999773,0.000227,True,773,310,835,372
109,4.542,3,data\real\pharmaceutical_capsules\extracted\datasets\Normal\149.png,normal,normal,0.999805,0.999805,0.000195,True,46,501,108,563
109,4.542,4,data\real\pharmaceutical_capsules\extracted\datasets\Anomaly\443.png,defective,defective,0.999923,7.7e-05,0.999923,True,1000,138,1062,200
109,4.542,5,data\real\pharmaceutical_capsules\extracted\datasets\Anomaly\221.png,defective,defective,0.999938,6.2e-05,0.999938,True,758,303,820,365
109,4.542,6,data\real\pharmaceutical_capsules\extracted\datasets\Normal\012.png,normal,normal,0.992716,0.992716,0.007284,True,97,501,159,563
109,4.542,7,data\real\pharmaceutical_capsules\extracted\datasets\Anomaly\124.png,defective,defective,0.999966,3.4e-05,0.999966,True,1035,154,1097,216
109,4.542,8,data\real\pharmaceutical_capsules\extracted\datasets\Anomaly\192.png,defective,defective,0.999946,5.4e-05,0.999946,True,468,312,530,374
109,4.542,9,data\real\pharmaceutical_capsules\extracted\datasets\Normal\492.png,normal,normal,0.999762,0.999762,0.000238,True,896,476,958,538
109,4.542,10,data\real\pharmaceutical_capsules\extracted\datasets\Anomaly\351.png,defective,normal,0.671338,0.671338,0.328662,False,157,143,219,205
109,4.542,11,data\real\pharmaceutical_capsules\extracted\datasets\Normal\305.png,normal,normal,0.999814,0.999814,0.000186,True,584,324,646,386
109,4.542,12,data\real\pharmaceutical_capsules\extracted\datasets\Normal\082.png,normal,normal,0.999814,0.999814,0.000186,True,213,496,275,558
109,4.542,13,data\real\pharmaceutical_capsules\extracted\datasets\Normal\481.png,normal,normal,0.999822,0.999822,0.000178,True,426,161,488,223
109,4.542,14,data\real\pharmaceutical_capsules\extracted\datasets\Anomaly\455.png,defective,defective,0.99982,0.00018,0.99982,True,835,325,897,387
109,4.542,15,data\real\pharmaceutical_capsules\extracted\datasets\Normal\446.png,normal,normal,0.999598,0.999598,0.000402,True,82,469,144,531
109,4.542,16,data\real\pharmaceutical_capsules\extracted\datasets\Normal\067.png,normal,normal,0.999754,0.999754,0.000246,True,170,142,232,204
109,4.542,17,data\real\pharmaceutical_capsules\extracted\datasets\Normal\338.png,normal,normal,0.999837,0.999837,0.000163,True,289,326,351,388
109,4.542,18,data\real\pharmaceutical_capsules\extracted\datasets\Anomaly\140.png,defective,defective,0.99995,5e-05,0.99995,True,0,490,57,552
109,4.542,19,data\real\pharmaceutical_capsules\extracted\datasets\Anomaly\242.png,defective,defective,0.9999,0.0001,0.9999,True,915,154,977,216
109,4.542,20,data\real\pharmaceutical_capsules\extracted\datasets\Normal\158.png,normal,normal,0.999763,0.999763,0.000237,True,55,306,117,368
109,4.542,21,data\real\pharmaceutical_capsules\extracted\datasets\Anomaly\415.png,defective,defective,0.999412,0.000588,0.999412,True,679,482,741,544
109,4.542,22,data\real\pharmaceutical_capsules\extracted\datasets\Normal\427.png,normal,normal,0.99977,0.99977,0.00023,True,946,151,1008,213
109,4.542,23,data\real\pharmaceutical_capsules\extracted\datasets\Normal\424.png,normal,normal,0.999628,0.999628,0.000372,True,259,305,321,367
109,4.542,24,data\real\pharmaceutical_capsules\extracted\datasets\Normal\443.png,normal,normal,0.99986,0.99986,0.00014,True,501,487,563,549
109,4.542,25,data\real\pharmaceutical_capsules\extracted\datasets\Anomaly\321.png,defective,defective,0.999956,4.4e-05,0.999956,True,545,157,607,219
109,4.542,26,data\real\pharmaceutical_capsules\extracted\datasets\Normal\403.png,normal,normal,0.999762,0.999762,0.000238,True,1099,331,1161,393
109,4.542,27,data\real\pharmaceutical_capsules\extracted\datasets\Anomaly\459.png,defective,defective,0.99997,3e-05,0.99997,True,639,501,701,563
109,4.542,28,data\real\pharmaceutical_capsules\extracted\datasets\Anomaly\137.png,defective,defective,0.999974,2.6e-05,0.999974,True,1208,162,1270,224
109,4.542,29,data\real\pharmaceutical_capsules\extracted\datasets\Anomaly\587.png,defective,defective,0.99997,3e-05,0.99997,True,457,310,519,372
109,4.542,30,data\real\pharmaceutical_capsules\extracted\datasets\Normal\440.png,normal,normal,0.99979,0.99979,0.00021,True,576,470,638,532
109,4.542,31,data\real\pharmaceutical_capsules\extracted\datasets\Anomaly\469.png,defective,defective,0.999943,5.7e-05,0.999943,True,656,147,718,209
109,4.542,32,data\real\pharmaceutical_capsules\extracted\datasets\Anomaly\094.png,defective,defective,0.999814,0.000186,0.999814,True,1000,306,1062,368
109,4.542,33,data\real\pharmaceutical_capsules\extracted\datasets\Anomaly\273.png,defective,defective,0.99996,4e-05,0.99996,True,1223,496,1279,558
109,4.542,34,data\real\pharmaceutical_capsules\extracted\datasets\Normal\033.png,normal,normal,0.999738,0.999738,0.000262,True,423,137,485,199
109,4.542,35,data\real\pharmaceutical_capsules\extracted\datasets\Anomaly\071.png,defective,defective,0.999933,6.7e-05,0.999933,True,607,336,669,398
109,4.542,36,data\real\pharmaceutical_capsules\extracted\datasets\Normal\386.png,normal,normal,0.999792,0.999792,0.000208,True,164,488,226,550
110,4.583,1,data\real\pharmaceutical_capsules\extracted\datasets\Anomaly\316.png,defective,defective,0.999963,3.7e-05,0.999963,True,3,138,65,200
110,4.583,2,data\real\pharmaceutical_capsules\extracted\datasets\Normal\068.png,normal,normal,0.999773,0.999773,0.000227,True,778,310,840,372
110,4.583,3,data\real\pharmaceutical_capsules\extracted\datasets\Normal\149.png,normal,normal,0.999805,0.999805,0.000195,True,51,501,113,563
110,4.583,4,data\real\pharmaceutical_capsules\extracted\datasets\Anomaly\443.png,defective,defective,0.999923,7.7e-05,0.999923,True,1005,138,1067,200
110,4.583,5,data\real\pharmaceutical_capsules\extracted\datasets\Anomaly\221.png,defective,defective,0.999938,6.2e-05,0.999938,True,762,303,824,365
110,4.583,6,data\real\pharmaceutical_capsules\extracted\datasets\Normal\012.png,normal,normal,0.992716,0.992716,0.007284,True,101,501,163,563
110,4.583,7,data\real\pharmaceutical_capsules\extracted\datasets\Anomaly\124.png,defective,defective,0.999966,3.4e-05,0.999966,True,1039,154,1101,216
110,4.583,8,data\real\pharmaceutical_capsules\extracted\datasets\Anomaly\192.png,defective,defective,0.999946,5.4e-05,0.999946,True,473,312,535,374
110,4.583,9,data\real\pharmaceutical_capsules\extracted\datasets\Normal\492.png,normal,normal,0.999762,0.999762,0.000238,True,900,476,962,538
110,4.583,10,data\real\pharmaceutical_capsules\extracted\datasets\Anomaly\351.png,defective,normal,0.671338,0.671338,0.328662,False,162,143,224,205
110,4.583,11,data\real\pharmaceutical_capsules\extracted\datasets\Normal\305.png,normal,normal,0.999814,0.999814,0.000186,True,588,324,650,386
110,4.583,12,data\real\pharmaceutical_capsules\extracted\datasets\Normal\082.png,normal,normal,0.999814,0.999814,0.000186,True,218,496,280,558
110,4.583,13,data\real\pharmaceutical_capsules\extracted\datasets\Normal\481.png,normal,normal,0.999822,0.999822,0.000178,True,430,161,492,223
110,4.583,14,data\real\pharmaceutical_capsules\extracted\datasets\Anomaly\455.png,defective,defective,0.99982,0.00018,0.99982,True,840,325,902,387
110,4.583,15,data\real\pharmaceutical_capsules\extracted\datasets\Normal\446.png,normal,normal,0.999598,0.999598,0.000402,True,86,469,148,531
110,4.583,16,data\real\pharmaceutical_capsules\extracted\datasets\Normal\067.png,normal,normal,0.999754,0.999754,0.000246,True,174,142,236,204
110,4.583,17,data\real\pharmaceutical_capsules\extracted\datasets\Normal\338.png,normal,normal,0.999837,0.999837,0.000163,True,294,326,356,388
110,4.583,18,data\real\pharmaceutical_capsules\extracted\datasets\Anomaly\140.png,defective,defective,0.99995,5e-05,0.99995,True,0,490,61,552
110,4.583,19,data\real\pharmaceutical_capsules\extracted\datasets\Anomaly\242.png,defective,defective,0.9999,0.0001,0.9999,True,919,154,981,216
110,4.583,20,data\real\pharmaceutical_capsules\extracted\datasets\Normal\158.png,normal,normal,0.999763,0.999763,0.000237,True,59,306,121,368
110,4.583,21,data\real\pharmaceutical_capsules\extracted\datasets\Anomaly\415.png,defective,defective,0.999412,0.000588,0.999412,True,684,482,746,544
110,4.583,22,data\real\pharmaceutical_capsules\extracted\datasets\Normal\427.png,normal,normal,0.99977,0.99977,0.00023,True,950,151,1012,213
110,4.583,23,data\real\pharmaceutical_capsules\extracted\datasets\Normal\424.png,normal,normal,0.999628,0.999628,0.000372,True,263,305,325,367
110,4.583,24,data\real\pharmaceutical_capsules\extracted\datasets\Normal\443.png,normal,normal,0.99986,0.99986,0.00014,True,506,487,568,549
110,4.583,25,data\real\pharmaceutical_capsules\extracted\datasets\Anomaly\321.png,defective,defective,0.999956,4.4e-05,0.999956,True,549,157,611,219
110,4.583,26,data\real\pharmaceutical_capsules\extracted\datasets\Normal\403.png,normal,normal,0.999762,0.999762,0.000238,True,1104,331,1166,393
110,4.583,27,data\real\pharmaceutical_capsules\extracted\datasets\Anomaly\459.png,defective,defective,0.99997,3e-05,0.99997,True,643,501,705,563
110,4.583,28,data\real\pharmaceutical_capsules\extracted\datasets\Anomaly\137.png,defective,defective,0.999974,2.6e-05,0.999974,True,1213,162,1275,224
110,4.583,29,data\real\pharmaceutical_capsules\extracted\datasets\Anomaly\587.png,defective,defective,0.99997,3e-05,0.99997,True,461,310,523,372
110,4.583,30,data\real\pharmaceutical_capsules\extracted\datasets\Normal\440.png,normal,normal,0.99979,0.99979,0.00021,True,581,470,643,532
110,4.583,31,data\real\pharmaceutical_capsules\extracted\datasets\Anomaly\469.png,defective,defective,0.999943,5.7e-05,0.999943,True,660,147,722,209
110,4.583,32,data\real\pharmaceutical_capsules\extracted\datasets\Anomaly\094.png,defective,defective,0.999814,0.000186,0.999814,True,1005,306,1067,368
110,4.583,33,data\real\pharmaceutical_capsules\extracted\datasets\Anomaly\273.png,defective,defective,0.99996,4e-05,0.99996,True,1227,496,1279,558
110,4.583,34,data\real\pharmaceutical_capsules\extracted\datasets\Normal\033.png,normal,normal,0.999738,0.999738,0.000262,True,427,137,489,199
110,4.583,35,data\real\pharmaceutical_capsules\extracted\datasets\Anomaly\071.png,defective,defective,0.999933,6.7e-05,0.999933,True,611,336,673,398
110,4.583,36,data\real\pharmaceutical_capsules\extracted\datasets\Normal\386.png,normal,normal,0.999792,0.999792,0.000208,True,168,488,230,550
111,4.625,1,data\real\pharmaceutical_capsules\extracted\datasets\Anomaly\316.png,defective,defective,0.999963,3.7e-05,0.999963,True,7,138,69,200
111,4.625,2,data\real\pharmaceutical_capsules\extracted\datasets\Normal\068.png,normal,normal,0.999773,0.999773,0.000227,True,782,310,844,372
111,4.625,3,data\real\pharmaceutical_capsules\extracted\datasets\Normal\149.png,normal,normal,0.999805,0.999805,0.000195,True,55,501,117,563
111,4.625,4,data\real\pharmaceutical_capsules\extracted\datasets\Anomaly\443.png,defective,defective,0.999923,7.7e-05,0.999923,True,1009,138,1071,200
111,4.625,5,data\real\pharmaceutical_capsules\extracted\datasets\Anomaly\221.png,defective,defective,0.999938,6.2e-05,0.999938,True,767,303,829,365
111,4.625,6,data\real\pharmaceutical_capsules\extracted\datasets\Normal\012.png,normal,normal,0.992716,0.992716,0.007284,True,106,501,168,563
111,4.625,7,data\real\pharmaceutical_capsules\extracted\datasets\Anomaly\124.png,defective,defective,0.999966,3.4e-05,0.999966,True,1044,154,1106,216
111,4.625,8,data\real\pharmaceutical_capsules\extracted\datasets\Anomaly\192.png,defective,defective,0.999946,5.4e-05,0.999946,True,477,312,539,374
111,4.625,9,data\real\pharmaceutical_capsules\extracted\datasets\Normal\492.png,normal,normal,0.999762,0.999762,0.000238,True,905,476,967,538
111,4.625,10,data\real\pharmaceutical_capsules\extracted\datasets\Anomaly\351.png,defective,normal,0.671338,0.671338,0.328662,False,166,143,228,205
111,4.625,11,data\real\pharmaceutical_capsules\extracted\datasets\Normal\305.png,normal,normal,0.999814,0.999814,0.000186,True,593,324,655,386
111,4.625,12,data\real\pharmaceutical_capsules\extracted\datasets\Normal\082.png,normal,normal,0.999814,0.999814,0.000186,True,222,496,284,558
111,4.625,13,data\real\pharmaceutical_capsules\extracted\datasets\Normal\481.png,normal,normal,0.999822,0.999822,0.000178,True,435,161,497,223
111,4.625,14,data\real\pharmaceutical_capsules\extracted\datasets\Anomaly\455.png,defective,defective,0.99982,0.00018,0.99982,True,844,325,906,387
111,4.625,15,data\real\pharmaceutical_capsules\extracted\datasets\Normal\446.png,normal,normal,0.999598,0.999598,0.000402,True,91,469,153,531
111,4.625,16,data\real\pharmaceutical_capsules\extracted\datasets\Normal\067.png,normal,normal,0.999754,0.999754,0.000246,True,179,142,241,204
111,4.625,17,data\real\pharmaceutical_capsules\extracted\datasets\Normal\338.png,normal,normal,0.999837,0.999837,0.000163,True,298,326,360,388
111,4.625,18,data\real\pharmaceutical_capsules\extracted\datasets\Anomaly\140.png,defective,defective,0.99995,5e-05,0.99995,True,3,490,65,552
111,4.625,19,data\real\pharmaceutical_capsules\extracted\datasets\Anomaly\242.png,defective,defective,0.9999,0.0001,0.9999,True,924,154,986,216
111,4.625,20,data\real\pharmaceutical_capsules\extracted\datasets\Normal\158.png,normal,normal,0.999763,0.999763,0.000237,True,64,306,126,368
111,4.625,21,data\real\pharmaceutical_capsules\extracted\datasets\Anomaly\415.png,defective,defective,0.999412,0.000588,0.999412,True,688,482,750,544
111,4.625,22,data\real\pharmaceutical_capsules\extracted\datasets\Normal\427.png,normal,normal,0.99977,0.99977,0.00023,True,955,151,1017,213
111,4.625,23,data\real\pharmaceutical_capsules\extracted\datasets\Normal\424.png,normal,normal,0.999628,0.999628,0.000372,True,268,305,330,367
111,4.625,24,data\real\pharmaceutical_capsules\extracted\datasets\Normal\443.png,normal,normal,0.99986,0.99986,0.00014,True,510,487,572,549
111,4.625,25,data\real\pharmaceutical_capsules\extracted\datasets\Anomaly\321.png,defective,defective,0.999956,4.4e-05,0.999956,True,554,157,616,219
111,4.625,26,data\real\pharmaceutical_capsules\extracted\datasets\Normal\403.png,normal,normal,0.999762,0.999762,0.000238,True,1108,331,1170,393
111,4.625,27,data\real\pharmaceutical_capsules\extracted\datasets\Anomaly\459.png,defective,defective,0.99997,3e-05,0.99997,True,648,501,710,563
111,4.625,28,data\real\pharmaceutical_capsules\extracted\datasets\Anomaly\137.png,defective,defective,0.999974,2.6e-05,0.999974,True,1217,162,1279,224
111,4.625,29,data\real\pharmaceutical_capsules\extracted\datasets\Anomaly\587.png,defective,defective,0.99997,3e-05,0.99997,True,466,310,528,372
111,4.625,30,data\real\pharmaceutical_capsules\extracted\datasets\Normal\440.png,normal,normal,0.99979,0.99979,0.00021,True,585,470,647,532
111,4.625,31,data\real\pharmaceutical_capsules\extracted\datasets\Anomaly\469.png,defective,defective,0.999943,5.7e-05,0.999943,True,665,147,727,209
111,4.625,32,data\real\pharmaceutical_capsules\extracted\datasets\Anomaly\094.png,defective,defective,0.999814,0.000186,0.999814,True,1009,306,1071,368
111,4.625,33,data\real\pharmaceutical_capsules\extracted\datasets\Anomaly\273.png,defective,defective,0.99996,4e-05,0.99996,True,1232,496,1279,558
111,4.625,34,data\real\pharmaceutical_capsules\extracted\datasets\Normal\033.png,normal,normal,0.999738,0.999738,0.000262,True,432,137,494,199
111,4.625,35,data\real\pharmaceutical_capsules\extracted\datasets\Anomaly\071.png,defective,defective,0.999933,6.7e-05,0.999933,True,616,336,678,398
111,4.625,36,data\real\pharmaceutical_capsules\extracted\datasets\Normal\386.png,normal,normal,0.999792,0.999792,0.000208,True,173,488,235,550
112,4.667,1,data\real\pharmaceutical_capsules\extracted\datasets\Anomaly\316.png,defective,defective,0.999963,3.7e-05,0.999963,True,12,138,74,200
112,4.667,2,data\real\pharmaceutical_capsules\extracted\datasets\Normal\068.png,normal,normal,0.999773,0.999773,0.000227,True,787,310,849,372
112,4.667,3,data\real\pharmaceutical_capsules\extracted\datasets\Normal\149.png,normal,normal,0.999805,0.999805,0.000195,True,60,501,122,563
112,4.667,4,data\real\pharmaceutical_capsules\extracted\datasets\Anomaly\443.png,defective,defective,0.999923,7.7e-05,0.999923,True,1014,138,1076,200
112,4.667,5,data\real\pharmaceutical_capsules\extracted\datasets\Anomaly\221.png,defective,defective,0.999938,6.2e-05,0.999938,True,771,303,833,365
112,4.667,6,data\real\pharmaceutical_capsules\extracted\datasets\Normal\012.png,normal,normal,0.992716,0.992716,0.007284,True,110,501,172,563
112,4.667,7,data\real\pharmaceutical_capsules\extracted\datasets\Anomaly\124.png,defective,defective,0.999966,3.4e-05,0.999966,True,1048,154,1110,216
112,4.667,8,data\real\pharmaceutical_capsules\extracted\datasets\Anomaly\192.png,defective,defective,0.999946,5.4e-05,0.999946,True,482,312,544,374
112,4.667,9,data\real\pharmaceutical_capsules\extracted\datasets\Normal\492.png,normal,normal,0.999762,0.999762,0.000238,True,909,476,971,538
112,4.667,10,data\real\pharmaceutical_capsules\extracted\datasets\Anomaly\351.png,defective,normal,0.671338,0.671338,0.328662,False,171,143,233,205
112,4.667,11,data\real\pharmaceutical_capsules\extracted\datasets\Normal\305.png,normal,normal,0.999814,0.999814,0.000186,True,597,324,659,386
112,4.667,12,data\real\pharmaceutical_capsules\extracted\datasets\Normal\082.png,normal,normal,0.999814,0.999814,0.000186,True,227,496,289,558
112,4.667,13,data\real\pharmaceutical_capsules\extracted\datasets\Normal\481.png,normal,normal,0.999822,0.999822,0.000178,True,439,161,501,223
112,4.667,14,data\real\pharmaceutical_capsules\extracted\datasets\Anomaly\455.png,defective,defective,0.99982,0.00018,0.99982,True,849,325,911,387
112,4.667,15,data\real\pharmaceutical_capsules\extracted\datasets\Normal\446.png,normal,normal,0.999598,0.999598,0.000402,True,95,469,157,531
112,4.667,16,data\real\pharmaceutical_capsules\extracted\datasets\Normal\067.png,normal,normal,0.999754,0.999754,0.000246,True,183,142,245,204
112,4.667,17,data\real\pharmaceutical_capsules\extracted\datasets\Normal\338.png,normal,normal,0.999837,0.999837,0.000163,True,303,326,365,388
112,4.667,18,data\real\pharmaceutical_capsules\extracted\datasets\Anomaly\140.png,defective,defective,0.99995,5e-05,0.99995,True,7,490,69,552
112,4.667,19,data\real\pharmaceutical_capsules\extracted\datasets\Anomaly\242.png,defective,defective,0.9999,0.0001,0.9999,True,928,154,990,216
112,4.667,20,data\real\pharmaceutical_capsules\extracted\datasets\Normal\158.png,normal,normal,0.999763,0.999763,0.000237,True,68,306,130,368
112,4.667,21,data\real\pharmaceutical_capsules\extracted\datasets\Anomaly\415.png,defective,defective,0.999412,0.000588,0.999412,True,693,482,755,544
112,4.667,22,data\real\pharmaceutical_capsules\extracted\datasets\Normal\427.png,normal,normal,0.99977,0.99977,0.00023,True,959,151,1021,213
112,4.667,23,data\real\pharmaceutical_capsules\extracted\datasets\Normal\424.png,normal,normal,0.999628,0.999628,0.000372,True,272,305,334,367
112,4.667,24,data\real\pharmaceutical_capsules\extracted\datasets\Normal\443.png,normal,normal,0.99986,0.99986,0.00014,True,515,487,577,549
112,4.667,25,data\real\pharmaceutical_capsules\extracted\datasets\Anomaly\321.png,defective,defective,0.999956,4.4e-05,0.999956,True,558,157,620,219
112,4.667,26,data\real\pharmaceutical_capsules\extracted\datasets\Normal\403.png,normal,normal,0.999762,0.999762,0.000238,True,1113,331,1175,393
112,4.667,27,data\real\pharmaceutical_capsules\extracted\datasets\Anomaly\459.png,defective,defective,0.99997,3e-05,0.99997,True,652,501,714,563
112,4.667,28,data\real\pharmaceutical_capsules\extracted\datasets\Anomaly\137.png,defective,defective,0.999974,2.6e-05,0.999974,True,1222,162,1279,224
112,4.667,29,data\real\pharmaceutical_capsules\extracted\datasets\Anomaly\587.png,defective,defective,0.99997,3e-05,0.99997,True,470,310,532,372
112,4.667,30,data\real\pharmaceutical_capsules\extracted\datasets\Normal\440.png,normal,normal,0.99979,0.99979,0.00021,True,590,470,652,532
112,4.667,31,data\real\pharmaceutical_capsules\extracted\datasets\Anomaly\469.png,defective,defective,0.999943,5.7e-05,0.999943,True,669,147,731,209
112,4.667,32,data\real\pharmaceutical_capsules\extracted\datasets\Anomaly\094.png,defective,defective,0.999814,0.000186,0.999814,True,1014,306,1076,368
112,4.667,33,data\real\pharmaceutical_capsules\extracted\datasets\Anomaly\273.png,defective,defective,0.99996,4e-05,0.99996,True,1236,496,1279,558
112,4.667,34,data\real\pharmaceutical_capsules\extracted\datasets\Normal\033.png,normal,normal,0.999738,0.999738,0.000262,True,436,137,498,199
112,4.667,35,data\real\pharmaceutical_capsules\extracted\datasets\Anomaly\071.png,defective,defective,0.999933,6.7e-05,0.999933,True,620,336,682,398
112,4.667,36,data\real\pharmaceutical_capsules\extracted\datasets\Normal\386.png,normal,normal,0.999792,0.999792,0.000208,True,177,488,239,550
113,4.708,1,data\real\pharmaceutical_capsules\extracted\datasets\Anomaly\316.png,defective,defective,0.999963,3.7e-05,0.999963,True,16,138,78,200
113,4.708,2,data\real\pharmaceutical_capsules\extracted\datasets\Normal\068.png,normal,normal,0.999773,0.999773,0.000227,True,791,310,853,372
113,4.708,3,data\real\pharmaceutical_capsules\extracted\datasets\Normal\149.png,normal,normal,0.999805,0.999805,0.000195,True,64,501,126,563
113,4.708,4,data\real\pharmaceutical_capsules\extracted\datasets\Anomaly\443.png,defective,defective,0.999923,7.7e-05,0.999923,True,1018,138,1080,200
113,4.708,5,data\real\pharmaceutical_capsules\extracted\datasets\Anomaly\221.png,defective,defective,0.999938,6.2e-05,0.999938,True,776,303,838,365
113,4.708,6,data\real\pharmaceutical_capsules\extracted\datasets\Normal\012.png,normal,normal,0.992716,0.992716,0.007284,True,115,501,177,563
113,4.708,7,data\real\pharmaceutical_capsules\extracted\datasets\Anomaly\124.png,defective,defective,0.999966,3.4e-05,0.999966,True,1053,154,1115,216
113,4.708,8,data\real\pharmaceutical_capsules\extracted\datasets\Anomaly\192.png,defective,defective,0.999946,5.4e-05,0.999946,True,486,312,548,374
113,4.708,9,data\real\pharmaceutical_capsules\extracted\datasets\Normal\492.png,normal,normal,0.999762,0.999762,0.000238,True,914,476,976,538
113,4.708,10,data\real\pharmaceutical_capsules\extracted\datasets\Anomaly\351.png,defective,normal,0.671338,0.671338,0.328662,False,175,143,237,205
113,4.708,11,data\real\pharmaceutical_capsules\extracted\datasets\Normal\305.png,normal,normal,0.999814,0.999814,0.000186,True,602,324,664,386
113,4.708,12,data\real\pharmaceutical_capsules\extracted\datasets\Normal\082.png,normal,normal,0.999814,0.999814,0.000186,True,231,496,293,558
113,4.708,13,data\real\pharmaceutical_capsules\extracted\datasets\Normal\481.png,normal,normal,0.999822,0.999822,0.000178,True,444,161,506,223
113,4.708,14,data\real\pharmaceutical_capsules\extracted\datasets\Anomaly\455.png,defective,defective,0.99982,0.00018,0.99982,True,853,325,915,387
113,4.708,15,data\real\pharmaceutical_capsules\extracted\datasets\Normal\446.png,normal,normal,0.999598,0.999598,0.000402,True,100,469,162,531
113,4.708,16,data\real\pharmaceutical_capsules\extracted\datasets\Normal\067.png,normal,normal,0.999754,0.999754,0.000246,True,188,142,250,204
113,4.708,17,data\real\pharmaceutical_capsules\extracted\datasets\Normal\338.png,normal,normal,0.999837,0.999837,0.000163,True,307,326,369,388
113,4.708,18,data\real\pharmaceutical_capsules\extracted\datasets\Anomaly\140.png,defective,defective,0.99995,5e-05,0.99995,True,12,490,74,552
113,4.708,19,data\real\pharmaceutical_capsules\extracted\datasets\Anomaly\242.png,defective,defective,0.9999,0.0001,0.9999,True,933,154,995,216
113,4.708,20,data\real\pharmaceutical_capsules\extracted\datasets\Normal\158.png,normal,normal,0.999763,0.999763,0.000237,True,73,306,135,368
113,4.708,21,data\real\pharmaceutical_capsules\extracted\datasets\Anomaly\415.png,defective,defective,0.999412,0.000588,0.999412,True,697,482,759,544
113,4.708,22,data\real\pharmaceutical_capsules\extracted\datasets\Normal\427.png,normal,normal,0.99977,0.99977,0.00023,True,964,151,1026,213
113,4.708,23,data\real\pharmaceutical_capsules\extracted\datasets\Normal\424.png,normal,normal,0.999628,0.999628,0.000372,True,277,305,339,367
113,4.708,24,data\real\pharmaceutical_capsules\extracted\datasets\Normal\443.png,normal,normal,0.99986,0.99986,0.00014,True,519,487,581,549
113,4.708,25,data\real\pharmaceutical_capsules\extracted\datasets\Anomaly\321.png,defective,defective,0.999956,4.4e-05,0.999956,True,563,157,625,219
113,4.708,26,data\real\pharmaceutical_capsules\extracted\datasets\Normal\403.png,normal,normal,0.999762,0.999762,0.000238,True,1117,331,1179,393
113,4.708,27,data\real\pharmaceutical_capsules\extracted\datasets\Anomaly\459.png,defective,defective,0.99997,3e-05,0.99997,True,657,501,719,563
113,4.708,28,data\real\pharmaceutical_capsules\extracted\datasets\Anomaly\137.png,defective,defective,0.999974,2.6e-05,0.999974,True,1226,162,1279,224
113,4.708,29,data\real\pharmaceutical_capsules\extracted\datasets\Anomaly\587.png,defective,defective,0.99997,3e-05,0.99997,True,475,310,537,372
113,4.708,30,data\real\pharmaceutical_capsules\extracted\datasets\Normal\440.png,normal,normal,0.99979,0.99979,0.00021,True,594,470,656,532
113,4.708,31,data\real\pharmaceutical_capsules\extracted\datasets\Anomaly\469.png,defective,defective,0.999943,5.7e-05,0.999943,True,674,147,736,209
113,4.708,32,data\real\pharmaceutical_capsules\extracted\datasets\Anomaly\094.png,defective,defective,0.999814,0.000186,0.999814,True,1018,306,1080,368
113,4.708,33,data\real\pharmaceutical_capsules\extracted\datasets\Anomaly\273.png,defective,defective,0.99996,4e-05,0.99996,True,1241,496,1279,558
113,4.708,34,data\real\pharmaceutical_capsules\extracted\datasets\Normal\033.png,normal,normal,0.999738,0.999738,0.000262,True,441,137,503,199
113,4.708,35,data\real\pharmaceutical_capsules\extracted\datasets\Anomaly\071.png,defective,defective,0.999933,6.7e-05,0.999933,True,625,336,687,398
113,4.708,36,data\real\pharmaceutical_capsules\extracted\datasets\Normal\386.png,normal,normal,0.999792,0.999792,0.000208,True,182,488,244,550
114,4.75,1,data\real\pharmaceutical_capsules\extracted\datasets\Anomaly\316.png,defective,defective,0.999963,3.7e-05,0.999963,True,21,138,83,200
114,4.75,2,data\real\pharmaceutical_capsules\extracted\datasets\Normal\068.png,normal,normal,0.999773,0.999773,0.000227,True,796,310,858,372
114,4.75,3,data\real\pharmaceutical_capsules\extracted\datasets\Normal\149.png,normal,normal,0.999805,0.999805,0.000195,True,69,501,131,563
114,4.75,4,data\real\pharmaceutical_capsules\extracted\datasets\Anomaly\443.png,defective,defective,0.999923,7.7e-05,0.999923,True,1023,138,1085,200
114,4.75,5,data\real\pharmaceutical_capsules\extracted\datasets\Anomaly\221.png,defective,defective,0.999938,6.2e-05,0.999938,True,780,303,842,365
114,4.75,6,data\real\pharmaceutical_capsules\extracted\datasets\Normal\012.png,normal,normal,0.992716,0.992716,0.007284,True,119,501,181,563
114,4.75,7,data\real\pharmaceutical_capsules\extracted\datasets\Anomaly\124.png,defective,defective,0.999966,3.4e-05,0.999966,True,1057,154,1119,216
114,4.75,8,data\real\pharmaceutical_capsules\extracted\datasets\Anomaly\192.png,defective,defective,0.999946,5.4e-05,0.999946,True,491,312,553,374
114,4.75,9,data\real\pharmaceutical_capsules\extracted\datasets\Normal\492.png,normal,normal,0.999762,0.999762,0.000238,True,918,476,980,538
114,4.75,10,data\real\pharmaceutical_capsules\extracted\datasets\Anomaly\351.png,defective,normal,0.671338,0.671338,0.328662,False,180,143,242,205
114,4.75,11,data\real\pharmaceutical_capsules\extracted\datasets\Normal\305.png,normal,normal,0.999814,0.999814,0.000186,True,606,324,668,386
114,4.75,12,data\real\pharmaceutical_capsules\extracted\datasets\Normal\082.png,normal,normal,0.999814,0.999814,0.000186,True,236,496,298,558
114,4.75,13,data\real\pharmaceutical_capsules\extracted\datasets\Normal\481.png,normal,normal,0.999822,0.999822,0.000178,True,448,161,510,223
114,4.75,14,data\real\pharmaceutical_capsules\extracted\datasets\Anomaly\455.png,defective,defective,0.99982,0.00018,0.99982,True,858,325,920,387
114,4.75,15,data\real\pharmaceutical_capsules\extracted\datasets\Normal\446.png,normal,normal,0.999598,0.999598,0.000402,True,104,469,166,531
114,4.75,16,data\real\pharmaceutical_capsules\extracted\datasets\Normal\067.png,normal,normal,0.999754,0.999754,0.000246,True,192,142,254,204
114,4.75,17,data\real\pharmaceutical_capsules\extracted\datasets\Normal\338.png,normal,normal,0.999837,0.999837,0.000163,True,312,326,374,388
114,4.75,18,data\real\pharmaceutical_capsules\extracted\datasets\Anomaly\140.png,defective,defective,0.99995,5e-05,0.99995,True,16,490,78,552
114,4.75,19,data\real\pharmaceutical_capsules\extracted\datasets\Anomaly\242.png,defective,defective,0.9999,0.0001,0.9999,True,937,154,999,216
114,4.75,20,data\real\pharmaceutical_capsules\extracted\datasets\Normal\158.png,normal,normal,0.999763,0.999763,0.000237,True,77,306,139,368
114,4.75,21,data\real\pharmaceutical_capsules\extracted\datasets\Anomaly\415.png,defective,defective,0.999412,0.000588,0.999412,True,702,482,764,544
114,4.75,22,data\real\pharmaceutical_capsules\extracted\datasets\Normal\427.png,normal,normal,0.99977,0.99977,0.00023,True,968,151,1030,213
114,4.75,23,data\real\pharmaceutical_capsules\extracted\datasets\Normal\424.png,normal,normal,0.999628,0.999628,0.000372,True,281,305,343,367
114,4.75,24,data\real\pharmaceutical_capsules\extracted\datasets\Normal\443.png,normal,normal,0.99986,0.99986,0.00014,True,524,487,586,549
114,4.75,25,data\real\pharmaceutical_capsules\extracted\datasets\Anomaly\321.png,defective,defective,0.999956,4.4e-05,0.999956,True,567,157,629,219
114,4.75,26,data\real\pharmaceutical_capsules\extracted\datasets\Normal\403.png,normal,normal,0.999762,0.999762,0.000238,True,1122,331,1184,393
114,4.75,27,data\real\pharmaceutical_capsules\extracted\datasets\Anomaly\459.png,defective,defective,0.99997,3e-05,0.99997,True,661,501,723,563
114,4.75,28,data\real\pharmaceutical_capsules\extracted\datasets\Anomaly\137.png,defective,defective,0.999974,2.6e-05,0.999974,True,1231,162,1279,224
114,4.75,29,data\real\pharmaceutical_capsules\extracted\datasets\Anomaly\587.png,defective,defective,0.99997,3e-05,0.99997,True,479,310,541,372
114,4.75,30,data\real\pharmaceutical_capsules\extracted\datasets\Normal\440.png,normal,normal,0.99979,0.99979,0.00021,True,599,470,661,532
114,4.75,31,data\real\pharmaceutical_capsules\extracted\datasets\Anomaly\469.png,defective,defective,0.999943,5.7e-05,0.999943,True,678,147,740,209
114,4.75,32,data\real\pharmaceutical_capsules\extracted\datasets\Anomaly\094.png,defective,defective,0.999814,0.000186,0.999814,True,1023,306,1085,368
114,4.75,33,data\real\pharmaceutical_capsules\extracted\datasets\Anomaly\273.png,defective,defective,0.99996,4e-05,0.99996,True,1245,496,1279,558
114,4.75,34,data\real\pharmaceutical_capsules\extracted\datasets\Normal\033.png,normal,normal,0.999738,0.999738,0.000262,True,445,137,507,199
114,4.75,35,data\real\pharmaceutical_capsules\extracted\datasets\Anomaly\071.png,defective,defective,0.999933,6.7e-05,0.999933,True,629,336,691,398
114,4.75,36,data\real\pharmaceutical_capsules\extracted\datasets\Normal\386.png,normal,normal,0.999792,0.999792,0.000208,True,186,488,248,550
115,4.792,1,data\real\pharmaceutical_capsules\extracted\datasets\Anomaly\316.png,defective,defective,0.999963,3.7e-05,0.999963,True,25,138,87,200
115,4.792,2,data\real\pharmaceutical_capsules\extracted\datasets\Normal\068.png,normal,normal,0.999773,0.999773,0.000227,True,800,310,862,372
115,4.792,3,data\real\pharmaceutical_capsules\extracted\datasets\Normal\149.png,normal,normal,0.999805,0.999805,0.000195,True,73,501,135,563
115,4.792,4,data\real\pharmaceutical_capsules\extracted\datasets\Anomaly\443.png,defective,defective,0.999923,7.7e-05,0.999923,True,1027,138,1089,200
115,4.792,5,data\real\pharmaceutical_capsules\extracted\datasets\Anomaly\221.png,defective,defective,0.999938,6.2e-05,0.999938,True,785,303,847,365
115,4.792,6,data\real\pharmaceutical_capsules\extracted\datasets\Normal\012.png,normal,normal,0.992716,0.992716,0.007284,True,124,501,186,563
115,4.792,7,data\real\pharmaceutical_capsules\extracted\datasets\Anomaly\124.png,defective,defective,0.999966,3.4e-05,0.999966,True,1062,154,1124,216
115,4.792,8,data\real\pharmaceutical_capsules\extracted\datasets\Anomaly\192.png,defective,defective,0.999946,5.4e-05,0.999946,True,495,312,557,374
115,4.792,9,data\real\pharmaceutical_capsules\extracted\datasets\Normal\492.png,normal,normal,0.999762,0.999762,0.000238,True,923,476,985,538
115,4.792,10,data\real\pharmaceutical_capsules\extracted\datasets\Anomaly\351.png,defective,normal,0.671338,0.671338,0.328662,False,184,143,246,205
115,4.792,11,data\real\pharmaceutical_capsules\extracted\datasets\Normal\305.png,normal,normal,0.999814,0.999814,0.000186,True,611,324,673,386
115,4.792,12,data\real\pharmaceutical_capsules\extracted\datasets\Normal\082.png,normal,normal,0.999814,0.999814,0.000186,True,240,496,302,558
115,4.792,13,data\real\pharmaceutical_capsules\extracted\datasets\Normal\481.png,normal,normal,0.999822,0.999822,0.000178,True,453,161,515,223
115,4.792,14,data\real\pharmaceutical_capsules\extracted\datasets\Anomaly\455.png,defective,defective,0.99982,0.00018,0.99982,True,862,325,924,387
115,4.792,15,data\real\pharmaceutical_capsules\extracted\datasets\Normal\446.png,normal,normal,0.999598,0.999598,0.000402,True,109,469,171,531
115,4.792,16,data\real\pharmaceutical_capsules\extracted\datasets\Normal\067.png,normal,normal,0.999754,0.999754,0.000246,True,197,142,259,204
115,4.792,17,data\real\pharmaceutical_capsules\extracted\datasets\Normal\338.png,normal,normal,0.999837,0.999837,0.000163,True,316,326,378,388
115,4.792,18,data\real\pharmaceutical_capsules\extracted\datasets\Anomaly\140.png,defective,defective,0.99995,5e-05,0.99995,True,21,490,83,552
115,4.792,19,data\real\pharmaceutical_capsules\extracted\datasets\Anomaly\242.png,defective,defective,0.9999,0.0001,0.9999,True,942,154,1004,216
115,4.792,20,data\real\pharmaceutical_capsules\extracted\datasets\Normal\158.png,normal,normal,0.999763,0.999763,0.000237,True,82,306,144,368
115,4.792,21,data\real\pharmaceutical_capsules\extracted\datasets\Anomaly\415.png,defective,defective,0.999412,0.000588,0.999412,True,706,482,768,544
115,4.792,22,data\real\pharmaceutical_capsules\extracted\datasets\Normal\427.png,normal,normal,0.99977,0.99977,0.00023,True,973,151,1035,213
115,4.792,23,data\real\pharmaceutical_capsules\extracted\datasets\Normal\424.png,normal,normal,0.999628,0.999628,0.000372,True,286,305,348,367
115,4.792,24,data\real\pharmaceutical_capsules\extracted\datasets\Normal\443.png,normal,normal,0.99986,0.99986,0.00014,True,528,487,590,549
115,4.792,25,data\real\pharmaceutical_capsules\extracted\datasets\Anomaly\321.png,defective,defective,0.999956,4.4e-05,0.999956,True,572,157,634,219
115,4.792,26,data\real\pharmaceutical_capsules\extracted\datasets\Normal\403.png,normal,normal,0.999762,0.999762,0.000238,True,1126,331,1188,393
115,4.792,27,data\real\pharmaceutical_capsules\extracted\datasets\Anomaly\459.png,defective,defective,0.99997,3e-05,0.99997,True,666,501,728,563
115,4.792,28,data\real\pharmaceutical_capsules\extracted\datasets\Anomaly\137.png,defective,defective,0.999974,2.6e-05,0.999974,True,1235,162,1279,224
115,4.792,29,data\real\pharmaceutical_capsules\extracted\datasets\Anomaly\587.png,defective,defective,0.99997,3e-05,0.99997,True,484,310,546,372
115,4.792,30,data\real\pharmaceutical_capsules\extracted\datasets\Normal\440.png,normal,normal,0.99979,0.99979,0.00021,True,603,470,665,532
115,4.792,31,data\real\pharmaceutical_capsules\extracted\datasets\Anomaly\469.png,defective,defective,0.999943,5.7e-05,0.999943,True,683,147,745,209
115,4.792,32,data\real\pharmaceutical_capsules\extracted\datasets\Anomaly\094.png,defective,defective,0.999814,0.000186,0.999814,True,1027,306,1089,368
115,4.792,33,data\real\pharmaceutical_capsules\extracted\datasets\Anomaly\273.png,defective,defective,0.99996,4e-05,0.99996,True,0,496,33,558
115,4.792,34,data\real\pharmaceutical_capsules\extracted\datasets\Normal\033.png,normal,normal,0.999738,0.999738,0.000262,True,450,137,512,199
115,4.792,35,data\real\pharmaceutical_capsules\extracted\datasets\Anomaly\071.png,defective,defective,0.999933,6.7e-05,0.999933,True,634,336,696,398
115,4.792,36,data\real\pharmaceutical_capsules\extracted\datasets\Normal\386.png,normal,normal,0.999792,0.999792,0.000208,True,191,488,253,550
116,4.833,1,data\real\pharmaceutical_capsules\extracted\datasets\Anomaly\316.png,defective,defective,0.999963,3.7e-05,0.999963,True,30,138,92,200
116,4.833,2,data\real\pharmaceutical_capsules\extracted\datasets\Normal\068.png,normal,normal,0.999773,0.999773,0.000227,True,805,310,867,372
116,4.833,3,data\real\pharmaceutical_capsules\extracted\datasets\Normal\149.png,normal,normal,0.999805,0.999805,0.000195,True,78,501,140,563
116,4.833,4,data\real\pharmaceutical_capsules\extracted\datasets\Anomaly\443.png,defective,defective,0.999923,7.7e-05,0.999923,True,1032,138,1094,200
116,4.833,5,data\real\pharmaceutical_capsules\extracted\datasets\Anomaly\221.png,defective,defective,0.999938,6.2e-05,0.999938,True,789,303,851,365
116,4.833,6,data\real\pharmaceutical_capsules\extracted\datasets\Normal\012.png,normal,normal,0.992716,0.992716,0.007284,True,128,501,190,563
116,4.833,7,data\real\pharmaceutical_capsules\extracted\datasets\Anomaly\124.png,defective,defective,0.999966,3.4e-05,0.999966,True,1066,154,1128,216
116,4.833,8,data\real\pharmaceutical_capsules\extracted\datasets\Anomaly\192.png,defective,defective,0.999946,5.4e-05,0.999946,True,500,312,562,374
116,4.833,9,data\real\pharmaceutical_capsules\extracted\datasets\Normal\492.png,normal,normal,0.999762,0.999762,0.000238,True,927,476,989,538
116,4.833,10,data\real\pharmaceutical_capsules\extracted\datasets\Anomaly\351.png,defective,normal,0.671338,0.671338,0.328662,False,189,143,251,205
116,4.833,11,data\real\pharmaceutical_capsules\extracted\datasets\Normal\305.png,normal,normal,0.999814,0.999814,0.000186,True,615,324,677,386
116,4.833,12,data\real\pharmaceutical_capsules\extracted\datasets\Normal\082.png,normal,normal,0.999814,0.999814,0.000186,True,245,496,307,558
116,4.833,13,data\real\pharmaceutical_capsules\extracted\datasets\Normal\481.png,normal,normal,0.999822,0.999822,0.000178,True,457,161,519,223
116,4.833,14,data\real\pharmaceutical_capsules\extracted\datasets\Anomaly\455.png,defective,defective,0.99982,0.00018,0.99982,True,867,325,929,387
116,4.833,15,data\real\pharmaceutical_capsules\extracted\datasets\Normal\446.png,normal,normal,0.999598,0.999598,0.000402,True,113,469,175,531
116,4.833,16,data\real\pharmaceutical_capsules\extracted\datasets\Normal\067.png,normal,normal,0.999754,0.999754,0.000246,True,201,142,263,204
116,4.833,17,data\real\pharmaceutical_capsules\extracted\datasets\Normal\338.png,normal,normal,0.999837,0.999837,0.000163,True,321,326,383,388
116,4.833,18,data\real\pharmaceutical_capsules\extracted\datasets\Anomaly\140.png,defective,defective,0.99995,5e-05,0.99995,True,25,490,87,552
116,4.833,19,data\real\pharmaceutical_capsules\extracted\datasets\Anomaly\242.png,defective,defective,0.9999,0.0001,0.9999,True,946,154,1008,216
116,4.833,20,data\real\pharmaceutical_capsules\extracted\datasets\Normal\158.png,normal,normal,0.999763,0.999763,0.000237,True,86,306,148,368
116,4.833,21,data\real\pharmaceutical_capsules\extracted\datasets\Anomaly\415.png,defective,defective,0.999412,0.000588,0.999412,True,711,482,773,544
116,4.833,22,data\real\pharmaceutical_capsules\extracted\datasets\Normal\427.png,normal,normal,0.99977,0.99977,0.00023,True,977,151,1039,213
116,4.833,23,data\real\pharmaceutical_capsules\extracted\datasets\Normal\424.png,normal,normal,0.999628,0.999628,0.000372,True,290,305,352,367
116,4.833,24,data\real\pharmaceutical_capsules\extracted\datasets\Normal\443.png,normal,normal,0.99986,0.99986,0.00014,True,533,487,595,549
116,4.833,25,data\real\pharmaceutical_capsules\extracted\datasets\Anomaly\321.png,defective,defective,0.999956,4.4e-05,0.999956,True,576,157,638,219
116,4.833,26,data\real\pharmaceutical_capsules\extracted\datasets\Normal\403.png,normal,normal,0.999762,0.999762,0.000238,True,1131,331,1193,393
116,4.833,27,data\real\pharmaceutical_capsules\extracted\datasets\Anomaly\459.png,defective,defective,0.99997,3e-05,0.99997,True,670,501,732,563
116,4.833,28,data\real\pharmaceutical_capsules\extracted\datasets\Anomaly\137.png,defective,defective,0.999974,2.6e-05,0.999974,True,1240,162,1279,224
116,4.833,29,data\real\pharmaceutical_capsules\extracted\datasets\Anomaly\587.png,defective,defective,0.99997,3e-05,0.99997,True,488,310,550,372
116,4.833,30,data\real\pharmaceutical_capsules\extracted\datasets\Normal\440.png,normal,normal,0.99979,0.99979,0.00021,True,608,470,670,532
116,4.833,31,data\real\pharmaceutical_capsules\extracted\datasets\Anomaly\469.png,defective,defective,0.999943,5.7e-05,0.999943,True,687,147,749,209
116,4.833,32,data\real\pharmaceutical_capsules\extracted\datasets\Anomaly\094.png,defective,defective,0.999814,0.000186,0.999814,True,1032,306,1094,368
116,4.833,33,data\real\pharmaceutical_capsules\extracted\datasets\Anomaly\273.png,defective,defective,0.99996,4e-05,0.99996,True,0,496,37,558
116,4.833,34,data\real\pharmaceutical_capsules\extracted\datasets\Normal\033.png,normal,normal,0.999738,0.999738,0.000262,True,454,137,516,199
116,4.833,35,data\real\pharmaceutical_capsules\extracted\datasets\Anomaly\071.png,defective,defective,0.999933,6.7e-05,0.999933,True,638,336,700,398
116,4.833,36,data\real\pharmaceutical_capsules\extracted\datasets\Normal\386.png,normal,normal,0.999792,0.999792,0.000208,True,195,488,257,550
117,4.875,1,data\real\pharmaceutical_capsules\extracted\datasets\Anomaly\316.png,defective,defective,0.999963,3.7e-05,0.999963,True,34,138,96,200
117,4.875,2,data\real\pharmaceutical_capsules\extracted\datasets\Normal\068.png,normal,normal,0.999773,0.999773,0.000227,True,809,310,871,372
117,4.875,3,data\real\pharmaceutical_capsules\extracted\datasets\Normal\149.png,normal,normal,0.999805,0.999805,0.000195,True,82,501,144,563
117,4.875,4,data\real\pharmaceutical_capsules\extracted\datasets\Anomaly\443.png,defective,defective,0.999923,7.7e-05,0.999923,True,1036,138,1098,200
117,4.875,5,data\real\pharmaceutical_capsules\extracted\datasets\Anomaly\221.png,defective,defective,0.999938,6.2e-05,0.999938,True,794,303,856,365
117,4.875,6,data\real\pharmaceutical_capsules\extracted\datasets\Normal\012.png,normal,normal,0.992716,0.992716,0.007284,True,133,501,195,563
117,4.875,7,data\real\pharmaceutical_capsules\extracted\datasets\Anomaly\124.png,defective,defective,0.999966,3.4e-05,0.999966,True,1071,154,1133,216
117,4.875,8,data\real\pharmaceutical_capsules\extracted\datasets\Anomaly\192.png,defective,defective,0.999946,5.4e-05,0.999946,True,504,312,566,374
117,4.875,9,data\real\pharmaceutical_capsules\extracted\datasets\Normal\492.png,normal,normal,0.999762,0.999762,0.000238,True,932,476,994,538
117,4.875,10,data\real\pharmaceutical_capsules\extracted\datasets\Anomaly\351.png,defective,normal,0.671338,0.671338,0.328662,False,193,143,255,205
117,4.875,11,data\real\pharmaceutical_capsules\extracted\datasets\Normal\305.png,normal,normal,0.999814,0.999814,0.000186,True,620,324,682,386
117,4.875,12,data\real\pharmaceutical_capsules\extracted\datasets\Normal\082.png,normal,normal,0.999814,0.999814,0.000186,True,249,496,311,558
117,4.875,13,data\real\pharmaceutical_capsules\extracted\datasets\Normal\481.png,normal,normal,0.999822,0.999822,0.000178,True,462,161,524,223
117,4.875,14,data\real\pharmaceutical_capsules\extracted\datasets\Anomaly\455.png,defective,defective,0.99982,0.00018,0.99982,True,871,325,933,387
117,4.875,15,data\real\pharmaceutical_capsules\extracted\datasets\Normal\446.png,normal,normal,0.999598,0.999598,0.000402,True,118,469,180,531
117,4.875,16,data\real\pharmaceutical_capsules\extracted\datasets\Normal\067.png,normal,normal,0.999754,0.999754,0.000246,True,206,142,268,204
117,4.875,17,data\real\pharmaceutical_capsules\extracted\datasets\Normal\338.png,normal,normal,0.999837,0.999837,0.000163,True,325,326,387,388
117,4.875,18,data\real\pharmaceutical_capsules\extracted\datasets\Anomaly\140.png,defective,defective,0.99995,5e-05,0.99995,True,30,490,92,552
117,4.875,19,data\real\pharmaceutical_capsules\extracted\datasets\Anomaly\242.png,defective,defective,0.9999,0.0001,0.9999,True,951,154,1013,216
117,4.875,20,data\real\pharmaceutical_capsules\extracted\datasets\Normal\158.png,normal,normal,0.999763,0.999763,0.000237,True,91,306,153,368
117,4.875,21,data\real\pharmaceutical_capsules\extracted\datasets\Anomaly\415.png,defective,defective,0.999412,0.000588,0.999412,True,715,482,777,544
117,4.875,22,data\real\pharmaceutical_capsules\extracted\datasets\Normal\427.png,normal,normal,0.99977,0.99977,0.00023,True,982,151,1044,213
117,4.875,23,data\real\pharmaceutical_capsules\extracted\datasets\Normal\424.png,normal,normal,0.999628,0.999628,0.000372,True,295,305,357,367
117,4.875,24,data\real\pharmaceutical_capsules\extracted\datasets\Normal\443.png,normal,normal,0.99986,0.99986,0.00014,True,537,487,599,549
117,4.875,25,data\real\pharmaceutical_capsules\extracted\datasets\Anomaly\321.png,defective,defective,0.999956,4.4e-05,0.999956,True,581,157,643,219
117,4.875,26,data\real\pharmaceutical_capsules\extracted\datasets\Normal\403.png,normal,normal,0.999762,0.999762,0.000238,True,1135,331,1197,393
117,4.875,27,data\real\pharmaceutical_capsules\extracted\datasets\Anomaly\459.png,defective,defective,0.99997,3e-05,0.99997,True,675,501,737,563
117,4.875,28,data\real\pharmaceutical_capsules\extracted\datasets\Anomaly\137.png,defective,defective,0.999974,2.6e-05,0.999974,True,1244,162,1279,224
117,4.875,29,data\real\pharmaceutical_capsules\extracted\datasets\Anomaly\587.png,defective,defective,0.99997,3e-05,0.99997,True,493,310,555,372
117,4.875,30,data\real\pharmaceutical_capsules\extracted\datasets\Normal\440.png,normal,normal,0.99979,0.99979,0.00021,True,612,470,674,532
117,4.875,31,data\real\pharmaceutical_capsules\extracted\datasets\Anomaly\469.png,defective,defective,0.999943,5.7e-05,0.999943,True,692,147,754,209
117,4.875,32,data\real\pharmaceutical_capsules\extracted\datasets\Anomaly\094.png,defective,defective,0.999814,0.000186,0.999814,True,1036,306,1098,368
117,4.875,33,data\real\pharmaceutical_capsules\extracted\datasets\Anomaly\273.png,defective,defective,0.99996,4e-05,0.99996,True,0,496,42,558
117,4.875,34,data\real\pharmaceutical_capsules\extracted\datasets\Normal\033.png,normal,normal,0.999738,0.999738,0.000262,True,459,137,521,199
117,4.875,35,data\real\pharmaceutical_capsules\extracted\datasets\Anomaly\071.png,defective,defective,0.999933,6.7e-05,0.999933,True,643,336,705,398
117,4.875,36,data\real\pharmaceutical_capsules\extracted\datasets\Normal\386.png,normal,normal,0.999792,0.999792,0.000208,True,200,488,262,550
118,4.917,1,data\real\pharmaceutical_capsules\extracted\datasets\Anomaly\316.png,defective,defective,0.999963,3.7e-05,0.999963,True,39,138,101,200
118,4.917,2,data\real\pharmaceutical_capsules\extracted\datasets\Normal\068.png,normal,normal,0.999773,0.999773,0.000227,True,814,310,876,372
118,4.917,3,data\real\pharmaceutical_capsules\extracted\datasets\Normal\149.png,normal,normal,0.999805,0.999805,0.000195,True,87,501,149,563
118,4.917,4,data\real\pharmaceutical_capsules\extracted\datasets\Anomaly\443.png,defective,defective,0.999923,7.7e-05,0.999923,True,1041,138,1103,200
118,4.917,5,data\real\pharmaceutical_capsules\extracted\datasets\Anomaly\221.png,defective,defective,0.999938,6.2e-05,0.999938,True,798,303,860,365
118,4.917,6,data\real\pharmaceutical_capsules\extracted\datasets\Normal\012.png,normal,normal,0.992716,0.992716,0.007284,True,137,501,199,563
118,4.917,7,data\real\pharmaceutical_capsules\extracted\datasets\Anomaly\124.png,defective,defective,0.999966,3.4e-05,0.999966,True,1075,154,1137,216
118,4.917,8,data\real\pharmaceutical_capsules\extracted\datasets\Anomaly\192.png,defective,defective,0.999946,5.4e-05,0.999946,True,509,312,571,374
118,4.917,9,data\real\pharmaceutical_capsules\extracted\datasets\Normal\492.png,normal,normal,0.999762,0.999762,0.000238,True,936,476,998,538
118,4.917,10,data\real\pharmaceutical_capsules\extracted\datasets\Anomaly\351.png,defective,normal,0.671338,0.671338,0.328662,False,198,143,260,205
118,4.917,11,data\real\pharmaceutical_capsules\extracted\datasets\Normal\305.png,normal,normal,0.999814,0.999814,0.000186,True,624,324,686,386
118,4.917,12,data\real\pharmaceutical_capsules\extracted\datasets\Normal\082.png,normal,normal,0.999814,0.999814,0.000186,True,254,496,316,558
118,4.917,13,data\real\pharmaceutical_capsules\extracted\datasets\Normal\481.png,normal,normal,0.999822,0.999822,0.000178,True,466,161,528,223
118,4.917,14,data\real\pharmaceutical_capsules\extracted\datasets\Anomaly\455.png,defective,defective,0.99982,0.00018,0.99982,True,876,325,938,387
118,4.917,15,data\real\pharmaceutical_capsules\extracted\datasets\Normal\446.png,normal,normal,0.999598,0.999598,0.000402,True,122,469,184,531
118,4.917,16,data\real\pharmaceutical_capsules\extracted\datasets\Normal\067.png,normal,normal,0.999754,0.999754,0.000246,True,210,142,272,204
118,4.917,17,data\real\pharmaceutical_capsules\extracted\datasets\Normal\338.png,normal,normal,0.999837,0.999837,0.000163,True,330,326,392,388
118,4.917,18,data\real\pharmaceutical_capsules\extracted\datasets\Anomaly\140.png,defective,defective,0.99995,5e-05,0.99995,True,34,490,96,552
118,4.917,19,data\real\pharmaceutical_capsules\extracted\datasets\Anomaly\242.png,defective,defective,0.9999,0.0001,0.9999,True,955,154,1017,216
118,4.917,20,data\real\pharmaceutical_capsules\extracted\datasets\Normal\158.png,normal,normal,0.999763,0.999763,0.000237,True,95,306,157,368
118,4.917,21,data\real\pharmaceutical_capsules\extracted\datasets\Anomaly\415.png,defective,defective,0.999412,0.000588,0.999412,True,720,482,782,544
118,4.917,22,data\real\pharmaceutical_capsules\extracted\datasets\Normal\427.png,normal,normal,0.99977,0.99977,0.00023,True,986,151,1048,213
118,4.917,23,data\real\pharmaceutical_capsules\extracted\datasets\Normal\424.png,normal,normal,0.999628,0.999628,0.000372,True,299,305,361,367
118,4.917,24,data\real\pharmaceutical_capsules\extracted\datasets\Normal\443.png,normal,normal,0.99986,0.99986,0.00014,True,542,487,604,549
118,4.917,25,data\real\pharmaceutical_capsules\extracted\datasets\Anomaly\321.png,defective,defective,0.999956,4.4e-05,0.999956,True,585,157,647,219
118,4.917,26,data\real\pharmaceutical_capsules\extracted\datasets\Normal\403.png,normal,normal,0.999762,0.999762,0.000238,True,1140,331,1202,393
118,4.917,27,data\real\pharmaceutical_capsules\extracted\datasets\Anomaly\459.png,defective,defective,0.99997,3e-05,0.99997,True,679,501,741,563
118,4.917,28,data\real\pharmaceutical_capsules\extracted\datasets\Anomaly\137.png,defective,defective,0.999974,2.6e-05,0.999974,True,1249,162,1279,224
118,4.917,29,data\real\pharmaceutical_capsules\extracted\datasets\Anomaly\587.png,defective,defective,0.99997,3e-05,0.99997,True,497,310,559,372
118,4.917,30,data\real\pharmaceutical_capsules\extracted\datasets\Normal\440.png,normal,normal,0.99979,0.99979,0.00021,True,617,470,679,532
118,4.917,31,data\real\pharmaceutical_capsules\extracted\datasets\Anomaly\469.png,defective,defective,0.999943,5.7e-05,0.999943,True,696,147,758,209
118,4.917,32,data\real\pharmaceutical_capsules\extracted\datasets\Anomaly\094.png,defective,defective,0.999814,0.000186,0.999814,True,1041,306,1103,368
118,4.917,33,data\real\pharmaceutical_capsules\extracted\datasets\Anomaly\273.png,defective,defective,0.99996,4e-05,0.99996,True,0,496,46,558
118,4.917,34,data\real\pharmaceutical_capsules\extracted\datasets\Normal\033.png,normal,normal,0.999738,0.999738,0.000262,True,463,137,525,199
118,4.917,35,data\real\pharmaceutical_capsules\extracted\datasets\Anomaly\071.png,defective,defective,0.999933,6.7e-05,0.999933,True,647,336,709,398
118,4.917,36,data\real\pharmaceutical_capsules\extracted\datasets\Normal\386.png,normal,normal,0.999792,0.999792,0.000208,True,204,488,266,550
119,4.958,1,data\real\pharmaceutical_capsules\extracted\datasets\Anomaly\316.png,defective,defective,0.999963,3.7e-05,0.999963,True,43,138,105,200
119,4.958,2,data\real\pharmaceutical_capsules\extracted\datasets\Normal\068.png,normal,normal,0.999773,0.999773,0.000227,True,818,310,880,372
119,4.958,3,data\real\pharmaceutical_capsules\extracted\datasets\Normal\149.png,normal,normal,0.999805,0.999805,0.000195,True,91,501,153,563
119,4.958,4,data\real\pharmaceutical_capsules\extracted\datasets\Anomaly\443.png,defective,defective,0.999923,7.7e-05,0.999923,True,1045,138,1107,200
119,4.958,5,data\real\pharmaceutical_capsules\extracted\datasets\Anomaly\221.png,defective,defective,0.999938,6.2e-05,0.999938,True,803,303,865,365
119,4.958,6,data\real\pharmaceutical_capsules\extracted\datasets\Normal\012.png,normal,normal,0.992716,0.992716,0.007284,True,142,501,204,563
119,4.958,7,data\real\pharmaceutical_capsules\extracted\datasets\Anomaly\124.png,defective,defective,0.999966,3.4e-05,0.999966,True,1080,154,1142,216
119,4.958,8,data\real\pharmaceutical_capsules\extracted\datasets\Anomaly\192.png,defective,defective,0.999946,5.4e-05,0.999946,True,513,312,575,374
119,4.958,9,data\real\pharmaceutical_capsules\extracted\datasets\Normal\492.png,normal,normal,0.999762,0.999762,0.000238,True,941,476,1003,538
119,4.958,10,data\real\pharmaceutical_capsules\extracted\datasets\Anomaly\351.png,defective,normal,0.671338,0.671338,0.328662,False,202,143,264,205
119,4.958,11,data\real\pharmaceutical_capsules\extracted\datasets\Normal\305.png,normal,normal,0.999814,0.999814,0.000186,True,629,324,691,386
119,4.958,12,data\real\pharmaceutical_capsules\extracted\datasets\Normal\082.png,normal,normal,0.999814,0.999814,0.000186,True,258,496,320,558
119,4.958,13,data\real\pharmaceutical_capsules\extracted\datasets\Normal\481.png,normal,normal,0.999822,0.999822,0.000178,True,471,161,533,223
119,4.958,14,data\real\pharmaceutical_capsules\extracted\datasets\Anomaly\455.png,defective,defective,0.99982,0.00018,0.99982,True,880,325,942,387
119,4.958,15,data\real\pharmaceutical_capsules\extracted\datasets\Normal\446.png,normal,normal,0.999598,0.999598,0.000402,True,127,469,189,531
119,4.958,16,data\real\pharmaceutical_capsules\extracted\datasets\Normal\067.png,normal,normal,0.999754,0.999754,0.000246,True,215,142,277,204
119,4.958,17,data\real\pharmaceutical_capsules\extracted\datasets\Normal\338.png,normal,normal,0.999837,0.999837,0.000163,True,334,326,396,388
119,4.958,18,data\real\pharmaceutical_capsules\extracted\datasets\Anomaly\140.png,defective,defective,0.99995,5e-05,0.99995,True,39,490,101,552
119,4.958,19,data\real\pharmaceutical_capsules\extracted\datasets\Anomaly\242.png,defective,defective,0.9999,0.0001,0.9999,True,960,154,1022,216
119,4.958,20,data\real\pharmaceutical_capsules\extracted\datasets\Normal\158.png,normal,normal,0.999763,0.999763,0.000237,True,100,306,162,368
119,4.958,21,data\real\pharmaceutical_capsules\extracted\datasets\Anomaly\415.png,defective,defective,0.999412,0.000588,0.999412,True,724,482,786,544
119,4.958,22,data\real\pharmaceutical_capsules\extracted\datasets\Normal\427.png,normal,normal,0.99977,0.99977,0.00023,True,991,151,1053,213
119,4.958,23,data\real\pharmaceutical_capsules\extracted\datasets\Normal\424.png,normal,normal,0.999628,0.999628,0.000372,True,304,305,366,367
119,4.958,24,data\real\pharmaceutical_capsules\extracted\datasets\Normal\443.png,normal,normal,0.99986,0.99986,0.00014,True,546,487,608,549
119,4.958,25,data\real\pharmaceutical_capsules\extracted\datasets\Anomaly\321.png,defective,defective,0.999956,4.4e-05,0.999956,True,590,157,652,219
119,4.958,26,data\real\pharmaceutical_capsules\extracted\datasets\Normal\403.png,normal,normal,0.999762,0.999762,0.000238,True,1144,331,1206,393
119,4.958,27,data\real\pharmaceutical_capsules\extracted\datasets\Anomaly\459.png,defective,defective,0.99997,3e-05,0.99997,True,684,501,746,563
119,4.958,28,data\real\pharmaceutical_capsules\extracted\datasets\Anomaly\137.png,defective,defective,0.999974,2.6e-05,0.999974,True,0,162,36,224
119,4.958,29,data\real\pharmaceutical_capsules\extracted\datasets\Anomaly\587.png,defective,defective,0.99997,3e-05,0.99997,True,502,310,564,372
119,4.958,30,data\real\pharmaceutical_capsules\extracted\datasets\Normal\440.png,normal,normal,0.99979,0.99979,0.00021,True,621,470,683,532
119,4.958,31,data\real\pharmaceutical_capsules\extracted\datasets\Anomaly\469.png,defective,defective,0.999943,5.7e-05,0.999943,True,701,147,763,209
119,4.958,32,data\real\pharmaceutical_capsules\extracted\datasets\Anomaly\094.png,defective,defective,0.999814,0.000186,0.999814,True,1045,306,1107,368
119,4.958,33,data\real\pharmaceutical_capsules\extracted\datasets\Anomaly\273.png,defective,defective,0.99996,4e-05,0.99996,True,0,496,51,558
119,4.958,34,data\real\pharmaceutical_capsules\extracted\datasets\Normal\033.png,normal,normal,0.999738,0.999738,0.000262,True,468,137,530,199
119,4.958,35,data\real\pharmaceutical_capsules\extracted\datasets\Anomaly\071.png,defective,defective,0.999933,6.7e-05,0.999933,True,652,336,714,398
119,4.958,36,data\real\pharmaceutical_capsules\extracted\datasets\Normal\386.png,normal,normal,0.999792,0.999792,0.000208,True,209,488,271,550
120,5.0,1,data\real\pharmaceutical_capsules\extracted\datasets\Anomaly\316.png,defective,defective,0.999963,3.7e-05,0.999963,True,48,138,110,200
120,5.0,2,data\real\pharmaceutical_capsules\extracted\datasets\Normal\068.png,normal,normal,0.999773,0.999773,0.000227,True,823,310,885,372
120,5.0,3,data\real\pharmaceutical_capsules\extracted\datasets\Normal\149.png,normal,normal,0.999805,0.999805,0.000195,True,96,501,158,563
120,5.0,4,data\real\pharmaceutical_capsules\extracted\datasets\Anomaly\443.png,defective,defective,0.999923,7.7e-05,0.999923,True,1050,138,1112,200
120,5.0,5,data\real\pharmaceutical_capsules\extracted\datasets\Anomaly\221.png,defective,defective,0.999938,6.2e-05,0.999938,True,807,303,869,365
120,5.0,6,data\real\pharmaceutical_capsules\extracted\datasets\Normal\012.png,normal,normal,0.992716,0.992716,0.007284,True,146,501,208,563
120,5.0,7,data\real\pharmaceutical_capsules\extracted\datasets\Anomaly\124.png,defective,defective,0.999966,3.4e-05,0.999966,True,1084,154,1146,216
120,5.0,8,data\real\pharmaceutical_capsules\extracted\datasets\Anomaly\192.png,defective,defective,0.999946,5.4e-05,0.999946,True,518,312,580,374
120,5.0,9,data\real\pharmaceutical_capsules\extracted\datasets\Normal\492.png,normal,normal,0.999762,0.999762,0.000238,True,945,476,1007,538
120,5.0,10,data\real\pharmaceutical_capsules\extracted\datasets\Anomaly\351.png,defective,normal,0.671338,0.671338,0.328662,False,207,143,269,205
120,5.0,11,data\real\pharmaceutical_capsules\extracted\datasets\Normal\305.png,normal,normal,0.999814,0.999814,0.000186,True,633,324,695,386
120,5.0,12,data\real\pharmaceutical_capsules\extracted\datasets\Normal\082.png,normal,normal,0.999814,0.999814,0.000186,True,263,496,325,558
120,5.0,13,data\real\pharmaceutical_capsules\extracted\datasets\Normal\481.png,normal,normal,0.999822,0.999822,0.000178,True,475,161,537,223
120,5.0,14,data\real\pharmaceutical_capsules\extracted\datasets\Anomaly\455.png,defective,defective,0.99982,0.00018,0.99982,True,885,325,947,387
120,5.0,15,data\real\pharmaceutical_capsules\extracted\datasets\Normal\446.png,normal,normal,0.999598,0.999598,0.000402,True,131,469,193,531
120,5.0,16,data\real\pharmaceutical_capsules\extracted\datasets\Normal\067.png,normal,normal,0.999754,0.999754,0.000246,True,219,142,281,204
120,5.0,17,data\real\pharmaceutical_capsules\extracted\datasets\Normal\338.png,normal,normal,0.999837,0.999837,0.000163,True,339,326,401,388
120,5.0,18,data\real\pharmaceutical_capsules\extracted\datasets\Anomaly\140.png,defective,defective,0.99995,5e-05,0.99995,True,43,490,105,552
120,5.0,19,data\real\pharmaceutical_capsules\extracted\datasets\Anomaly\242.png,defective,defective,0.9999,0.0001,0.9999,True,964,154,1026,216
120,5.0,20,data\real\pharmaceutical_capsules\extracted\datasets\Normal\158.png,normal,normal,0.999763,0.999763,0.000237,True,104,306,166,368
120,5.0,21,data\real\pharmaceutical_capsules\extracted\datasets\Anomaly\415.png,defective,defective,0.999412,0.000588,0.999412,True,729,482,791,544
120,5.0,22,data\real\pharmaceutical_capsules\extracted\datasets\Normal\427.png,normal,normal,0.99977,0.99977,0.00023,True,995,151,1057,213
120,5.0,23,data\real\pharmaceutical_capsules\extracted\datasets\Normal\424.png,normal,normal,0.999628,0.999628,0.000372,True,308,305,370,367
120,5.0,24,data\real\pharmaceutical_capsules\extracted\datasets\Normal\443.png,normal,normal,0.99986,0.99986,0.00014,True,551,487,613,549
120,5.0,25,data\real\pharmaceutical_capsules\extracted\datasets\Anomaly\321.png,defective,defective,0.999956,4.4e-05,0.999956,True,594,157,656,219
120,5.0,26,data\real\pharmaceutical_capsules\extracted\datasets\Normal\403.png,normal,normal,0.999762,0.999762,0.000238,True,1149,331,1211,393
120,5.0,27,data\real\pharmaceutical_capsules\extracted\datasets\Anomaly\459.png,defective,defective,0.99997,3e-05,0.99997,True,688,501,750,563
120,5.0,28,data\real\pharmaceutical_capsules\extracted\datasets\Anomaly\137.png,defective,defective,0.999974,2.6e-05,0.999974,True,0,162,41,224
120,5.0,29,data\real\pharmaceutical_capsules\extracted\datasets\Anomaly\587.png,defective,defective,0.99997,3e-05,0.99997,True,506,310,568,372
120,5.0,30,data\real\pharmaceutical_capsules\extracted\datasets\Normal\440.png,normal,normal,0.99979,0.99979,0.00021,True,626,470,688,532
120,5.0,31,data\real\pharmaceutical_capsules\extracted\datasets\Anomaly\469.png,defective,defective,0.999943,5.7e-05,0.999943,True,705,147,767,209
120,5.0,32,data\real\pharmaceutical_capsules\extracted\datasets\Anomaly\094.png,defective,defective,0.999814,0.000186,0.999814,True,1050,306,1112,368
120,5.0,33,data\real\pharmaceutical_capsules\extracted\datasets\Anomaly\273.png,defective,defective,0.99996,4e-05,0.99996,True,0,496,55,558
120,5.0,34,data\real\pharmaceutical_capsules\extracted\datasets\Normal\033.png,normal,normal,0.999738,0.999738,0.000262,True,472,137,534,199
120,5.0,35,data\real\pharmaceutical_capsules\extracted\datasets\Anomaly\071.png,defective,defective,0.999933,6.7e-05,0.999933,True,656,336,718,398
120,5.0,36,data\real\pharmaceutical_capsules\extracted\datasets\Normal\386.png,normal,normal,0.999792,0.999792,0.000208,True,213,488,275,550
121,5.042,1,data\real\pharmaceutical_capsules\extracted\datasets\Anomaly\316.png,defective,defective,0.999963,3.7e-05,0.999963,True,52,138,114,200
121,5.042,2,data\real\pharmaceutical_capsules\extracted\datasets\Normal\068.png,normal,normal,0.999773,0.999773,0.000227,True,827,310,889,372
121,5.042,3,data\real\pharmaceutical_capsules\extracted\datasets\Normal\149.png,normal,normal,0.999805,0.999805,0.000195,True,100,501,162,563
121,5.042,4,data\real\pharmaceutical_capsules\extracted\datasets\Anomaly\443.png,defective,defective,0.999923,7.7e-05,0.999923,True,1054,138,1116,200
121,5.042,5,data\real\pharmaceutical_capsules\extracted\datasets\Anomaly\221.png,defective,defective,0.999938,6.2e-05,0.999938,True,812,303,874,365
121,5.042,6,data\real\pharmaceutical_capsules\extracted\datasets\Normal\012.png,normal,normal,0.992716,0.992716,0.007284,True,151,501,213,563
121,5.042,7,data\real\pharmaceutical_capsules\extracted\datasets\Anomaly\124.png,defective,defective,0.999966,3.4e-05,0.999966,True,1089,154,1151,216
121,5.042,8,data\real\pharmaceutical_capsules\extracted\datasets\Anomaly\192.png,defective,defective,0.999946,5.4e-05,0.999946,True,522,312,584,374
121,5.042,9,data\real\pharmaceutical_capsules\extracted\datasets\Normal\492.png,normal,normal,0.999762,0.999762,0.000238,True,950,476,1012,538
121,5.042,10,data\real\pharmaceutical_capsules\extracted\datasets\Anomaly\351.png,defective,normal,0.671338,0.671338,0.328662,False,211,143,273,205
121,5.042,11,data\real\pharmaceutical_capsules\extracted\datasets\Normal\305.png,normal,normal,0.999814,0.999814,0.000186,True,638,324,700,386
121,5.042,12,data\real\pharmaceutical_capsules\extracted\datasets\Normal\082.png,normal,normal,0.999814,0.999814,0.000186,True,267,496,329,558
121,5.042,13,data\real\pharmaceutical_capsules\extracted\datasets\Normal\481.png,normal,normal,0.999822,0.999822,0.000178,True,480,161,542,223
121,5.042,14,data\real\pharmaceutical_capsules\extracted\datasets\Anomaly\455.png,defective,defective,0.99982,0.00018,0.99982,True,889,325,951,387
121,5.042,15,data\real\pharmaceutical_capsules\extracted\datasets\Normal\446.png,normal,normal,0.999598,0.999598,0.000402,True,136,469,198,531
121,5.042,16,data\real\pharmaceutical_capsules\extracted\datasets\Normal\067.png,normal,normal,0.999754,0.999754,0.000246,True,224,142,286,204
121,5.042,17,data\real\pharmaceutical_capsules\extracted\datasets\Normal\338.png,normal,normal,0.999837,0.999837,0.000163,True,343,326,405,388
121,5.042,18,data\real\pharmaceutical_capsules\extracted\datasets\Anomaly\140.png,defective,defective,0.99995,5e-05,0.99995,True,48,490,110,552
121,5.042,19,data\real\pharmaceutical_capsules\extracted\datasets\Anomaly\242.png,defective,defective,0.9999,0.0001,0.9999,True,969,154,1031,216
121,5.042,20,data\real\pharmaceutical_capsules\extracted\datasets\Normal\158.png,normal,normal,0.999763,0.999763,0.000237,True,109,306,171,368
121,5.042,21,data\real\pharmaceutical_capsules\extracted\datasets\Anomaly\415.png,defective,defective,0.999412,0.000588,0.999412,True,733,482,795,544
121,5.042,22,data\real\pharmaceutical_capsules\extracted\datasets\Normal\427.png,normal,normal,0.99977,0.99977,0.00023,True,1000,151,1062,213
121,5.042,23,data\real\pharmaceutical_capsules\extracted\datasets\Normal\424.png,normal,normal,0.999628,0.999628,0.000372,True,313,305,375,367
121,5.042,24,data\real\pharmaceutical_capsules\extracted\datasets\Normal\443.png,normal,normal,0.99986,0.99986,0.00014,True,555,487,617,549
121,5.042,25,data\real\pharmaceutical_capsules\extracted\datasets\Anomaly\321.png,defective,defective,0.999956,4.4e-05,0.999956,True,599,157,661,219
121,5.042,26,data\real\pharmaceutical_capsules\extracted\datasets\Normal\403.png,normal,normal,0.999762,0.999762,0.000238,True,1153,331,1215,393
121,5.042,27,data\real\pharmaceutical_capsules\extracted\datasets\Anomaly\459.png,defective,defective,0.99997,3e-05,0.99997,True,693,501,755,563
121,5.042,28,data\real\pharmaceutical_capsules\extracted\datasets\Anomaly\137.png,defective,defective,0.999974,2.6e-05,0.999974,True,0,162,45,224
121,5.042,29,data\real\pharmaceutical_capsules\extracted\datasets\Anomaly\587.png,defective,defective,0.99997,3e-05,0.99997,True,511,310,573,372
121,5.042,30,data\real\pharmaceutical_capsules\extracted\datasets\Normal\440.png,normal,normal,0.99979,0.99979,0.00021,True,630,470,692,532
121,5.042,31,data\real\pharmaceutical_capsules\extracted\datasets\Anomaly\469.png,defective,defective,0.999943,5.7e-05,0.999943,True,710,147,772,209
121,5.042,32,data\real\pharmaceutical_capsules\extracted\datasets\Anomaly\094.png,defective,defective,0.999814,0.000186,0.999814,True,1054,306,1116,368
121,5.042,33,data\real\pharmaceutical_capsules\extracted\datasets\Anomaly\273.png,defective,defective,0.99996,4e-05,0.99996,True,0,496,60,558
121,5.042,34,data\real\pharmaceutical_capsules\extracted\datasets\Normal\033.png,normal,normal,0.999738,0.999738,0.000262,True,477,137,539,199
121,5.042,35,data\real\pharmaceutical_capsules\extracted\datasets\Anomaly\071.png,defective,defective,0.999933,6.7e-05,0.999933,True,661,336,723,398
121,5.042,36,data\real\pharmaceutical_capsules\extracted\datasets\Normal\386.png,normal,normal,0.999792,0.999792,0.000208,True,218,488,280,550
122,5.083,1,data\real\pharmaceutical_capsules\extracted\datasets\Anomaly\316.png,defective,defective,0.999963,3.7e-05,0.999963,True,57,138,119,200
122,5.083,2,data\real\pharmaceutical_capsules\extracted\datasets\Normal\068.png,normal,normal,0.999773,0.999773,0.000227,True,832,310,894,372
122,5.083,3,data\real\pharmaceutical_capsules\extracted\datasets\Normal\149.png,normal,normal,0.999805,0.999805,0.000195,True,105,501,167,563
122,5.083,4,data\real\pharmaceutical_capsules\extracted\datasets\Anomaly\443.png,defective,defective,0.999923,7.7e-05,0.999923,True,1059,138,1121,200
122,5.083,5,data\real\pharmaceutical_capsules\extracted\datasets\Anomaly\221.png,defective,defective,0.999938,6.2e-05,0.999938,True,816,303,878,365
122,5.083,6,data\real\pharmaceutical_capsules\extracted\datasets\Normal\012.png,normal,normal,0.992716,0.992716,0.007284,True,155,501,217,563
122,5.083,7,data\real\pharmaceutical_capsules\extracted\datasets\Anomaly\124.png,defective,defective,0.999966,3.4e-05,0.999966,True,1093,154,1155,216
122,5.083,8,data\real\pharmaceutical_capsules\extracted\datasets\Anomaly\192.png,defective,defective,0.999946,5.4e-05,0.999946,True,527,312,589,374
122,5.083,9,data\real\pharmaceutical_capsules\extracted\datasets\Normal\492.png,normal,normal,0.999762,0.999762,0.000238,True,954,476,1016,538
122,5.083,10,data\real\pharmaceutical_capsules\extracted\datasets\Anomaly\351.png,defective,normal,0.671338,0.671338,0.328662,False,216,143,278,205
122,5.083,11,data\real\pharmaceutical_capsules\extracted\datasets\Normal\305.png,normal,normal,0.999814,0.999814,0.000186,True,642,324,704,386
122,5.083,12,data\real\pharmaceutical_capsules\extracted\datasets\Normal\082.png,normal,normal,0.999814,0.999814,0.000186,True,272,496,334,558
122,5.083,13,data\real\pharmaceutical_capsules\extracted\datasets\Normal\481.png,normal,normal,0.999822,0.999822,0.000178,True,484,161,546,223
122,5.083,14,data\real\pharmaceutical_capsules\extracted\datasets\Anomaly\455.png,defective,defective,0.99982,0.00018,0.99982,True,894,325,956,387
122,5.083,15,data\real\pharmaceutical_capsules\extracted\datasets\Normal\446.png,normal,normal,0.999598,0.999598,0.000402,True,140,469,202,531
122,5.083,16,data\real\pharmaceutical_capsules\extracted\datasets\Normal\067.png,normal,normal,0.999754,0.999754,0.000246,True,228,142,290,204
122,5.083,17,data\real\pharmaceutical_capsules\extracted\datasets\Normal\338.png,normal,normal,0.999837,0.999837,0.000163,True,348,326,410,388
122,5.083,18,data\real\pharmaceutical_capsules\extracted\datasets\Anomaly\140.png,defective,defective,0.99995,5e-05,0.99995,True,52,490,114,552
122,5.083,19,data\real\pharmaceutical_capsules\extracted\datasets\Anomaly\242.png,defective,defective,0.9999,0.0001,0.9999,True,973,154,1035,216
122,5.083,20,data\real\pharmaceutical_capsules\extracted\datasets\Normal\158.png,normal,normal,0.999763,0.999763,0.000237,True,113,306,175,368
122,5.083,21,data\real\pharmaceutical_capsules\extracted\datasets\Anomaly\415.png,defective,defective,0.999412,0.000588,0.999412,True,738,482,800,544
122,5.083,22,data\real\pharmaceutical_capsules\extracted\datasets\Normal\427.png,normal,normal,0.99977,0.99977,0.00023,True,1004,151,1066,213
122,5.083,23,data\real\pharmaceutical_capsules\extracted\datasets\Normal\424.png,normal,normal,0.999628,0.999628,0.000372,True,317,305,379,367
122,5.083,24,data\real\pharmaceutical_capsules\extracted\datasets\Normal\443.png,normal,normal,0.99986,0.99986,0.00014,True,560,487,622,549
122,5.083,25,data\real\pharmaceutical_capsules\extracted\datasets\Anomaly\321.png,defective,defective,0.999956,4.4e-05,0.999956,True,603,157,665,219
122,5.083,26,data\real\pharmaceutical_capsules\extracted\datasets\Normal\403.png,normal,normal,0.999762,0.999762,0.000238,True,1158,331,1220,393
122,5.083,27,data\real\pharmaceutical_capsules\extracted\datasets\Anomaly\459.png,defective,defective,0.99997,3e-05,0.99997,True,697,501,759,563
122,5.083,28,data\real\pharmaceutical_capsules\extracted\datasets\Anomaly\137.png,defective,defective,0.999974,2.6e-05,0.999974,True,0,162,50,224
122,5.083,29,data\real\pharmaceutical_capsules\extracted\datasets\Anomaly\587.png,defective,defective,0.99997,3e-05,0.99997,True,515,310,577,372
122,5.083,30,data\real\pharmaceutical_capsules\extracted\datasets\Normal\440.png,normal,normal,0.99979,0.99979,0.00021,True,635,470,697,532
122,5.083,31,data\real\pharmaceutical_capsules\extracted\datasets\Anomaly\469.png,defective,defective,0.999943,5.7e-05,0.999943,True,714,147,776,209
122,5.083,32,data\real\pharmaceutical_capsules\extracted\datasets\Anomaly\094.png,defective,defective,0.999814,0.000186,0.999814,True,1059,306,1121,368
122,5.083,33,data\real\pharmaceutical_capsules\extracted\datasets\Anomaly\273.png,defective,defective,0.99996,4e-05,0.99996,True,1,496,63,558
122,5.083,34,data\real\pharmaceutical_capsules\extracted\datasets\Normal\033.png,normal,normal,0.999738,0.999738,0.000262,True,481,137,543,199
122,5.083,35,data\real\pharmaceutical_capsules\extracted\datasets\Anomaly\071.png,defective,defective,0.999933,6.7e-05,0.999933,True,665,336,727,398
122,5.083,36,data\real\pharmaceutical_capsules\extracted\datasets\Normal\386.png,normal,normal,0.999792,0.999792,0.000208,True,222,488,284,550
123,5.125,1,data\real\pharmaceutical_capsules\extracted\datasets\Anomaly\316.png,defective,defective,0.999963,3.7e-05,0.999963,True,61,138,123,200
123,5.125,2,data\real\pharmaceutical_capsules\extracted\datasets\Normal\068.png,normal,normal,0.999773,0.999773,0.000227,True,836,310,898,372
123,5.125,3,data\real\pharmaceutical_capsules\extracted\datasets\Normal\149.png,normal,normal,0.999805,0.999805,0.000195,True,109,501,171,563
123,5.125,4,data\real\pharmaceutical_capsules\extracted\datasets\Anomaly\443.png,defective,defective,0.999923,7.7e-05,0.999923,True,1063,138,1125,200
123,5.125,5,data\real\pharmaceutical_capsules\extracted\datasets\Anomaly\221.png,defective,defective,0.999938,6.2e-05,0.999938,True,821,303,883,365
123,5.125,6,data\real\pharmaceutical_capsules\extracted\datasets\Normal\012.png,normal,normal,0.992716,0.992716,0.007284,True,160,501,222,563
123,5.125,7,data\real\pharmaceutical_capsules\extracted\datasets\Anomaly\124.png,defective,defective,0.999966,3.4e-05,0.999966,True,1098,154,1160,216
123,5.125,8,data\real\pharmaceutical_capsules\extracted\datasets\Anomaly\192.png,defective,defective,0.999946,5.4e-05,0.999946,True,531,312,593,374
123,5.125,9,data\real\pharmaceutical_capsules\extracted\datasets\Normal\492.png,normal,normal,0.999762,0.999762,0.000238,True,959,476,1021,538
123,5.125,10,data\real\pharmaceutical_capsules\extracted\datasets\Anomaly\351.png,defective,normal,0.671338,0.671338,0.328662,False,220,143,282,205
123,5.125,11,data\real\pharmaceutical_capsules\extracted\datasets\Normal\305.png,normal,normal,0.999814,0.999814,0.000186,True,647,324,709,386
123,5.125,12,data\real\pharmaceutical_capsules\extracted\datasets\Normal\082.png,normal,normal,0.999814,0.999814,0.000186,True,276,496,338,558
123,5.125,13,data\real\pharmaceutical_capsules\extracted\datasets\Normal\481.png,normal,normal,0.999822,0.999822,0.000178,True,489,161,551,223
123,5.125,14,data\real\pharmaceutical_capsules\extracted\datasets\Anomaly\455.png,defective,defective,0.99982,0.00018,0.99982,True,898,325,960,387
123,5.125,15,data\real\pharmaceutical_capsules\extracted\datasets\Normal\446.png,normal,normal,0.999598,0.999598,0.000402,True,145,469,207,531
123,5.125,16,data\real\pharmaceutical_capsules\extracted\datasets\Normal\067.png,normal,normal,0.999754,0.999754,0.000246,True,233,142,295,204
123,5.125,17,data\real\pharmaceutical_capsules\extracted\datasets\Normal\338.png,normal,normal,0.999837,0.999837,0.000163,True,352,326,414,388
123,5.125,18,data\real\pharmaceutical_capsules\extracted\datasets\Anomaly\140.png,defective,defective,0.99995,5e-05,0.99995,True,57,490,119,552
123,5.125,19,data\real\pharmaceutical_capsules\extracted\datasets\Anomaly\242.png,defective,defective,0.9999,0.0001,0.9999,True,978,154,1040,216
123,5.125,20,data\real\pharmaceutical_capsules\extracted\datasets\Normal\158.png,normal,normal,0.999763,0.999763,0.000237,True,118,306,180,368
123,5.125,21,data\real\pharmaceutical_capsules\extracted\datasets\Anomaly\415.png,defective,defective,0.999412,0.000588,0.999412,True,742,482,804,544
123,5.125,22,data\real\pharmaceutical_capsules\extracted\datasets\Normal\427.png,normal,normal,0.99977,0.99977,0.00023,True,1009,151,1071,213
123,5.125,23,data\real\pharmaceutical_capsules\extracted\datasets\Normal\424.png,normal,normal,0.999628,0.999628,0.000372,True,322,305,384,367
123,5.125,24,data\real\pharmaceutical_capsules\extracted\datasets\Normal\443.png,normal,normal,0.99986,0.99986,0.00014,True,564,487,626,549
123,5.125,25,data\real\pharmaceutical_capsules\extracted\datasets\Anomaly\321.png,defective,defective,0.999956,4.4e-05,0.999956,True,608,157,670,219
123,5.125,26,data\real\pharmaceutical_capsules\extracted\datasets\Normal\403.png,normal,normal,0.999762,0.999762,0.000238,True,1162,331,1224,393
123,5.125,27,data\real\pharmaceutical_capsules\extracted\datasets\Anomaly\459.png,defective,defective,0.99997,3e-05,0.99997,True,702,501,764,563
123,5.125,28,data\real\pharmaceutical_capsules\extracted\datasets\Anomaly\137.png,defective,defective,0.999974,2.6e-05,0.999974,True,0,162,54,224
123,5.125,29,data\real\pharmaceutical_capsules\extracted\datasets\Anomaly\587.png,defective,defective,0.99997,3e-05,0.99997,True,520,310,582,372
123,5.125,30,data\real\pharmaceutical_capsules\extracted\datasets\Normal\440.png,normal,normal,0.99979,0.99979,0.00021,True,639,470,701,532
123,5.125,31,data\real\pharmaceutical_capsules\extracted\datasets\Anomaly\469.png,defective,defective,0.999943,5.7e-05,0.999943,True,719,147,781,209
123,5.125,32,data\real\pharmaceutical_capsules\extracted\datasets\Anomaly\094.png,defective,defective,0.999814,0.000186,0.999814,True,1063,306,1125,368
123,5.125,33,data\real\pharmaceutical_capsules\extracted\datasets\Anomaly\273.png,defective,defective,0.99996,4e-05,0.99996,True,6,496,68,558
123,5.125,34,data\real\pharmaceutical_capsules\extracted\datasets\Normal\033.png,normal,normal,0.999738,0.999738,0.000262,True,486,137,548,199
123,5.125,35,data\real\pharmaceutical_capsules\extracted\datasets\Anomaly\071.png,defective,defective,0.999933,6.7e-05,0.999933,True,670,336,732,398
123,5.125,36,data\real\pharmaceutical_capsules\extracted\datasets\Normal\386.png,normal,normal,0.999792,0.999792,0.000208,True,227,488,289,550
124,5.167,1,data\real\pharmaceutical_capsules\extracted\datasets\Anomaly\316.png,defective,defective,0.999963,3.7e-05,0.999963,True,66,138,128,200
124,5.167,2,data\real\pharmaceutical_capsules\extracted\datasets\Normal\068.png,normal,normal,0.999773,0.999773,0.000227,True,841,310,903,372
124,5.167,3,data\real\pharmaceutical_capsules\extracted\datasets\Normal\149.png,normal,normal,0.999805,0.999805,0.000195,True,114,501,176,563
124,5.167,4,data\real\pharmaceutical_capsules\extracted\datasets\Anomaly\443.png,defective,defective,0.999923,7.7e-05,0.999923,True,1068,138,1130,200
124,5.167,5,data\real\pharmaceutical_capsules\extracted\datasets\Anomaly\221.png,defective,defective,0.999938,6.2e-05,0.999938,True,825,303,887,365
124,5.167,6,data\real\pharmaceutical_capsules\extracted\datasets\Normal\012.png,normal,normal,0.992716,0.992716,0.007284,True,164,501,226,563
124,5.167,7,data\real\pharmaceutical_capsules\extracted\datasets\Anomaly\124.png,defective,defective,0.999966,3.4e-05,0.999966,True,1102,154,1164,216
124,5.167,8,data\real\pharmaceutical_capsules\extracted\datasets\Anomaly\192.png,defective,defective,0.999946,5.4e-05,0.999946,True,536,312,598,374
124,5.167,9,data\real\pharmaceutical_capsules\extracted\datasets\Normal\492.png,normal,normal,0.999762,0.999762,0.000238,True,963,476,1025,538
124,5.167,10,data\real\pharmaceutical_capsules\extracted\datasets\Anomaly\351.png,defective,normal,0.671338,0.671338,0.328662,False,225,143,287,205
124,5.167,11,data\real\pharmaceutical_capsules\extracted\datasets\Normal\305.png,normal,normal,0.999814,0.999814,0.000186,True,651,324,713,386
124,5.167,12,data\real\pharmaceutical_capsules\extracted\datasets\Normal\082.png,normal,normal,0.999814,0.999814,0.000186,True,281,496,343,558
124,5.167,13,data\real\pharmaceutical_capsules\extracted\datasets\Normal\481.png,normal,normal,0.999822,0.999822,0.000178,True,493,161,555,223
124,5.167,14,data\real\pharmaceutical_capsules\extracted\datasets\Anomaly\455.png,defective,defective,0.99982,0.00018,0.99982,True,903,325,965,387
124,5.167,15,data\real\pharmaceutical_capsules\extracted\datasets\Normal\446.png,normal,normal,0.999598,0.999598,0.000402,True,149,469,211,531
124,5.167,16,data\real\pharmaceutical_capsules\extracted\datasets\Normal\067.png,normal,normal,0.999754,0.999754,0.000246,True,237,142,299,204
124,5.167,17,data\real\pharmaceutical_capsules\extracted\datasets\Normal\338.png,normal,normal,0.999837,0.999837,0.000163,True,357,326,419,388
124,5.167,18,data\real\pharmaceutical_capsules\extracted\datasets\Anomaly\140.png,defective,defective,0.99995,5e-05,0.99995,True,61,490,123,552
124,5.167,19,data\real\pharmaceutical_capsules\extracted\datasets\Anomaly\242.png,defective,defective,0.9999,0.0001,0.9999,True,982,154,1044,216
124,5.167,20,data\real\pharmaceutical_capsules\extracted\datasets\Normal\158.png,normal,normal,0.999763,0.999763,0.000237,True,122,306,184,368
124,5.167,21,data\real\pharmaceutical_capsules\extracted\datasets\Anomaly\415.png,defective,defective,0.999412,0.000588,0.999412,True,747,482,809,544
124,5.167,22,data\real\pharmaceutical_capsules\extracted\datasets\Normal\427.png,normal,normal,0.99977,0.99977,0.00023,True,1013,151,1075,213
124,5.167,23,data\real\pharmaceutical_capsules\extracted\datasets\Normal\424.png,normal,normal,0.999628,0.999628,0.000372,True,326,305,388,367
124,5.167,24,data\real\pharmaceutical_capsules\extracted\datasets\Normal\443.png,normal,normal,0.99986,0.99986,0.00014,True,569,487,631,549
124,5.167,25,data\real\pharmaceutical_capsules\extracted\datasets\Anomaly\321.png,defective,defective,0.999956,4.4e-05,0.999956,True,612,157,674,219
124,5.167,26,data\real\pharmaceutical_capsules\extracted\datasets\Normal\403.png,normal,normal,0.999762,0.999762,0.000238,True,1167,331,1229,393
124,5.167,27,data\real\pharmaceutical_capsules\extracted\datasets\Anomaly\459.png,defective,defective,0.99997,3e-05,0.99997,True,706,501,768,563
124,5.167,28,data\real\pharmaceutical_capsules\extracted\datasets\Anomaly\137.png,defective,defective,0.999974,2.6e-05,0.999974,True,0,162,59,224
124,5.167,29,data\real\pharmaceutical_capsules\extracted\datasets\Anomaly\587.png,defective,defective,0.99997,3e-05,0.99997,True,524,310,586,372
124,5.167,30,data\real\pharmaceutical_capsules\extracted\datasets\Normal\440.png,normal,normal,0.99979,0.99979,0.00021,True,644,470,706,532
124,5.167,31,data\real\pharmaceutical_capsules\extracted\datasets\Anomaly\469.png,defective,defective,0.999943,5.7e-05,0.999943,True,723,147,785,209
124,5.167,32,data\real\pharmaceutical_capsules\extracted\datasets\Anomaly\094.png,defective,defective,0.999814,0.000186,0.999814,True,1068,306,1130,368
124,5.167,33,data\real\pharmaceutical_capsules\extracted\datasets\Anomaly\273.png,defective,defective,0.99996,4e-05,0.99996,True,10,496,72,558
124,5.167,34,data\real\pharmaceutical_capsules\extracted\datasets\Normal\033.png,normal,normal,0.999738,0.999738,0.000262,True,490,137,552,199
124,5.167,35,data\real\pharmaceutical_capsules\extracted\datasets\Anomaly\071.png,defective,defective,0.999933,6.7e-05,0.999933,True,674,336,736,398
124,5.167,36,data\real\pharmaceutical_capsules\extracted\datasets\Normal\386.png,normal,normal,0.999792,0.999792,0.000208,True,231,488,293,550
125,5.208,1,data\real\pharmaceutical_capsules\extracted\datasets\Anomaly\316.png,defective,defective,0.999963,3.7e-05,0.999963,True,70,138,132,200
125,5.208,2,data\real\pharmaceutical_capsules\extracted\datasets\Normal\068.png,normal,normal,0.999773,0.999773,0.000227,True,845,310,907,372
125,5.208,3,data\real\pharmaceutical_capsules\extracted\datasets\Normal\149.png,normal,normal,0.999805,0.999805,0.000195,True,118,501,180,563
125,5.208,4,data\real\pharmaceutical_capsules\extracted\datasets\Anomaly\443.png,defective,defective,0.999923,7.7e-05,0.999923,True,1072,138,1134,200
125,5.208,5,data\real\pharmaceutical_capsules\extracted\datasets\Anomaly\221.png,defective,defective,0.999938,6.2e-05,0.999938,True,830,303,892,365
125,5.208,6,data\real\pharmaceutical_capsules\extracted\datasets\Normal\012.png,normal,normal,0.992716,0.992716,0.007284,True,169,501,231,563
125,5.208,7,data\real\pharmaceutical_capsules\extracted\datasets\Anomaly\124.png,defective,defective,0.999966,3.4e-05,0.999966,True,1107,154,1169,216
125,5.208,8,data\real\pharmaceutical_capsules\extracted\datasets\Anomaly\192.png,defective,defective,0.999946,5.4e-05,0.999946,True,540,312,602,374
125,5.208,9,data\real\pharmaceutical_capsules\extracted\datasets\Normal\492.png,normal,normal,0.999762,0.999762,0.000238,True,968,476,1030,538
125,5.208,10,data\real\pharmaceutical_capsules\extracted\datasets\Anomaly\351.png,defective,normal,0.671338,0.671338,0.328662,False,229,143,291,205
125,5.208,11,data\real\pharmaceutical_capsules\extracted\datasets\Normal\305.png,normal,normal,0.999814,0.999814,0.000186,True,656,324,718,386
125,5.208,12,data\real\pharmaceutical_capsules\extracted\datasets\Normal\082.png,normal,normal,0.999814,0.999814,0.000186,True,285,496,347,558
125,5.208,13,data\real\pharmaceutical_capsules\extracted\datasets\Normal\481.png,normal,normal,0.999822,0.999822,0.000178,True,498,161,560,223
125,5.208,14,data\real\pharmaceutical_capsules\extracted\datasets\Anomaly\455.png,defective,defective,0.99982,0.00018,0.99982,True,907,325,969,387
125,5.208,15,data\real\pharmaceutical_capsules\extracted\datasets\Normal\446.png,normal,normal,0.999598,0.999598,0.000402,True,154,469,216,531
125,5.208,16,data\real\pharmaceutical_capsules\extracted\datasets\Normal\067.png,normal,normal,0.999754,0.999754,0.000246,True,242,142,304,204
125,5.208,17,data\real\pharmaceutical_capsules\extracted\datasets\Normal\338.png,normal,normal,0.999837,0.999837,0.000163,True,361,326,423,388
125,5.208,18,data\real\pharmaceutical_capsules\extracted\datasets\Anomaly\140.png,defective,defective,0.99995,5e-05,0.99995,True,66,490,128,552
125,5.208,19,data\real\pharmaceutical_capsules\extracted\datasets\Anomaly\242.png,defective,defective,0.9999,0.0001,0.9999,True,987,154,1049,216
125,5.208,20,data\real\pharmaceutical_capsules\extracted\datasets\Normal\158.png,normal,normal,0.999763,0.999763,0.000237,True,127,306,189,368
125,5.208,21,data\real\pharmaceutical_capsules\extracted\datasets\Anomaly\415.png,defective,defective,0.999412,0.000588,0.999412,True,751,482,813,544
125,5.208,22,data\real\pharmaceutical_capsules\extracted\datasets\Normal\427.png,normal,normal,0.99977,0.99977,0.00023,True,1018,151,1080,213
125,5.208,23,data\real\pharmaceutical_capsules\extracted\datasets\Normal\424.png,normal,normal,0.999628,0.999628,0.000372,True,331,305,393,367
125,5.208,24,data\real\pharmaceutical_capsules\extracted\datasets\Normal\443.png,normal,normal,0.99986,0.99986,0.00014,True,573,487,635,549
125,5.208,25,data\real\pharmaceutical_capsules\extracted\datasets\Anomaly\321.png,defective,defective,0.999956,4.4e-05,0.999956,True,617,157,679,219
125,5.208,26,data\real\pharmaceutical_capsules\extracted\datasets\Normal\403.png,normal,normal,0.999762,0.999762,0.000238,True,1171,331,1233,393
125,5.208,27,data\real\pharmaceutical_capsules\extracted\datasets\Anomaly\459.png,defective,defective,0.99997,3e-05,0.99997,True,711,501,773,563
125,5.208,28,data\real\pharmaceutical_capsules\extracted\datasets\Anomaly\137.png,defective,defective,0.999974,2.6e-05,0.999974,True,0,162,62,224
125,5.208,29,data\real\pharmaceutical_capsules\extracted\datasets\Anomaly\587.png,defective,defective,0.99997,3e-05,0.99997,True,529,310,591,372
125,5.208,30,data\real\pharmaceutical_capsules\extracted\datasets\Normal\440.png,normal,normal,0.99979,0.99979,0.00021,True,648,470,710,532
125,5.208,31,data\real\pharmaceutical_capsules\extracted\datasets\Anomaly\469.png,defective,defective,0.999943,5.7e-05,0.999943,True,728,147,790,209
125,5.208,32,data\real\pharmaceutical_capsules\extracted\datasets\Anomaly\094.png,defective,defective,0.999814,0.000186,0.999814,True,1072,306,1134,368
125,5.208,33,data\real\pharmaceutical_capsules\extracted\datasets\Anomaly\273.png,defective,defective,0.99996,4e-05,0.99996,True,15,496,77,558
125,5.208,34,data\real\pharmaceutical_capsules\extracted\datasets\Normal\033.png,normal,normal,0.999738,0.999738,0.000262,True,495,137,557,199
125,5.208,35,data\real\pharmaceutical_capsules\extracted\datasets\Anomaly\071.png,defective,defective,0.999933,6.7e-05,0.999933,True,679,336,741,398
125,5.208,36,data\real\pharmaceutical_capsules\extracted\datasets\Normal\386.png,normal,normal,0.999792,0.999792,0.000208,True,236,488,298,550
126,5.25,1,data\real\pharmaceutical_capsules\extracted\datasets\Anomaly\316.png,defective,defective,0.999963,3.7e-05,0.999963,True,75,138,137,200
126,5.25,2,data\real\pharmaceutical_capsules\extracted\datasets\Normal\068.png,normal,normal,0.999773,0.999773,0.000227,True,850,310,912,372
126,5.25,3,data\real\pharmaceutical_capsules\extracted\datasets\Normal\149.png,normal,normal,0.999805,0.999805,0.000195,True,123,501,185,563
126,5.25,4,data\real\pharmaceutical_capsules\extracted\datasets\Anomaly\443.png,defective,defective,0.999923,7.7e-05,0.999923,True,1077,138,1139,200
126,5.25,5,data\real\pharmaceutical_capsules\extracted\datasets\Anomaly\221.png,defective,defective,0.999938,6.2e-05,0.999938,True,834,303,896,365
126,5.25,6,data\real\pharmaceutical_capsules\extracted\datasets\Normal\012.png,normal,normal,0.992716,0.992716,0.007284,True,173,501,235,563
126,5.25,7,data\real\pharmaceutical_capsules\extracted\datasets\Anomaly\124.png,defective,defective,0.999966,3.4e-05,0.999966,True,1111,154,1173,216
126,5.25,8,data\real\pharmaceutical_capsules\extracted\datasets\Anomaly\192.png,defective,defective,0.999946,5.4e-05,0.999946,True,545,312,607,374
126,5.25,9,data\real\pharmaceutical_capsules\extracted\datasets\Normal\492.png,normal,normal,0.999762,0.999762,0.000238,True,972,476,1034,538
126,5.25,10,data\real\pharmaceutical_capsules\extracted\datasets\Anomaly\351.png,defective,normal,0.671338,0.671338,0.328662,False,234,143,296,205
126,5.25,11,data\real\pharmaceutical_capsules\extracted\datasets\Normal\305.png,normal,normal,0.999814,0.999814,0.000186,True,660,324,722,386
126,5.25,12,data\real\pharmaceutical_capsules\extracted\datasets\Normal\082.png,normal,normal,0.999814,0.999814,0.000186,True,290,496,352,558
126,5.25,13,data\real\pharmaceutical_capsules\extracted\datasets\Normal\481.png,normal,normal,0.999822,0.999822,0.000178,True,502,161,564,223
126,5.25,14,data\real\pharmaceutical_capsules\extracted\datasets\Anomaly\455.png,defective,defective,0.99982,0.00018,0.99982,True,912,325,974,387
126,5.25,15,data\real\pharmaceutical_capsules\extracted\datasets\Normal\446.png,normal,normal,0.999598,0.999598,0.000402,True,158,469,220,531
126,5.25,16,data\real\pharmaceutical_capsules\extracted\datasets\Normal\067.png,normal,normal,0.999754,0.999754,0.000246,True,246,142,308,204
126,5.25,17,data\real\pharmaceutical_capsules\extracted\datasets\Normal\338.png,normal,normal,0.999837,0.999837,0.000163,True,366,326,428,388
126,5.25,18,data\real\pharmaceutical_capsules\extracted\datasets\Anomaly\140.png,defective,defective,0.99995,5e-05,0.99995,True,70,490,132,552
126,5.25,19,data\real\pharmaceutical_capsules\extracted\datasets\Anomaly\242.png,defective,defective,0.9999,0.0001,0.9999,True,991,154,1053,216
126,5.25,20,data\real\pharmaceutical_capsules\extracted\datasets\Normal\158.png,normal,normal,0.999763,0.999763,0.000237,True,131,306,193,368
126,5.25,21,data\real\pharmaceutical_capsules\extracted\datasets\Anomaly\415.png,defective,defective,0.999412,0.000588,0.999412,True,756,482,818,544
126,5.25,22,data\real\pharmaceutical_capsules\extracted\datasets\Normal\427.png,normal,normal,0.99977,0.99977,0.00023,True,1022,151,1084,213
126,5.25,23,data\real\pharmaceutical_capsules\extracted\datasets\Normal\424.png,normal,normal,0.999628,0.999628,0.000372,True,335,305,397,367
126,5.25,24,data\real\pharmaceutical_capsules\extracted\datasets\Normal\443.png,normal,normal,0.99986,0.99986,0.00014,True,578,487,640,549
126,5.25,25,data\real\pharmaceutical_capsules\extracted\datasets\Anomaly\321.png,defective,defective,0.999956,4.4e-05,0.999956,True,621,157,683,219
126,5.25,26,data\real\pharmaceutical_capsules\extracted\datasets\Normal\403.png,normal,normal,0.999762,0.999762,0.000238,True,1176,331,1238,393
126,5.25,27,data\real\pharmaceutical_capsules\extracted\datasets\Anomaly\459.png,defective,defective,0.99997,3e-05,0.99997,True,715,501,777,563
126,5.25,28,data\real\pharmaceutical_capsules\extracted\datasets\Anomaly\137.png,defective,defective,0.999974,2.6e-05,0.999974,True,5,162,67,224
126,5.25,29,data\real\pharmaceutical_capsules\extracted\datasets\Anomaly\587.png,defective,defective,0.99997,3e-05,0.99997,True,533,310,595,372
126,5.25,30,data\real\pharmaceutical_capsules\extracted\datasets\Normal\440.png,normal,normal,0.99979,0.99979,0.00021,True,653,470,715,532
126,5.25,31,data\real\pharmaceutical_capsules\extracted\datasets\Anomaly\469.png,defective,defective,0.999943,5.7e-05,0.999943,True,732,147,794,209
126,5.25,32,data\real\pharmaceutical_capsules\extracted\datasets\Anomaly\094.png,defective,defective,0.999814,0.000186,0.999814,True,1077,306,1139,368
126,5.25,33,data\real\pharmaceutical_capsules\extracted\datasets\Anomaly\273.png,defective,defective,0.99996,4e-05,0.99996,True,19,496,81,558
126,5.25,34,data\real\pharmaceutical_capsules\extracted\datasets\Normal\033.png,normal,normal,0.999738,0.999738,0.000262,True,499,137,561,199
126,5.25,35,data\real\pharmaceutical_capsules\extracted\datasets\Anomaly\071.png,defective,defective,0.999933,6.7e-05,0.999933,True,683,336,745,398
126,5.25,36,data\real\pharmaceutical_capsules\extracted\datasets\Normal\386.png,normal,normal,0.999792,0.999792,0.000208,True,240,488,302,550
127,5.292,1,data\real\pharmaceutical_capsules\extracted\datasets\Anomaly\316.png,defective,defective,0.999963,3.7e-05,0.999963,True,79,138,141,200
127,5.292,2,data\real\pharmaceutical_capsules\extracted\datasets\Normal\068.png,normal,normal,0.999773,0.999773,0.000227,True,854,310,916,372
127,5.292,3,data\real\pharmaceutical_capsules\extracted\datasets\Normal\149.png,normal,normal,0.999805,0.999805,0.000195,True,127,501,189,563
127,5.292,4,data\real\pharmaceutical_capsules\extracted\datasets\Anomaly\443.png,defective,defective,0.999923,7.7e-05,0.999923,True,1081,138,1143,200
127,5.292,5,data\real\pharmaceutical_capsules\extracted\datasets\Anomaly\221.png,defective,defective,0.999938,6.2e-05,0.999938,True,839,303,901,365
127,5.292,6,data\real\pharmaceutical_capsules\extracted\datasets\Normal\012.png,normal,normal,0.992716,0.992716,0.007284,True,178,501,240,563
127,5.292,7,data\real\pharmaceutical_capsules\extracted\datasets\Anomaly\124.png,defective,defective,0.999966,3.4e-05,0.999966,True,1116,154,1178,216
127,5.292,8,data\real\pharmaceutical_capsules\extracted\datasets\Anomaly\192.png,defective,defective,0.999946,5.4e-05,0.999946,True,549,312,611,374
127,5.292,9,data\real\pharmaceutical_capsules\extracted\datasets\Normal\492.png,normal,normal,0.999762,0.999762,0.000238,True,977,476,1039,538
127,5.292,10,data\real\pharmaceutical_capsules\extracted\datasets\Anomaly\351.png,defective,normal,0.671338,0.671338,0.328662,False,238,143,300,205
127,5.292,11,data\real\pharmaceutical_capsules\extracted\datasets\Normal\305.png,normal,normal,0.999814,0.999814,0.000186,True,665,324,727,386
127,5.292,12,data\real\pharmaceutical_capsules\extracted\datasets\Normal\082.png,normal,normal,0.999814,0.999814,0.000186,True,294,496,356,558
127,5.292,13,data\real\pharmaceutical_capsules\extracted\datasets\Normal\481.png,normal,normal,0.999822,0.999822,0.000178,True,507,161,569,223
127,5.292,14,data\real\pharmaceutical_capsules\extracted\datasets\Anomaly\455.png,defective,defective,0.99982,0.00018,0.99982,True,916,325,978,387
127,5.292,15,data\real\pharmaceutical_capsules\extracted\datasets\Normal\446.png,normal,normal,0.999598,0.999598,0.000402,True,163,469,225,531
127,5.292,16,data\real\pharmaceutical_capsules\extracted\datasets\Normal\067.png,normal,normal,0.999754,0.999754,0.000246,True,251,142,313,204
127,5.292,17,data\real\pharmaceutical_capsules\extracted\datasets\Normal\338.png,normal,normal,0.999837,0.999837,0.000163,True,370,326,432,388
127,5.292,18,data\real\pharmaceutical_capsules\extracted\datasets\Anomaly\140.png,defective,defective,0.99995,5e-05,0.99995,True,75,490,137,552
127,5.292,19,data\real\pharmaceutical_capsules\extracted\datasets\Anomaly\242.png,defective,defective,0.9999,0.0001,0.9999,True,996,154,1058,216
127,5.292,20,data\real\pharmaceutical_capsules\extracted\datasets\Normal\158.png,normal,normal,0.999763,0.999763,0.000237,True,136,306,198,368
127,5.292,21,data\real\pharmaceutical_capsules\extracted\datasets\Anomaly\415.png,defective,defective,0.999412,0.000588,0.999412,True,760,482,822,544
127,5.292,22,data\real\pharmaceutical_capsules\extracted\datasets\Normal\427.png,normal,normal,0.99977,0.99977,0.00023,True,1027,151,1089,213
127,5.292,23,data\real\pharmaceutical_capsules\extracted\datasets\Normal\424.png,normal,normal,0.999628,0.999628,0.000372,True,340,305,402,367
127,5.292,24,data\real\pharmaceutical_capsules\extracted\datasets\Normal\443.png,normal,normal,0.99986,0.99986,0.00014,True,582,487,644,549
127,5.292,25,data\real\pharmaceutical_capsules\extracted\datasets\Anomaly\321.png,defective,defective,0.999956,4.4e-05,0.999956,True,626,157,688,219
127,5.292,26,data\real\pharmaceutical_capsules\extracted\datasets\Normal\403.png,normal,normal,0.999762,0.999762,0.000238,True,1180,331,1242,393
127,5.292,27,data\real\pharmaceutical_capsules\extracted\datasets\Anomaly\459.png,defective,defective,0.99997,3e-05,0.99997,True,720,501,782,563
127,5.292,28,data\real\pharmaceutical_capsules\extracted\datasets\Anomaly\137.png,defective,defective,0.999974,2.6e-05,0.999974,True,9,162,71,224
127,5.292,29,data\real\pharmaceutical_capsules\extracted\datasets\Anomaly\587.png,defective,defective,0.99997,3e-05,0.99997,True,538,310,600,372
127,5.292,30,data\real\pharmaceutical_capsules\extracted\datasets\Normal\440.png,normal,normal,0.99979,0.99979,0.00021,True,657,470,719,532
127,5.292,31,data\real\pharmaceutical_capsules\extracted\datasets\Anomaly\469.png,defective,defective,0.999943,5.7e-05,0.999943,True,737,147,799,209
127,5.292,32,data\real\pharmaceutical_capsules\extracted\datasets\Anomaly\094.png,defective,defective,0.999814,0.000186,0.999814,True,1081,306,1143,368
127,5.292,33,data\real\pharmaceutical_capsules\extracted\datasets\Anomaly\273.png,defective,defective,0.99996,4e-05,0.99996,True,24,496,86,558
127,5.292,34,data\real\pharmaceutical_capsules\extracted\datasets\Normal\033.png,normal,normal,0.999738,0.999738,0.000262,True,504,137,566,199
127,5.292,35,data\real\pharmaceutical_capsules\extracted\datasets\Anomaly\071.png,defective,defective,0.999933,6.7e-05,0.999933,True,688,336,750,398
127,5.292,36,data\real\pharmaceutical_capsules\extracted\datasets\Normal\386.png,normal,normal,0.999792,0.999792,0.000208,True,245,488,307,550
128,5.333,1,data\real\pharmaceutical_capsules\extracted\datasets\Anomaly\316.png,defective,defective,0.999963,3.7e-05,0.999963,True,84,138,146,200
128,5.333,2,data\real\pharmaceutical_capsules\extracted\datasets\Normal\068.png,normal,normal,0.999773,0.999773,0.000227,True,859,310,921,372
128,5.333,3,data\real\pharmaceutical_capsules\extracted\datasets\Normal\149.png,normal,normal,0.999805,0.999805,0.000195,True,132,501,194,563
128,5.333,4,data\real\pharmaceutical_capsules\extracted\datasets\Anomaly\443.png,defective,defective,0.999923,7.7e-05,0.999923,True,1086,138,1148,200
128,5.333,5,data\real\pharmaceutical_capsules\extracted\datasets\Anomaly\221.png,defective,defective,0.999938,6.2e-05,0.999938,True,843,303,905,365
128,5.333,6,data\real\pharmaceutical_capsules\extracted\datasets\Normal\012.png,normal,normal,0.992716,0.992716,0.007284,True,182,501,244,563
128,5.333,7,data\real\pharmaceutical_capsules\extracted\datasets\Anomaly\124.png,defective,defective,0.999966,3.4e-05,0.999966,True,1120,154,1182,216
128,5.333,8,data\real\pharmaceutical_capsules\extracted\datasets\Anomaly\192.png,defective,defective,0.999946,5.4e-05,0.999946,True,554,312,616,374
128,5.333,9,data\real\pharmaceutical_capsules\extracted\datasets\Normal\492.png,normal,normal,0.999762,0.999762,0.000238,True,981,476,1043,538
128,5.333,10,data\real\pharmaceutical_capsules\extracted\datasets\Anomaly\351.png,defective,normal,0.671338,0.671338,0.328662,False,243,143,305,205
128,5.333,11,data\real\pharmaceutical_capsules\extracted\datasets\Normal\305.png,normal,normal,0.999814,0.999814,0.000186,True,669,324,731,386
128,5.333,12,data\real\pharmaceutical_capsules\extracted\datasets\Normal\082.png,normal,normal,0.999814,0.999814,0.000186,True,299,496,361,558
128,5.333,13,data\real\pharmaceutical_capsules\extracted\datasets\Normal\481.png,normal,normal,0.999822,0.999822,0.000178,True,511,161,573,223
128,5.333,14,data\real\pharmaceutical_capsules\extracted\datasets\Anomaly\455.png,defective,defective,0.99982,0.00018,0.99982,True,921,325,983,387
128,5.333,15,data\real\pharmaceutical_capsules\extracted\datasets\Normal\446.png,normal,normal,0.999598,0.999598,0.000402,True,167,469,229,531
128,5.333,16,data\real\pharmaceutical_capsules\extracted\datasets\Normal\067.png,normal,normal,0.999754,0.999754,0.000246,True,255,142,317,204
128,5.333,17,data\real\pharmaceutical_capsules\extracted\datasets\Normal\338.png,normal,normal,0.999837,0.999837,0.000163,True,375,326,437,388
128,5.333,18,data\real\pharmaceutical_capsules\extracted\datasets\Anomaly\140.png,defective,defective,0.99995,5e-05,0.99995,True,79,490,141,552
128,5.333,19,data\real\pharmaceutical_capsules\extracted\datasets\Anomaly\242.png,defective,defective,0.9999,0.0001,0.9999,True,1000,154,1062,216
128,5.333,20,data\real\pharmaceutical_capsules\extracted\datasets\Normal\158.png,normal,normal,0.999763,0.999763,0.000237,True,140,306,202,368
128,5.333,21,data\real\pharmaceutical_capsules\extracted\datasets\Anomaly\415.png,defective,defective,0.999412,0.000588,0.999412,True,765,482,827,544
128,5.333,22,data\real\pharmaceutical_capsules\extracted\datasets\Normal\427.png,normal,normal,0.99977,0.99977,0.00023,True,1031,151,1093,213
128,5.333,23,data\real\pharmaceutical_capsules\extracted\datasets\Normal\424.png,normal,normal,0.999628,0.999628,0.000372,True,344,305,406,367
128,5.333,24,data\real\pharmaceutical_capsules\extracted\datasets\Normal\443.png,normal,normal,0.99986,0.99986,0.00014,True,587,487,649,549
128,5.333,25,data\real\pharmaceutical_capsules\extracted\datasets\Anomaly\321.png,defective,defective,0.999956,4.4e-05,0.999956,True,630,157,692,219
128,5.333,26,data\real\pharmaceutical_capsules\extracted\datasets\Normal\403.png,normal,normal,0.999762,0.999762,0.000238,True,1185,331,1247,393
128,5.333,27,data\real\pharmaceutical_capsules\extracted\datasets\Anomaly\459.png,defective,defective,0.99997,3e-05,0.99997,True,724,501,786,563
128,5.333,28,data\real\pharmaceutical_capsules\extracted\datasets\Anomaly\137.png,defective,defective,0.999974,2.6e-05,0.999974,True,14,162,76,224
128,5.333,29,data\real\pharmaceutical_capsules\extracted\datasets\Anomaly\587.png,defective,defective,0.99997,3e-05,0.99997,True,542,310,604,372
128,5.333,30,data\real\pharmaceutical_capsules\extracted\datasets\Normal\440.png,normal,normal,0.99979,0.99979,0.00021,True,662,470,724,532
128,5.333,31,data\real\pharmaceutical_capsules\extracted\datasets\Anomaly\469.png,defective,defective,0.999943,5.7e-05,0.999943,True,741,147,803,209
128,5.333,32,data\real\pharmaceutical_capsules\extracted\datasets\Anomaly\094.png,defective,defective,0.999814,0.000186,0.999814,True,1086,306,1148,368
128,5.333,33,data\real\pharmaceutical_capsules\extracted\datasets\Anomaly\273.png,defective,defective,0.99996,4e-05,0.99996,True,28,496,90,558
128,5.333,34,data\real\pharmaceutical_capsules\extracted\datasets\Normal\033.png,normal,normal,0.999738,0.999738,0.000262,True,508,137,570,199
128,5.333,35,data\real\pharmaceutical_capsules\extracted\datasets\Anomaly\071.png,defective,defective,0.999933,6.7e-05,0.999933,True,692,336,754,398
128,5.333,36,data\real\pharmaceutical_capsules\extracted\datasets\Normal\386.png,normal,normal,0.999792,0.999792,0.000208,True,249,488,311,550
129,5.375,1,data\real\pharmaceutical_capsules\extracted\datasets\Anomaly\316.png,defective,defective,0.999963,3.7e-05,0.999963,True,88,138,150,200
129,5.375,2,data\real\pharmaceutical_capsules\extracted\datasets\Normal\068.png,normal,normal,0.999773,0.999773,0.000227,True,863,310,925,372
129,5.375,3,data\real\pharmaceutical_capsules\extracted\datasets\Normal\149.png,normal,normal,0.999805,0.999805,0.000195,True,136,501,198,563
129,5.375,4,data\real\pharmaceutical_capsules\extracted\datasets\Anomaly\443.png,defective,defective,0.999923,7.7e-05,0.999923,True,1090,138,1152,200
129,5.375,5,data\real\pharmaceutical_capsules\extracted\datasets\Anomaly\221.png,defective,defective,0.999938,6.2e-05,0.999938,True,848,303,910,365
129,5.375,6,data\real\pharmaceutical_capsules\extracted\datasets\Normal\012.png,normal,normal,0.992716,0.992716,0.007284,True,187,501,249,563
129,5.375,7,data\real\pharmaceutical_capsules\extracted\datasets\Anomaly\124.png,defective,defective,0.999966,3.4e-05,0.999966,True,1125,154,1187,216
129,5.375,8,data\real\pharmaceutical_capsules\extracted\datasets\Anomaly\192.png,defective,defective,0.999946,5.4e-05,0.999946,True,558,312,620,374
129,5.375,9,data\real\pharmaceutical_capsules\extracted\datasets\Normal\492.png,normal,normal,0.999762,0.999762,0.000238,True,986,476,1048,538
129,5.375,10,data\real\pharmaceutical_capsules\extracted\datasets\Anomaly\351.png,defective,normal,0.671338,0.671338,0.328662,False,247,143,309,205
129,5.375,11,data\real\pharmaceutical_capsules\extracted\datasets\Normal\305.png,normal,normal,0.999814,0.999814,0.000186,True,674,324,736,386
129,5.375,12,data\real\pharmaceutical_capsules\extracted\datasets\Normal\082.png,normal,normal,0.999814,0.999814,0.000186,True,303,496,365,558
129,5.375,13,data\real\pharmaceutical_capsules\extracted\datasets\Normal\481.png,normal,normal,0.999822,0.999822,0.000178,True,516,161,578,223
129,5.375,14,data\real\pharmaceutical_capsules\extracted\datasets\Anomaly\455.png,defective,defective,0.99982,0.00018,0.99982,True,925,325,987,387
129,5.375,15,data\real\pharmaceutical_capsules\extracted\datasets\Normal\446.png,normal,normal,0.999598,0.999598,0.000402,True,172,469,234,531
129,5.375,16,data\real\pharmaceutical_capsules\extracted\datasets\Normal\067.png,normal,normal,0.999754,0.999754,0.000246,True,260,142,322,204
129,5.375,17,data\real\pharmaceutical_capsules\extracted\datasets\Normal\338.png,normal,normal,0.999837,0.999837,0.000163,True,379,326,441,388
129,5.375,18,data\real\pharmaceutical_capsules\extracted\datasets\Anomaly\140.png,defective,defective,0.99995,5e-05,0.99995,True,84,490,146,552
129,5.375,19,data\real\pharmaceutical_capsules\extracted\datasets\Anomaly\242.png,defective,defective,0.9999,0.0001,0.9999,True,1005,154,1067,216
129,5.375,20,data\real\pharmaceutical_capsules\extracted\datasets\Normal\158.png,normal,normal,0.999763,0.999763,0.000237,True,145,306,207,368
129,5.375,21,data\real\pharmaceutical_capsules\extracted\datasets\Anomaly\415.png,defective,defective,0.999412,0.000588,0.999412,True,769,482,831,544
129,5.375,22,data\real\pharmaceutical_capsules\extracted\datasets\Normal\427.png,normal,normal,0.99977,0.99977,0.00023,True,1036,151,1098,213
129,5.375,23,data\real\pharmaceutical_capsules\extracted\datasets\Normal\424.png,normal,normal,0.999628,0.999628,0.000372,True,349,305,411,367
129,5.375,24,data\real\pharmaceutical_capsules\extracted\datasets\Normal\443.png,normal,normal,0.99986,0.99986,0.00014,True,591,487,653,549
129,5.375,25,data\real\pharmaceutical_capsules\extracted\datasets\Anomaly\321.png,defective,defective,0.999956,4.4e-05,0.999956,True,635,157,697,219
129,5.375,26,data\real\pharmaceutical_capsules\extracted\datasets\Normal\403.png,normal,normal,0.999762,0.999762,0.000238,True,1189,331,1251,393
129,5.375,27,data\real\pharmaceutical_capsules\extracted\datasets\Anomaly\459.png,defective,defective,0.99997,3e-05,0.99997,True,729,501,791,563
129,5.375,28,data\real\pharmaceutical_capsules\extracted\datasets\Anomaly\137.png,defective,defective,0.999974,2.6e-05,0.999974,True,18,162,80,224
129,5.375,29,data\real\pharmaceutical_capsules\extracted\datasets\Anomaly\587.png,defective,defective,0.99997,3e-05,0.99997,True,547,310,609,372
129,5.375,30,data\real\pharmaceutical_capsules\extracted\datasets\Normal\440.png,normal,normal,0.99979,0.99979,0.00021,True,666,470,728,532
129,5.375,31,data\real\pharmaceutical_capsules\extracted\datasets\Anomaly\469.png,defective,defective,0.999943,5.7e-05,0.999943,True,746,147,808,209
129,5.375,32,data\real\pharmaceutical_capsules\extracted\datasets\Anomaly\094.png,defective,defective,0.999814,0.000186,0.999814,True,1090,306,1152,368
129,5.375,33,data\real\pharmaceutical_capsules\extracted\datasets\Anomaly\273.png,defective,defective,0.99996,4e-05,0.99996,True,33,496,95,558
129,5.375,34,data\real\pharmaceutical_capsules\extracted\datasets\Normal\033.png,normal,normal,0.999738,0.999738,0.000262,True,513,137,575,199
129,5.375,35,data\real\pharmaceutical_capsules\extracted\datasets\Anomaly\071.png,defective,defective,0.999933,6.7e-05,0.999933,True,697,336,759,398
129,5.375,36,data\real\pharmaceutical_capsules\extracted\datasets\Normal\386.png,normal,normal,0.999792,0.999792,0.000208,True,254,488,316,550
130,5.417,1,data\real\pharmaceutical_capsules\extracted\datasets\Anomaly\316.png,defective,defective,0.999963,3.7e-05,0.999963,True,93,138,155,200
130,5.417,2,data\real\pharmaceutical_capsules\extracted\datasets\Normal\068.png,normal,normal,0.999773,0.999773,0.000227,True,868,310,930,372
130,5.417,3,data\real\pharmaceutical_capsules\extracted\datasets\Normal\149.png,normal,normal,0.999805,0.999805,0.000195,True,141,501,203,563
130,5.417,4,data\real\pharmaceutical_capsules\extracted\datasets\Anomaly\443.png,defective,defective,0.999923,7.7e-05,0.999923,True,1095,138,1157,200
130,5.417,5,data\real\pharmaceutical_capsules\extracted\datasets\Anomaly\221.png,defective,defective,0.999938,6.2e-05,0.999938,True,852,303,914,365
130,5.417,6,data\real\pharmaceutical_capsules\extracted\datasets\Normal\012.png,normal,normal,0.992716,0.992716,0.007284,True,191,501,253,563
130,5.417,7,data\real\pharmaceutical_capsules\extracted\datasets\Anomaly\124.png,defective,defective,0.999966,3.4e-05,0.999966,True,1129,154,1191,216
130,5.417,8,data\real\pharmaceutical_capsules\extracted\datasets\Anomaly\192.png,defective,defective,0.999946,5.4e-05,0.999946,True,563,312,625,374
130,5.417,9,data\real\pharmaceutical_capsules\extracted\datasets\Normal\492.png,normal,normal,0.999762,0.999762,0.000238,True,990,476,1052,538
130,5.417,10,data\real\pharmaceutical_capsules\extracted\datasets\Anomaly\351.png,defective,normal,0.671338,0.671338,0.328662,False,252,143,314,205
130,5.417,11,data\real\pharmaceutical_capsules\extracted\datasets\Normal\305.png,normal,normal,0.999814,0.999814,0.000186,True,678,324,740,386
130,5.417,12,data\real\pharmaceutical_capsules\extracted\datasets\Normal\082.png,normal,normal,0.999814,0.999814,0.000186,True,308,496,370,558
130,5.417,13,data\real\pharmaceutical_capsules\extracted\datasets\Normal\481.png,normal,normal,0.999822,0.999822,0.000178,True,520,161,582,223
130,5.417,14,data\real\pharmaceutical_capsules\extracted\datasets\Anomaly\455.png,defective,defective,0.99982,0.00018,0.99982,True,930,325,992,387
130,5.417,15,data\real\pharmaceutical_capsules\extracted\datasets\Normal\446.png,normal,normal,0.999598,0.999598,0.000402,True,176,469,238,531
130,5.417,16,data\real\pharmaceutical_capsules\extracted\datasets\Normal\067.png,normal,normal,0.999754,0.999754,0.000246,True,264,142,326,204
130,5.417,17,data\real\pharmaceutical_capsules\extracted\datasets\Normal\338.png,normal,normal,0.999837,0.999837,0.000163,True,384,326,446,388
130,5.417,18,data\real\pharmaceutical_capsules\extracted\datasets\Anomaly\140.png,defective,defective,0.99995,5e-05,0.99995,True,88,490,150,552
130,5.417,19,data\real\pharmaceutical_capsules\extracted\datasets\Anomaly\242.png,defective,defective,0.9999,0.0001,0.9999,True,1009,154,1071,216
130,5.417,20,data\real\pharmaceutical_capsules\extracted\datasets\Normal\158.png,normal,normal,0.999763,0.999763,0.000237,True,149,306,211,368
130,5.417,21,data\real\pharmaceutical_capsules\extracted\datasets\Anomaly\415.png,defective,defective,0.999412,0.000588,0.999412,True,774,482,836,544
130,5.417,22,data\real\pharmaceutical_capsules\extracted\datasets\Normal\427.png,normal,normal,0.99977,0.99977,0.00023,True,1040,151,1102,213
130,5.417,23,data\real\pharmaceutical_capsules\extracted\datasets\Normal\424.png,normal,normal,0.999628,0.999628,0.000372,True,353,305,415,367
130,5.417,24,data\real\pharmaceutical_capsules\extracted\datasets\Normal\443.png,normal,normal,0.99986,0.99986,0.00014,True,596,487,658,549
130,5.417,25,data\real\pharmaceutical_capsules\extracted\datasets\Anomaly\321.png,defective,defective,0.999956,4.4e-05,0.999956,True,639,157,701,219
130,5.417,26,data\real\pharmaceutical_capsules\extracted\datasets\Normal\403.png,normal,normal,0.999762,0.999762,0.000238,True,1194,331,1256,393
130,5.417,27,data\real\pharmaceutical_capsules\extracted\datasets\Anomaly\459.png,defective,defective,0.99997,3e-05,0.99997,True,733,501,795,563
130,5.417,28,data\real\pharmaceutical_capsules\extracted\datasets\Anomaly\137.png,defective,defective,0.999974,2.6e-05,0.999974,True,23,162,85,224
130,5.417,29,data\real\pharmaceutical_capsules\extracted\datasets\Anomaly\587.png,defective,defective,0.99997,3e-05,0.99997,True,551,310,613,372
130,5.417,30,data\real\pharmaceutical_capsules\extracted\datasets\Normal\440.png,normal,normal,0.99979,0.99979,0.00021,True,671,470,733,532
130,5.417,31,data\real\pharmaceutical_capsules\extracted\datasets\Anomaly\469.png,defective,defective,0.999943,5.7e-05,0.999943,True,750,147,812,209
130,5.417,32,data\real\pharmaceutical_capsules\extracted\datasets\Anomaly\094.png,defective,defective,0.999814,0.000186,0.999814,True,1095,306,1157,368
130,5.417,33,data\real\pharmaceutical_capsules\extracted\datasets\Anomaly\273.png,defective,defective,0.99996,4e-05,0.99996,True,37,496,99,558
130,5.417,34,data\real\pharmaceutical_capsules\extracted\datasets\Normal\033.png,normal,normal,0.999738,0.999738,0.000262,True,517,137,579,199
130,5.417,35,data\real\pharmaceutical_capsules\extracted\datasets\Anomaly\071.png,defective,defective,0.999933,6.7e-05,0.999933,True,701,336,763,398
130,5.417,36,data\real\pharmaceutical_capsules\extracted\datasets\Normal\386.png,normal,normal,0.999792,0.999792,0.000208,True,258,488,320,550
131,5.458,1,data\real\pharmaceutical_capsules\extracted\datasets\Anomaly\316.png,defective,defective,0.999963,3.7e-05,0.999963,True,97,138,159,200
131,5.458,2,data\real\pharmaceutical_capsules\extracted\datasets\Normal\068.png,normal,normal,0.999773,0.999773,0.000227,True,872,310,934,372
131,5.458,3,data\real\pharmaceutical_capsules\extracted\datasets\Normal\149.png,normal,normal,0.999805,0.999805,0.000195,True,145,501,207,563
131,5.458,4,data\real\pharmaceutical_capsules\extracted\datasets\Anomaly\443.png,defective,defective,0.999923,7.7e-05,0.999923,True,1099,138,1161,200
131,5.458,5,data\real\pharmaceutical_capsules\extracted\datasets\Anomaly\221.png,defective,defective,0.999938,6.2e-05,0.999938,True,857,303,919,365
131,5.458,6,data\real\pharmaceutical_capsules\extracted\datasets\Normal\012.png,normal,normal,0.992716,0.992716,0.007284,True,196,501,258,563
131,5.458,7,data\real\pharmaceutical_capsules\extracted\datasets\Anomaly\124.png,defective,defective,0.999966,3.4e-05,0.999966,True,1134,154,1196,216
131,5.458,8,data\real\pharmaceutical_capsules\extracted\datasets\Anomaly\192.png,defective,defective,0.999946,5.4e-05,0.999946,True,567,312,629,374
131,5.458,9,data\real\pharmaceutical_capsules\extracted\datasets\Normal\492.png,normal,normal,0.999762,0.999762,0.000238,True,995,476,1057,538
131,5.458,10,data\real\pharmaceutical_capsules\extracted\datasets\Anomaly\351.png,defective,normal,0.671338,0.671338,0.328662,False,256,143,318,205
131,5.458,11,data\real\pharmaceutical_capsules\extracted\datasets\Normal\305.png,normal,normal,0.999814,0.999814,0.000186,True,683,324,745,386
131,5.458,12,data\real\pharmaceutical_capsules\extracted\datasets\Normal\082.png,normal,normal,0.999814,0.999814,0.000186,True,312,496,374,558
131,5.458,13,data\real\pharmaceutical_capsules\extracted\datasets\Normal\481.png,normal,normal,0.999822,0.999822,0.000178,True,525,161,587,223
131,5.458,14,data\real\pharmaceutical_capsules\extracted\datasets\Anomaly\455.png,defective,defective,0.99982,0.00018,0.99982,True,934,325,996,387
131,5.458,15,data\real\pharmaceutical_capsules\extracted\datasets\Normal\446.png,normal,normal,0.999598,0.999598,0.000402,True,181,469,243,531
131,5.458,16,data\real\pharmaceutical_capsules\extracted\datasets\Normal\067.png,normal,normal,0.999754,0.999754,0.000246,True,269,142,331,204
131,5.458,17,data\real\pharmaceutical_capsules\extracted\datasets\Normal\338.png,normal,normal,0.999837,0.999837,0.000163,True,388,326,450,388
131,5.458,18,data\real\pharmaceutical_capsules\extracted\datasets\Anomaly\140.png,defective,defective,0.99995,5e-05,0.99995,True,93,490,155,552
131,5.458,19,data\real\pharmaceutical_capsules\extracted\datasets\Anomaly\242.png,defective,defective,0.9999,0.0001,0.9999,True,1014,154,1076,216
131,5.458,20,data\real\pharmaceutical_capsules\extracted\datasets\Normal\158.png,normal,normal,0.999763,0.999763,0.000237,True,154,306,216,368
131,5.458,21,data\real\pharmaceutical_capsules\extracted\datasets\Anomaly\415.png,defective,defective,0.999412,0.000588,0.999412,True,778,482,840,544
131,5.458,22,data\real\pharmaceutical_capsules\extracted\datasets\Normal\427.png,normal,normal,0.99977,0.99977,0.00023,True,1045,151,1107,213
131,5.458,23,data\real\pharmaceutical_capsules\extracted\datasets\Normal\424.png,normal,normal,0.999628,0.999628,0.000372,True,358,305,420,367
131,5.458,24,data\real\pharmaceutical_capsules\extracted\datasets\Normal\443.png,normal,normal,0.99986,0.99986,0.00014,True,600,487,662,549
131,5.458,25,data\real\pharmaceutical_capsules\extracted\datasets\Anomaly\321.png,defective,defective,0.999956,4.4e-05,0.999956,True,644,157,706,219
131,5.458,26,data\real\pharmaceutical_capsules\extracted\datasets\Normal\403.png,normal,normal,0.999762,0.999762,0.000238,True,1198,331,1260,393
131,5.458,27,data\real\pharmaceutical_capsules\extracted\datasets\Anomaly\459.png,defective,defective,0.99997,3e-05,0.99997,True,738,501,800,563
131,5.458,28,data\real\pharmaceutical_capsules\extracted\datasets\Anomaly\137.png,defective,defective,0.999974,2.6e-05,0.999974,True,27,162,89,224
131,5.458,29,data\real\pharmaceutical_capsules\extracted\datasets\Anomaly\587.png,defective,defective,0.99997,3e-05,0.99997,True,556,310,618,372
131,5.458,30,data\real\pharmaceutical_capsules\extracted\datasets\Normal\440.png,normal,normal,0.99979,0.99979,0.00021,True,675,470,737,532
131,5.458,31,data\real\pharmaceutical_capsules\extracted\datasets\Anomaly\469.png,defective,defective,0.999943,5.7e-05,0.999943,True,755,147,817,209
131,5.458,32,data\real\pharmaceutical_capsules\extracted\datasets\Anomaly\094.png,defective,defective,0.999814,0.000186,0.999814,True,1099,306,1161,368
131,5.458,33,data\real\pharmaceutical_capsules\extracted\datasets\Anomaly\273.png,defective,defective,0.99996,4e-05,0.99996,True,42,496,104,558
131,5.458,34,data\real\pharmaceutical_capsules\extracted\datasets\Normal\033.png,normal,normal,0.999738,0.999738,0.000262,True,522,137,584,199
131,5.458,35,data\real\pharmaceutical_capsules\extracted\datasets\Anomaly\071.png,defective,defective,0.999933,6.7e-05,0.999933,True,706,336,768,398
131,5.458,36,data\real\pharmaceutical_capsules\extracted\datasets\Normal\386.png,normal,normal,0.999792,0.999792,0.000208,True,263,488,325,550
132,5.5,1,data\real\pharmaceutical_capsules\extracted\datasets\Anomaly\316.png,defective,defective,0.999963,3.7e-05,0.999963,True,102,138,164,200
132,5.5,2,data\real\pharmaceutical_capsules\extracted\datasets\Normal\068.png,normal,normal,0.999773,0.999773,0.000227,True,877,310,939,372
132,5.5,3,data\real\pharmaceutical_capsules\extracted\datasets\Normal\149.png,normal,normal,0.999805,0.999805,0.000195,True,150,501,212,563
132,5.5,4,data\real\pharmaceutical_capsules\extracted\datasets\Anomaly\443.png,defective,defective,0.999923,7.7e-05,0.999923,True,1104,138,1166,200
132,5.5,5,data\real\pharmaceutical_capsules\extracted\datasets\Anomaly\221.png,defective,defective,0.999938,6.2e-05,0.999938,True,861,303,923,365
132,5.5,6,data\real\pharmaceutical_capsules\extracted\datasets\Normal\012.png,normal,normal,0.992716,0.992716,0.007284,True,200,501,262,563
132,5.5,7,data\real\pharmaceutical_capsules\extracted\datasets\Anomaly\124.png,defective,defective,0.999966,3.4e-05,0.999966,True,1138,154,1200,216
132,5.5,8,data\real\pharmaceutical_capsules\extracted\datasets\Anomaly\192.png,defective,defective,0.999946,5.4e-05,0.999946,True,572,312,634,374
132,5.5,9,data\real\pharmaceutical_capsules\extracted\datasets\Normal\492.png,normal,normal,0.999762,0.999762,0.000238,True,999,476,1061,538
132,5.5,10,data\real\pharmaceutical_capsules\extracted\datasets\Anomaly\351.png,defective,normal,0.671338,0.671338,0.328662,False,261,143,323,205
132,5.5,11,data\real\pharmaceutical_capsules\extracted\datasets\Normal\305.png,normal,normal,0.999814,0.999814,0.000186,True,687,324,749,386
132,5.5,12,data\real\pharmaceutical_capsules\extracted\datasets\Normal\082.png,normal,normal,0.999814,0.999814,0.000186,True,317,496,379,558
132,5.5,13,data\real\pharmaceutical_capsules\extracted\datasets\Normal\481.png,normal,normal,0.999822,0.999822,0.000178,True,529,161,591,223
132,5.5,14,data\real\pharmaceutical_capsules\extracted\datasets\Anomaly\455.png,defective,defective,0.99982,0.00018,0.99982,True,939,325,1001,387
132,5.5,15,data\real\pharmaceutical_capsules\extracted\datasets\Normal\446.png,normal,normal,0.999598,0.999598,0.000402,True,185,469,247,531
132,5.5,16,data\real\pharmaceutical_capsules\extracted\datasets\Normal\067.png,normal,normal,0.999754,0.999754,0.000246,True,273,142,335,204
132,5.5,17,data\real\pharmaceutical_capsules\extracted\datasets\Normal\338.png,normal,normal,0.999837,0.999837,0.000163,True,393,326,455,388
132,5.5,18,data\real\pharmaceutical_capsules\extracted\datasets\Anomaly\140.png,defective,defective,0.99995,5e-05,0.99995,True,97,490,159,552
132,5.5,19,data\real\pharmaceutical_capsules\extracted\datasets\Anomaly\242.png,defective,defective,0.9999,0.0001,0.9999,True,1018,154,1080,216
132,5.5,20,data\real\pharmaceutical_capsules\extracted\datasets\Normal\158.png,normal,normal,0.999763,0.999763,0.000237,True,158,306,220,368
132,5.5,21,data\real\pharmaceutical_capsules\extracted\datasets\Anomaly\415.png,defective,defective,0.999412,0.000588,0.999412,True,783,482,845,544
132,5.5,22,data\real\pharmaceutical_capsules\extracted\datasets\Normal\427.png,normal,normal,0.99977,0.99977,0.00023,True,1049,151,1111,213
132,5.5,23,data\real\pharmaceutical_capsules\extracted\datasets\Normal\424.png,normal,normal,0.999628,0.999628,0.000372,True,362,305,424,367
132,5.5,24,data\real\pharmaceutical_capsules\extracted\datasets\Normal\443.png,normal,normal,0.99986,0.99986,0.00014,True,605,487,667,549
132,5.5,25,data\real\pharmaceutical_capsules\extracted\datasets\Anomaly\321.png,defective,defective,0.999956,4.4e-05,0.999956,True,648,157,710,219
132,5.5,26,data\real\pharmaceutical_capsules\extracted\datasets\Normal\403.png,normal,normal,0.999762,0.999762,0.000238,True,1203,331,1265,393
132,5.5,27,data\real\pharmaceutical_capsules\extracted\datasets\Anomaly\459.png,defective,defective,0.99997,3e-05,0.99997,True,742,501,804,563
132,5.5,28,data\real\pharmaceutical_capsules\extracted\datasets\Anomaly\137.png,defective,defective,0.999974,2.6e-05,0.999974,True,32,162,94,224
132,5.5,29,data\real\pharmaceutical_capsules\extracted\datasets\Anomaly\587.png,defective,defective,0.99997,3e-05,0.99997,True,560,310,622,372
132,5.5,30,data\real\pharmaceutical_capsules\extracted\datasets\Normal\440.png,normal,normal,0.99979,0.99979,0.00021,True,680,470,742,532
132,5.5,31,data\real\pharmaceutical_capsules\extracted\datasets\Anomaly\469.png,defective,defective,0.999943,5.7e-05,0.999943,True,759,147,821,209
132,5.5,32,data\real\pharmaceutical_capsules\extracted\datasets\Anomaly\094.png,defective,defective,0.999814,0.000186,0.999814,True,1104,306,1166,368
132,5.5,33,data\real\pharmaceutical_capsules\extracted\datasets\Anomaly\273.png,defective,defective,0.99996,4e-05,0.99996,True,46,496,108,558
132,5.5,34,data\real\pharmaceutical_capsules\extracted\datasets\Normal\033.png,normal,normal,0.999738,0.999738,0.000262,True,526,137,588,199
132,5.5,35,data\real\pharmaceutical_capsules\extracted\datasets\Anomaly\071.png,defective,defective,0.999933,6.7e-05,0.999933,True,710,336,772,398
132,5.5,36,data\real\pharmaceutical_capsules\extracted\datasets\Normal\386.png,normal,normal,0.999792,0.999792,0.000208,True,267,488,329,550
133,5.542,1,data\real\pharmaceutical_capsules\extracted\datasets\Anomaly\316.png,defective,defective,0.999963,3.7e-05,0.999963,True,106,138,168,200
133,5.542,2,data\real\pharmaceutical_capsules\extracted\datasets\Normal\068.png,normal,normal,0.999773,0.999773,0.000227,True,881,310,943,372
133,5.542,3,data\real\pharmaceutical_capsules\extracted\datasets\Normal\149.png,normal,normal,0.999805,0.999805,0.000195,True,154,501,216,563
133,5.542,4,data\real\pharmaceutical_capsules\extracted\datasets\Anomaly\443.png,defective,defective,0.999923,7.7e-05,0.999923,True,1108,138,1170,200
133,5.542,5,data\real\pharmaceutical_capsules\extracted\datasets\Anomaly\221.png,defective,defective,0.999938,6.2e-05,0.999938,True,866,303,928,365
133,5.542,6,data\real\pharmaceutical_capsules\extracted\datasets\Normal\012.png,normal,normal,0.992716,0.992716,0.007284,True,205,501,267,563
133,5.542,7,data\real\pharmaceutical_capsules\extracted\datasets\Anomaly\124.png,defective,defective,0.999966,3.4e-05,0.999966,True,1143,154,1205,216
133,5.542,8,data\real\pharmaceutical_capsules\extracted\datasets\Anomaly\192.png,defective,defective,0.999946,5.4e-05,0.999946,True,576,312,638,374
133,5.542,9,data\real\pharmaceutical_capsules\extracted\datasets\Normal\492.png,normal,normal,0.999762,0.999762,0.000238,True,1004,476,1066,538
133,5.542,10,data\real\pharmaceutical_capsules\extracted\datasets\Anomaly\351.png,defective,normal,0.671338,0.671338,0.328662,False,265,143,327,205
133,5.542,11,data\real\pharmaceutical_capsules\extracted\datasets\Normal\305.png,normal,normal,0.999814,0.999814,0.000186,True,692,324,754,386
133,5.542,12,data\real\pharmaceutical_capsules\extracted\datasets\Normal\082.png,normal,normal,0.999814,0.999814,0.000186,True,321,496,383,558
133,5.542,13,data\real\pharmaceutical_capsules\extracted\datasets\Normal\481.png,normal,normal,0.999822,0.999822,0.000178,True,534,161,596,223
133,5.542,14,data\real\pharmaceutical_capsules\extracted\datasets\Anomaly\455.png,defective,defective,0.99982,0.00018,0.99982,True,943,325,1005,387
133,5.542,15,data\real\pharmaceutical_capsules\extracted\datasets\Normal\446.png,normal,normal,0.999598,0.999598,0.000402,True,190,469,252,531
133,5.542,16,data\real\pharmaceutical_capsules\extracted\datasets\Normal\067.png,normal,normal,0.999754,0.999754,0.000246,True,278,142,340,204
133,5.542,17,data\real\pharmaceutical_capsules\extracted\datasets\Normal\338.png,normal,normal,0.999837,0.999837,0.000163,True,397,326,459,388
133,5.542,18,data\real\pharmaceutical_capsules\extracted\datasets\Anomaly\140.png,defective,defective,0.99995,5e-05,0.99995,True,102,490,164,552
133,5.542,19,data\real\pharmaceutical_capsules\extracted\datasets\Anomaly\242.png,defective,defective,0.9999,0.0001,0.9999,True,1023,154,1085,216
133,5.542,20,data\real\pharmaceutical_capsules\extracted\datasets\Normal\158.png,normal,normal,0.999763,0.999763,0.000237,True,163,306,225,368
133,5.542,21,data\real\pharmaceutical_capsules\extracted\datasets\Anomaly\415.png,defective,defective,0.999412,0.000588,0.999412,True,787,482,849,544
133,5.542,22,data\real\pharmaceutical_capsules\extracted\datasets\Normal\427.png,normal,normal,0.99977,0.99977,0.00023,True,1054,151,1116,213
133,5.542,23,data\real\pharmaceutical_capsules\extracted\datasets\Normal\424.png,normal,normal,0.999628,0.999628,0.000372,True,367,305,429,367
133,5.542,24,data\real\pharmaceutical_capsules\extracted\datasets\Normal\443.png,normal,normal,0.99986,0.99986,0.00014,True,609,487,671,549
133,5.542,25,data\real\pharmaceutical_capsules\extracted\datasets\Anomaly\321.png,defective,defective,0.999956,4.4e-05,0.999956,True,653,157,715,219
133,5.542,26,data\real\pharmaceutical_capsules\extracted\datasets\Normal\403.png,normal,normal,0.999762,0.999762,0.000238,True,1207,331,1269,393
133,5.542,27,data\real\pharmaceutical_capsules\extracted\datasets\Anomaly\459.png,defective,defective,0.99997,3e-05,0.99997,True,747,501,809,563
133,5.542,28,data\real\pharmaceutical_capsules\extracted\datasets\Anomaly\137.png,defective,defective,0.999974,2.6e-05,0.999974,True,36,162,98,224
133,5.542,29,data\real\pharmaceutical_capsules\extracted\datasets\Anomaly\587.png,defective,defective,0.99997,3e-05,0.99997,True,565,310,627,372
133,5.542,30,data\real\pharmaceutical_capsules\extracted\datasets\Normal\440.png,normal,normal,0.99979,0.99979,0.00021,True,684,470,746,532
133,5.542,31,data\real\pharmaceutical_capsules\extracted\datasets\Anomaly\469.png,defective,defective,0.999943,5.7e-05,0.999943,True,764,147,826,209
133,5.542,32,data\real\pharmaceutical_capsules\extracted\datasets\Anomaly\094.png,defective,defective,0.999814,0.000186,0.999814,True,1108,306,1170,368
133,5.542,33,data\real\pharmaceutical_capsules\extracted\datasets\Anomaly\273.png,defective,defective,0.99996,4e-05,0.99996,True,51,496,113,558
133,5.542,34,data\real\pharmaceutical_capsules\extracted\datasets\Normal\033.png,normal,normal,0.999738,0.999738,0.000262,True,531,137,593,199
133,5.542,35,data\real\pharmaceutical_capsules\extracted\datasets\Anomaly\071.png,defective,defective,0.999933,6.7e-05,0.999933,True,715,336,777,398
133,5.542,36,data\real\pharmaceutical_capsules\extracted\datasets\Normal\386.png,normal,normal,0.999792,0.999792,0.000208,True,272,488,334,550
134,5.583,1,data\real\pharmaceutical_capsules\extracted\datasets\Anomaly\316.png,defective,defective,0.999963,3.7e-05,0.999963,True,111,138,173,200
134,5.583,2,data\real\pharmaceutical_capsules\extracted\datasets\Normal\068.png,normal,normal,0.999773,0.999773,0.000227,True,886,310,948,372
134,5.583,3,data\real\pharmaceutical_capsules\extracted\datasets\Normal\149.png,normal,normal,0.999805,0.999805,0.000195,True,159,501,221,563
134,5.583,4,data\real\pharmaceutical_capsules\extracted\datasets\Anomaly\443.png,defective,defective,0.999923,7.7e-05,0.999923,True,1113,138,1175,200
134,5.583,5,data\real\pharmaceutical_capsules\extracted\datasets\Anomaly\221.png,defective,defective,0.999938,6.2e-05,0.999938,True,870,303,932,365
134,5.583,6,data\real\pharmaceutical_capsules\extracted\datasets\Normal\012.png,normal,normal,0.992716,0.992716,0.007284,True,209,501,271,563
134,5.583,7,data\real\pharmaceutical_capsules\extracted\datasets\Anomaly\124.png,defective,defective,0.999966,3.4e-05,0.999966,True,1147,154,1209,216
134,5.583,8,data\real\pharmaceutical_capsules\extracted\datasets\Anomaly\192.png,defective,defective,0.999946,5.4e-05,0.999946,True,581,312,643,374
134,5.583,9,data\real\pharmaceutical_capsules\extracted\datasets\Normal\492.png,normal,normal,0.999762,0.999762,0.000238,True,1008,476,1070,538
134,5.583,10,data\real\pharmaceutical_capsules\extracted\datasets\Anomaly\351.png,defective,normal,0.671338,0.671338,0.328662,False,270,143,332,205
134,5.583,11,data\real\pharmaceutical_capsules\extracted\datasets\Normal\305.png,normal,normal,0.999814,0.999814,0.000186,True,696,324,758,386
134,5.583,12,data\real\pharmaceutical_capsules\extracted\datasets\Normal\082.png,normal,normal,0.999814,0.999814,0.000186,True,326,496,388,558
134,5.583,13,data\real\pharmaceutical_capsules\extracted\datasets\Normal\481.png,normal,normal,0.999822,0.999822,0.000178,True,538,161,600,223
134,5.583,14,data\real\pharmaceutical_capsules\extracted\datasets\Anomaly\455.png,defective,defective,0.99982,0.00018,0.99982,True,948,325,1010,387
134,5.583,15,data\real\pharmaceutical_capsules\extracted\datasets\Normal\446.png,normal,normal,0.999598,0.999598,0.000402,True,194,469,256,531
134,5.583,16,data\real\pharmaceutical_capsules\extracted\datasets\Normal\067.png,normal,normal,0.999754,0.999754,0.000246,True,282,142,344,204
134,5.583,17,data\real\pharmaceutical_capsules\extracted\datasets\Normal\338.png,normal,normal,0.999837,0.999837,0.000163,True,402,326,464,388
134,5.583,18,data\real\pharmaceutical_capsules\extracted\datasets\Anomaly\140.png,defective,defective,0.99995,5e-05,0.99995,True,106,490,168,552
134,5.583,19,data\real\pharmaceutical_capsules\extracted\datasets\Anomaly\242.png,defective,defective,0.9999,0.0001,0.9999,True,1027,154,1089,216
134,5.583,20,data\real\pharmaceutical_capsules\extracted\datasets\Normal\158.png,normal,normal,0.999763,0.999763,0.000237,True,167,306,229,368
134,5.583,21,data\real\pharmaceutical_capsules\extracted\datasets\Anomaly\415.png,defective,defective,0.999412,0.000588,0.999412,True,792,482,854,544
134,5.583,22,data\real\pharmaceutical_capsules\extracted\datasets\Normal\427.png,normal,normal,0.99977,0.99977,0.00023,True,1058,151,1120,213
134,5.583,23,data\real\pharmaceutical_capsules\extracted\datasets\Normal\424.png,normal,normal,0.999628,0.999628,0.000372,True,371,305,433,367
134,5.583,24,data\real\pharmaceutical_capsules\extracted\datasets\Normal\443.png,normal,normal,0.99986,0.99986,0.00014,True,614,487,676,549
134,5.583,25,data\real\pharmaceutical_capsules\extracted\datasets\Anomaly\321.png,defective,defective,0.999956,4.4e-05,0.999956,True,657,157,719,219
134,5.583,26,data\real\pharmaceutical_capsules\extracted\datasets\Normal\403.png,normal,normal,0.999762,0.999762,0.000238,True,1212,331,1274,393
134,5.583,27,data\real\pharmaceutical_capsules\extracted\datasets\Anomaly\459.png,defective,defective,0.99997,3e-05,0.99997,True,751,501,813,563
134,5.583,28,data\real\pharmaceutical_capsules\extracted\datasets\Anomaly\137.png,defective,defective,0.999974,2.6e-05,0.999974,True,41,162,103,224
134,5.583,29,data\real\pharmaceutical_capsules\extracted\datasets\Anomaly\587.png,defective,defective,0.99997,3e-05,0.99997,True,569,310,631,372
134,5.583,30,data\real\pharmaceutical_capsules\extracted\datasets\Normal\440.png,normal,normal,0.99979,0.99979,0.00021,True,689,470,751,532
134,5.583,31,data\real\pharmaceutical_capsules\extracted\datasets\Anomaly\469.png,defective,defective,0.999943,5.7e-05,0.999943,True,768,147,830,209
134,5.583,32,data\real\pharmaceutical_capsules\extracted\datasets\Anomaly\094.png,defective,defective,0.999814,0.000186,0.999814,True,1113,306,1175,368
134,5.583,33,data\real\pharmaceutical_capsules\extracted\datasets\Anomaly\273.png,defective,defective,0.99996,4e-05,0.99996,True,55,496,117,558
134,5.583,34,data\real\pharmaceutical_capsules\extracted\datasets\Normal\033.png,normal,normal,0.999738,0.999738,0.000262,True,535,137,597,199
134,5.583,35,data\real\pharmaceutical_capsules\extracted\datasets\Anomaly\071.png,defective,defective,0.999933,6.7e-05,0.999933,True,719,336,781,398
134,5.583,36,data\real\pharmaceutical_capsules\extracted\datasets\Normal\386.png,normal,normal,0.999792,0.999792,0.000208,True,276,488,338,550
135,5.625,1,data\real\pharmaceutical_capsules\extracted\datasets\Anomaly\316.png,defective,defective,0.999963,3.7e-05,0.999963,True,115,138,177,200
135,5.625,2,data\real\pharmaceutical_capsules\extracted\datasets\Normal\068.png,normal,normal,0.999773,0.999773,0.000227,True,890,310,952,372
135,5.625,3,data\real\pharmaceutical_capsules\extracted\datasets\Normal\149.png,normal,normal,0.999805,0.999805,0.000195,True,163,501,225,563
135,5.625,4,data\real\pharmaceutical_capsules\extracted\datasets\Anomaly\443.png,defective,defective,0.999923,7.7e-05,0.999923,True,1117,138,1179,200
135,5.625,5,data\real\pharmaceutical_capsules\extracted\datasets\Anomaly\221.png,defective,defective,0.999938,6.2e-05,0.999938,True,875,303,937,365
135,5.625,6,data\real\pharmaceutical_capsules\extracted\datasets\Normal\012.png,normal,normal,0.992716,0.992716,0.007284,True,214,501,276,563
135,5.625,7,data\real\pharmaceutical_capsules\extracted\datasets\Anomaly\124.png,defective,defective,0.999966,3.4e-05,0.999966,True,1152,154,1214,216
135,5.625,8,data\real\pharmaceutical_capsules\extracted\datasets\Anomaly\192.png,defective,defective,0.999946,5.4e-05,0.999946,True,585,312,647,374
135,5.625,9,data\real\pharmaceutical_capsules\extracted\datasets\Normal\492.png,normal,normal,0.999762,0.999762,0.000238,True,1013,476,1075,538
135,5.625,10,data\real\pharmaceutical_capsules\extracted\datasets\Anomaly\351.png,defective,normal,0.671338,0.671338,0.328662,False,274,143,336,205
135,5.625,11,data\real\pharmaceutical_capsules\extracted\datasets\Normal\305.png,normal,normal,0.999814,0.999814,0.000186,True,701,324,763,386
135,5.625,12,data\real\pharmaceutical_capsules\extracted\datasets\Normal\082.png,normal,normal,0.999814,0.999814,0.000186,True,330,496,392,558
135,5.625,13,data\real\pharmaceutical_capsules\extracted\datasets\Normal\481.png,normal,normal,0.999822,0.999822,0.000178,True,543,161,605,223
135,5.625,14,data\real\pharmaceutical_capsules\extracted\datasets\Anomaly\455.png,defective,defective,0.99982,0.00018,0.99982,True,952,325,1014,387
135,5.625,15,data\real\pharmaceutical_capsules\extracted\datasets\Normal\446.png,normal,normal,0.999598,0.999598,0.000402,True,199,469,261,531
135,5.625,16,data\real\pharmaceutical_capsules\extracted\datasets\Normal\067.png,normal,normal,0.999754,0.999754,0.000246,True,287,142,349,204
135,5.625,17,data\real\pharmaceutical_capsules\extracted\datasets\Normal\338.png,normal,normal,0.999837,0.999837,0.000163,True,406,326,468,388
135,5.625,18,data\real\pharmaceutical_capsules\extracted\datasets\Anomaly\140.png,defective,defective,0.99995,5e-05,0.99995,True,111,490,173,552
135,5.625,19,data\real\pharmaceutical_capsules\extracted\datasets\Anomaly\242.png,defective,defective,0.9999,0.0001,0.9999,True,1032,154,1094,216
135,5.625,20,data\real\pharmaceutical_capsules\extracted\datasets\Normal\158.png,normal,normal,0.999763,0.999763,0.000237,True,172,306,234,368
135,5.625,21,data\real\pharmaceutical_capsules\extracted\datasets\Anomaly\415.png,defective,defective,0.999412,0.000588,0.999412,True,796,482,858,544
135,5.625,22,data\real\pharmaceutical_capsules\extracted\datasets\Normal\427.png,normal,normal,0.99977,0.99977,0.00023,True,1063,151,1125,213
135,5.625,23,data\real\pharmaceutical_capsules\extracted\datasets\Normal\424.png,normal,normal,0.999628,0.999628,0.000372,True,376,305,438,367
135,5.625,24,data\real\pharmaceutical_capsules\extracted\datasets\Normal\443.png,normal,normal,0.99986,0.99986,0.00014,True,618,487,680,549
135,5.625,25,data\real\pharmaceutical_capsules\extracted\datasets\Anomaly\321.png,defective,defective,0.999956,4.4e-05,0.999956,True,662,157,724,219
135,5.625,26,data\real\pharmaceutical_capsules\extracted\datasets\Normal\403.png,normal,normal,0.999762,0.999762,0.000238,True,1216,331,1278,393
135,5.625,27,data\real\pharmaceutical_capsules\extracted\datasets\Anomaly\459.png,defective,defective,0.99997,3e-05,0.99997,True,756,501,818,563
135,5.625,28,data\real\pharmaceutical_capsules\extracted\datasets\Anomaly\137.png,defective,defective,0.999974,2.6e-05,0.999974,True,45,162,107,224
135,5.625,29,data\real\pharmaceutical_capsules\extracted\datasets\Anomaly\587.png,defective,defective,0.99997,3e-05,0.99997,True,574,310,636,372
135,5.625,30,data\real\pharmaceutical_capsules\extracted\datasets\Normal\440.png,normal,normal,0.99979,0.99979,0.00021,True,693,470,755,532
135,5.625,31,data\real\pharmaceutical_capsules\extracted\datasets\Anomaly\469.png,defective,defective,0.999943,5.7e-05,0.999943,True,773,147,835,209
135,5.625,32,data\real\pharmaceutical_capsules\extracted\datasets\Anomaly\094.png,defective,defective,0.999814,0.000186,0.999814,True,1117,306,1179,368
135,5.625,33,data\real\pharmaceutical_capsules\extracted\datasets\Anomaly\273.png,defective,defective,0.99996,4e-05,0.99996,True,60,496,122,558
135,5.625,34,data\real\pharmaceutical_capsules\extracted\datasets\Normal\033.png,normal,normal,0.999738,0.999738,0.000262,True,540,137,602,199
135,5.625,35,data\real\pharmaceutical_capsules\extracted\datasets\Anomaly\071.png,defective,defective,0.999933,6.7e-05,0.999933,True,724,336,786,398
135,5.625,36,data\real\pharmaceutical_capsules\extracted\datasets\Normal\386.png,normal,normal,0.999792,0.999792,0.000208,True,281,488,343,550
136,5.667,1,data\real\pharmaceutical_capsules\extracted\datasets\Anomaly\316.png,defective,defective,0.999963,3.7e-05,0.999963,True,120,138,182,200
136,5.667,2,data\real\pharmaceutical_capsules\extracted\datasets\Normal\068.png,normal,normal,0.999773,0.999773,0.000227,True,895,310,957,372
136,5.667,3,data\real\pharmaceutical_capsules\extracted\datasets\Normal\149.png,normal,normal,0.999805,0.999805,0.000195,True,168,501,230,563
136,5.667,4,data\real\pharmaceutical_capsules\extracted\datasets\Anomaly\443.png,defective,defective,0.999923,7.7e-05,0.999923,True,1122,138,1184,200
136,5.667,5,data\real\pharmaceutical_capsules\extracted\datasets\Anomaly\221.png,defective,defective,0.999938,6.2e-05,0.999938,True,879,303,941,365
136,5.667,6,data\real\pharmaceutical_capsules\extracted\datasets\Normal\012.png,normal,normal,0.992716,0.992716,0.007284,True,218,501,280,563
136,5.667,7,data\real\pharmaceutical_capsules\extracted\datasets\Anomaly\124.png,defective,defective,0.999966,3.4e-05,0.999966,True,1156,154,1218,216
136,5.667,8,data\real\pharmaceutical_capsules\extracted\datasets\Anomaly\192.png,defective,defective,0.999946,5.4e-05,0.999946,True,590,312,652,374
136,5.667,9,data\real\pharmaceutical_capsules\extracted\datasets\Normal\492.png,normal,normal,0.999762,0.999762,0.000238,True,1017,476,1079,538
136,5.667,10,data\real\pharmaceutical_capsules\extracted\datasets\Anomaly\351.png,defective,normal,0.671338,0.671338,0.328662,False,279,143,341,205
136,5.667,11,data\real\pharmaceutical_capsules\extracted\datasets\Normal\305.png,normal,normal,0.999814,0.999814,0.000186,True,705,324,767,386
136,5.667,12,data\real\pharmaceutical_capsules\extracted\datasets\Normal\082.png,normal,normal,0.999814,0.999814,0.000186,True,335,496,397,558
136,5.667,13,data\real\pharmaceutical_capsules\extracted\datasets\Normal\481.png,normal,normal,0.999822,0.999822,0.000178,True,547,161,609,223
136,5.667,14,data\real\pharmaceutical_capsules\extracted\datasets\Anomaly\455.png,defective,defective,0.99982,0.00018,0.99982,True,957,325,1019,387
136,5.667,15,data\real\pharmaceutical_capsules\extracted\datasets\Normal\446.png,normal,normal,0.999598,0.999598,0.000402,True,203,469,265,531
136,5.667,16,data\real\pharmaceutical_capsules\extracted\datasets\Normal\067.png,normal,normal,0.999754,0.999754,0.000246,True,291,142,353,204
136,5.667,17,data\real\pharmaceutical_capsules\extracted\datasets\Normal\338.png,normal,normal,0.999837,0.999837,0.000163,True,411,326,473,388
136,5.667,18,data\real\pharmaceutical_capsules\extracted\datasets\Anomaly\140.png,defective,defective,0.99995,5e-05,0.99995,True,115,490,177,552
136,5.667,19,data\real\pharmaceutical_capsules\extracted\datasets\Anomaly\242.png,defective,defective,0.9999,0.0001,0.9999,True,1036,154,1098,216
136,5.667,20,data\real\pharmaceutical_capsules\extracted\datasets\Normal\158.png,normal,normal,0.999763,0.999763,0.000237,True,176,306,238,368
136,5.667,21,data\real\pharmaceutical_capsules\extracted\datasets\Anomaly\415.png,defective,defective,0.999412,0.000588,0.999412,True,801,482,863,544
136,5.667,22,data\real\pharmaceutical_capsules\extracted\datasets\Normal\427.png,normal,normal,0.99977,0.99977,0.00023,True,1067,151,1129,213
136,5.667,23,data\real\pharmaceutical_capsules\extracted\datasets\Normal\424.png,normal,normal,0.999628,0.999628,0.000372,True,380,305,442,367
136,5.667,24,data\real\pharmaceutical_capsules\extracted\datasets\Normal\443.png,normal,normal,0.99986,0.99986,0.00014,True,623,487,685,549
136,5.667,25,data\real\pharmaceutical_capsules\extracted\datasets\Anomaly\321.png,defective,defective,0.999956,4.4e-05,0.999956,True,666,157,728,219
136,5.667,26,data\real\pharmaceutical_capsules\extracted\datasets\Normal\403.png,normal,normal,0.999762,0.999762,0.000238,True,1221,331,1279,393
136,5.667,27,data\real\pharmaceutical_capsules\extracted\datasets\Anomaly\459.png,defective,defective,0.99997,3e-05,0.99997,True,760,501,822,563
136,5.667,28,data\real\pharmaceutical_capsules\extracted\datasets\Anomaly\137.png,defective,defective,0.999974,2.6e-05,0.999974,True,50,162,112,224
136,5.667,29,data\real\pharmaceutical_capsules\extracted\datasets\Anomaly\587.png,defective,defective,0.99997,3e-05,0.99997,True,578,310,640,372
136,5.667,30,data\real\pharmaceutical_capsules\extracted\datasets\Normal\440.png,normal,normal,0.99979,0.99979,0.00021,True,698,470,760,532
136,5.667,31,data\real\pharmaceutical_capsules\extracted\datasets\Anomaly\469.png,defective,defective,0.999943,5.7e-05,0.999943,True,777,147,839,209
136,5.667,32,data\real\pharmaceutical_capsules\extracted\datasets\Anomaly\094.png,defective,defective,0.999814,0.000186,0.999814,True,1122,306,1184,368
136,5.667,33,data\real\pharmaceutical_capsules\extracted\datasets\Anomaly\273.png,defective,defective,0.99996,4e-05,0.99996,True,64,496,126,558
136,5.667,34,data\real\pharmaceutical_capsules\extracted\datasets\Normal\033.png,normal,normal,0.999738,0.999738,0.000262,True,544,137,606,199
136,5.667,35,data\real\pharmaceutical_capsules\extracted\datasets\Anomaly\071.png,defective,defective,0.999933,6.7e-05,0.999933,True,728,336,790,398
136,5.667,36,data\real\pharmaceutical_capsules\extracted\datasets\Normal\386.png,normal,normal,0.999792,0.999792,0.000208,True,285,488,347,550
137,5.708,1,data\real\pharmaceutical_capsules\extracted\datasets\Anomaly\316.png,defective,defective,0.999963,3.7e-05,0.999963,True,124,138,186,200
137,5.708,2,data\real\pharmaceutical_capsules\extracted\datasets\Normal\068.png,normal,normal,0.999773,0.999773,0.000227,True,899,310,961,372
137,5.708,3,data\real\pharmaceutical_capsules\extracted\datasets\Normal\149.png,normal,normal,0.999805,0.999805,0.000195,True,172,501,234,563
137,5.708,4,data\real\pharmaceutical_capsules\extracted\datasets\Anomaly\443.png,defective,defective,0.999923,7.7e-05,0.999923,True,1126,138,1188,200
137,5.708,5,data\real\pharmaceutical_capsules\extracted\datasets\Anomaly\221.png,defective,defective,0.999938,6.2e-05,0.999938,True,884,303,946,365
137,5.708,6,data\real\pharmaceutical_capsules\extracted\datasets\Normal\012.png,normal,normal,0.992716,0.992716,0.007284,True,223,501,285,563
137,5.708,7,data\real\pharmaceutical_capsules\extracted\datasets\Anomaly\124.png,defective,defective,0.999966,3.4e-05,0.999966,True,1161,154,1223,216
137,5.708,8,data\real\pharmaceutical_capsules\extracted\datasets\Anomaly\192.png,defective,defective,0.999946,5.4e-05,0.999946,True,594,312,656,374
137,5.708,9,data\real\pharmaceutical_capsules\extracted\datasets\Normal\492.png,normal,normal,0.999762,0.999762,0.000238,True,1022,476,1084,538
137,5.708,10,data\real\pharmaceutical_capsules\extracted\datasets\Anomaly\351.png,defective,normal,0.671338,0.671338,0.328662,False,283,143,345,205
137,5.708,11,data\real\pharmaceutical_capsules\extracted\datasets\Normal\305.png,normal,normal,0.999814,0.999814,0.000186,True,710,324,772,386
137,5.708,12,data\real\pharmaceutical_capsules\extracted\datasets\Normal\082.png,normal,normal,0.999814,0.999814,0.000186,True,339,496,401,558
137,5.708,13,data\real\pharmaceutical_capsules\extracted\datasets\Normal\481.png,normal,normal,0.999822,0.999822,0.000178,True,552,161,614,223
137,5.708,14,data\real\pharmaceutical_capsules\extracted\datasets\Anomaly\455.png,defective,defective,0.99982,0.00018,0.99982,True,961,325,1023,387
137,5.708,15,data\real\pharmaceutical_capsules\extracted\datasets\Normal\446.png,normal,normal,0.999598,0.999598,0.000402,True,208,469,270,531
137,5.708,16,data\real\pharmaceutical_capsules\extracted\datasets\Normal\067.png,normal,normal,0.999754,0.999754,0.000246,True,296,142,358,204
137,5.708,17,data\real\pharmaceutical_capsules\extracted\datasets\Normal\338.png,normal,normal,0.999837,0.999837,0.000163,True,415,326,477,388
137,5.708,18,data\real\pharmaceutical_capsules\extracted\datasets\Anomaly\140.png,defective,defective,0.99995,5e-05,0.99995,True,120,490,182,552
137,5.708,19,data\real\pharmaceutical_capsules\extracted\datasets\Anomaly\242.png,defective,defective,0.9999,0.0001,0.9999,True,1041,154,1103,216
137,5.708,20,data\real\pharmaceutical_capsules\extracted\datasets\Normal\158.png,normal,normal,0.999763,0.999763,0.000237,True,181,306,243,368
137,5.708,21,data\real\pharmaceutical_capsules\extracted\datasets\Anomaly\415.png,defective,defective,0.999412,0.000588,0.999412,True,805,482,867,544
137,5.708,22,data\real\pharmaceutical_capsules\extracted\datasets\Normal\427.png,normal,normal,0.99977,0.99977,0.00023,True,1072,151,1134,213
137,5.708,23,data\real\pharmaceutical_capsules\extracted\datasets\Normal\424.png,normal,normal,0.999628,0.999628,0.000372,True,385,305,447,367
137,5.708,24,data\real\pharmaceutical_capsules\extracted\datasets\Normal\443.png,normal,normal,0.99986,0.99986,0.00014,True,627,487,689,549
137,5.708,25,data\real\pharmaceutical_capsules\extracted\datasets\Anomaly\321.png,defective,defective,0.999956,4.4e-05,0.999956,True,671,157,733,219
137,5.708,26,data\real\pharmaceutical_capsules\extracted\datasets\Normal\403.png,normal,normal,0.999762,0.999762,0.000238,True,1225,331,1279,393
137,5.708,27,data\real\pharmaceutical_capsules\extracted\datasets\Anomaly\459.png,defective,defective,0.99997,3e-05,0.99997,True,765,501,827,563
137,5.708,28,data\real\pharmaceutical_capsules\extracted\datasets\Anomaly\137.png,defective,defective,0.999974,2.6e-05,0.999974,True,54,162,116,224
137,5.708,29,data\real\pharmaceutical_capsules\extracted\datasets\Anomaly\587.png,defective,defective,0.99997,3e-05,0.99997,True,583,310,645,372
137,5.708,30,data\real\pharmaceutical_capsules\extracted\datasets\Normal\440.png,normal,normal,0.99979,0.99979,0.00021,True,702,470,764,532
137,5.708,31,data\real\pharmaceutical_capsules\extracted\datasets\Anomaly\469.png,defective,defective,0.999943,5.7e-05,0.999943,True,782,147,844,209
137,5.708,32,data\real\pharmaceutical_capsules\extracted\datasets\Anomaly\094.png,defective,defective,0.999814,0.000186,0.999814,True,1126,306,1188,368
137,5.708,33,data\real\pharmaceutical_capsules\extracted\datasets\Anomaly\273.png,defective,defective,0.99996,4e-05,0.99996,True,69,496,131,558
137,5.708,34,data\real\pharmaceutical_capsules\extracted\datasets\Normal\033.png,normal,normal,0.999738,0.999738,0.000262,True,549,137,611,199
137,5.708,35,data\real\pharmaceutical_capsules\extracted\datasets\Anomaly\071.png,defective,defective,0.999933,6.7e-05,0.999933,True,733,336,795,398
137,5.708,36,data\real\pharmaceutical_capsules\extracted\datasets\Normal\386.png,normal,normal,0.999792,0.999792,0.000208,True,290,488,352,550
138,5.75,1,data\real\pharmaceutical_capsules\extracted\datasets\Anomaly\316.png,defective,defective,0.999963,3.7e-05,0.999963,True,129,138,191,200
138,5.75,2,data\real\pharmaceutical_capsules\extracted\datasets\Normal\068.png,normal,normal,0.999773,0.999773,0.000227,True,904,310,966,372
138,5.75,3,data\real\pharmaceutical_capsules\extracted\datasets\Normal\149.png,normal,normal,0.999805,0.999805,0.000195,True,177,501,239,563
138,5.75,4,data\real\pharmaceutical_capsules\extracted\datasets\Anomaly\443.png,defective,defective,0.999923,7.7e-05,0.999923,True,1131,138,1193,200
138,5.75,5,data\real\pharmaceutical_capsules\extracted\datasets\Anomaly\221.png,defective,defective,0.999938,6.2e-05,0.999938,True,888,303,950,365
138,5.75,6,data\real\pharmaceutical_capsules\extracted\datasets\Normal\012.png,normal,normal,0.992716,0.992716,0.007284,True,227,501,289,563
138,5.75,7,data\real\pharmaceutical_capsules\extracted\datasets\Anomaly\124.png,defective,defective,0.999966,3.4e-05,0.999966,True,1165,154,1227,216
138,5.75,8,data\real\pharmaceutical_capsules\extracted\datasets\Anomaly\192.png,defective,defective,0.999946,5.4e-05,0.999946,True,599,312,661,374
138,5.75,9,data\real\pharmaceutical_capsules\extracted\datasets\Normal\492.png,normal,normal,0.999762,0.999762,0.000238,True,1026,476,1088,538
138,5.75,10,data\real\pharmaceutical_capsules\extracted\datasets\Anomaly\351.png,defective,normal,0.671338,0.671338,0.328662,False,288,143,350,205
138,5.75,11,data\real\pharmaceutical_capsules\extracted\datasets\Normal\305.png,normal,normal,0.999814,0.999814,0.000186,True,714,324,776,386
138,5.75,12,data\real\pharmaceutical_capsules\extracted\datasets\Normal\082.png,normal,normal,0.999814,0.999814,0.000186,True,344,496,406,558
138,5.75,13,data\real\pharmaceutical_capsules\extracted\datasets\Normal\481.png,normal,normal,0.999822,0.999822,0.000178,True,556,161,618,223
138,5.75,14,data\real\pharmaceutical_capsules\extracted\datasets\Anomaly\455.png,defective,defective,0.99982,0.00018,0.99982,True,966,325,1028,387
138,5.75,15,data\real\pharmaceutical_capsules\extracted\datasets\Normal\446.png,normal,normal,0.999598,0.999598,0.000402,True,212,469,274,531
138,5.75,16,data\real\pharmaceutical_capsules\extracted\datasets\Normal\067.png,normal,normal,0.999754,0.999754,0.000246,True,300,142,362,204
138,5.75,17,data\real\pharmaceutical_capsules\extracted\datasets\Normal\338.png,normal,normal,0.999837,0.999837,0.000163,True,420,326,482,388
138,5.75,18,data\real\pharmaceutical_capsules\extracted\datasets\Anomaly\140.png,defective,defective,0.99995,5e-05,0.99995,True,124,490,186,552
138,5.75,19,data\real\pharmaceutical_capsules\extracted\datasets\Anomaly\242.png,defective,defective,0.9999,0.0001,0.9999,True,1045,154,1107,216
138,5.75,20,data\real\pharmaceutical_capsules\extracted\datasets\Normal\158.png,normal,normal,0.999763,0.999763,0.000237,True,185,306,247,368
138,5.75,21,data\real\pharmaceutical_capsules\extracted\datasets\Anomaly\415.png,defective,defective,0.999412,0.000588,0.999412,True,810,482,872,544
138,5.75,22,data\real\pharmaceutical_capsules\extracted\datasets\Normal\427.png,normal,normal,0.99977,0.99977,0.00023,True,1076,151,1138,213
138,5.75,23,data\real\pharmaceutical_capsules\extracted\datasets\Normal\424.png,normal,normal,0.999628,0.999628,0.000372,True,389,305,451,367
138,5.75,24,data\real\pharmaceutical_capsules\extracted\datasets\Normal\443.png,normal,normal,0.99986,0.99986,0.00014,True,632,487,694,549
138,5.75,25,data\real\pharmaceutical_capsules\extracted\datasets\Anomaly\321.png,defective,defective,0.999956,4.4e-05,0.999956,True,675,157,737,219
138,5.75,26,data\real\pharmaceutical_capsules\extracted\datasets\Normal\403.png,normal,normal,0.999762,0.999762,0.000238,True,1230,331,1279,393
138,5.75,27,data\real\pharmaceutical_capsules\extracted\datasets\Anomaly\459.png,defective,defective,0.99997,3e-05,0.99997,True,769,501,831,563
138,5.75,28,data\real\pharmaceutical_capsules\extracted\datasets\Anomaly\137.png,defective,defective,0.999974,2.6e-05,0.999974,True,59,162,121,224
138,5.75,29,data\real\pharmaceutical_capsules\extracted\datasets\Anomaly\587.png,defective,defective,0.99997,3e-05,0.99997,True,587,310,649,372
138,5.75,30,data\real\pharmaceutical_capsules\extracted\datasets\Normal\440.png,normal,normal,0.99979,0.99979,0.00021,True,707,470,769,532
138,5.75,31,data\real\pharmaceutical_capsules\extracted\datasets\Anomaly\469.png,defective,defective,0.999943,5.7e-05,0.999943,True,786,147,848,209
138,5.75,32,data\real\pharmaceutical_capsules\extracted\datasets\Anomaly\094.png,defective,defective,0.999814,0.000186,0.999814,True,1131,306,1193,368
138,5.75,33,data\real\pharmaceutical_capsules\extracted\datasets\Anomaly\273.png,defective,defective,0.99996,4e-05,0.99996,True,73,496,135,558
138,5.75,34,data\real\pharmaceutical_capsules\extracted\datasets\Normal\033.png,normal,normal,0.999738,0.999738,0.000262,True,553,137,615,199
138,5.75,35,data\real\pharmaceutical_capsules\extracted\datasets\Anomaly\071.png,defective,defective,0.999933,6.7e-05,0.999933,True,737,336,799,398
138,5.75,36,data\real\pharmaceutical_capsules\extracted\datasets\Normal\386.png,normal,normal,0.999792,0.999792,0.000208,True,294,488,356,550
139,5.792,1,data\real\pharmaceutical_capsules\extracted\datasets\Anomaly\316.png,defective,defective,0.999963,3.7e-05,0.999963,True,133,138,195,200
139,5.792,2,data\real\pharmaceutical_capsules\extracted\datasets\Normal\068.png,normal,normal,0.999773,0.999773,0.000227,True,908,310,970,372
139,5.792,3,data\real\pharmaceutical_capsules\extracted\datasets\Normal\149.png,normal,normal,0.999805,0.999805,0.000195,True,181,501,243,563
139,5.792,4,data\real\pharmaceutical_capsules\extracted\datasets\Anomaly\443.png,defective,defective,0.999923,7.7e-05,0.999923,True,1135,138,1197,200
139,5.792,5,data\real\pharmaceutical_capsules\extracted\datasets\Anomaly\221.png,defective,defective,0.999938,6.2e-05,0.999938,True,893,303,955,365
139,5.792,6,data\real\pharmaceutical_capsules\extracted\datasets\Normal\012.png,normal,normal,0.992716,0.992716,0.007284,True,232,501,294,563
139,5.792,7,data\real\pharmaceutical_capsules\extracted\datasets\Anomaly\124.png,defective,defective,0.999966,3.4e-05,0.999966,True,1170,154,1232,216
139,5.792,8,data\real\pharmaceutical_capsules\extracted\datasets\Anomaly\192.png,defective,defective,0.999946,5.4e-05,0.999946,True,603,312,665,374
139,5.792,9,data\real\pharmaceutical_capsules\extracted\datasets\Normal\492.png,normal,normal,0.999762,0.999762,0.000238,True,1031,476,1093,538
139,5.792,10,data\real\pharmaceutical_capsules\extracted\datasets\Anomaly\351.png,defective,normal,0.671338,0.671338,0.328662,False,292,143,354,205
139,5.792,11,data\real\pharmaceutical_capsules\extracted\datasets\Normal\305.png,normal,normal,0.999814,0.999814,0.000186,True,719,324,781,386
139,5.792,12,data\real\pharmaceutical_capsules\extracted\datasets\Normal\082.png,normal,normal,0.999814,0.999814,0.000186,True,348,496,410,558
139,5.792,13,data\real\pharmaceutical_capsules\extracted\datasets\Normal\481.png,normal,normal,0.999822,0.999822,0.000178,True,561,161,623,223
139,5.792,14,data\real\pharmaceutical_capsules\extracted\datasets\Anomaly\455.png,defective,defective,0.99982,0.00018,0.99982,True,970,325,1032,387
139,5.792,15,data\real\pharmaceutical_capsules\extracted\datasets\Normal\446.png,normal,normal,0.999598,0.999598,0.000402,True,217,469,279,531
139,5.792,16,data\real\pharmaceutical_capsules\extracted\datasets\Normal\067.png,normal,normal,0.999754,0.999754,0.000246,True,305,142,367,204
139,5.792,17,data\real\pharmaceutical_capsules\extracted\datasets\Normal\338.png,normal,normal,0.999837,0.999837,0.000163,True,424,326,486,388
139,5.792,18,data\real\pharmaceutical_capsules\extracted\datasets\Anomaly\140.png,defective,defective,0.99995,5e-05,0.99995,True,129,490,191,552
139,5.792,19,data\real\pharmaceutical_capsules\extracted\datasets\Anomaly\242.png,defective,defective,0.9999,0.0001,0.9999,True,1050,154,1112,216
139,5.792,20,data\real\pharmaceutical_capsules\extracted\datasets\Normal\158.png,normal,normal,0.999763,0.999763,0.000237,True,190,306,252,368
139,5.792,21,data\real\pharmaceutical_capsules\extracted\datasets\Anomaly\415.png,defective,defective,0.999412,0.000588,0.999412,True,814,482,876,544
139,5.792,22,data\real\pharmaceutical_capsules\extracted\datasets\Normal\427.png,normal,normal,0.99977,0.99977,0.00023,True,1081,151,1143,213
139,5.792,23,data\real\pharmaceutical_capsules\extracted\datasets\Normal\424.png,normal,normal,0.999628,0.999628,0.000372,True,394,305,456,367
139,5.792,24,data\real\pharmaceutical_capsules\extracted\datasets\Normal\443.png,normal,normal,0.99986,0.99986,0.00014,True,636,487,698,549
139,5.792,25,data\real\pharmaceutical_capsules\extracted\datasets\Anomaly\321.png,defective,defective,0.999956,4.4e-05,0.999956,True,680,157,742,219
139,5.792,26,data\real\pharmaceutical_capsules\extracted\datasets\Normal\403.png,normal,normal,0.999762,0.999762,0.000238,True,1234,331,1279,393
139,5.792,27,data\real\pharmaceutical_capsules\extracted\datasets\Anomaly\459.png,defective,defective,0.99997,3e-05,0.99997,True,774,501,836,563
139,5.792,28,data\real\pharmaceutical_capsules\extracted\datasets\Anomaly\137.png,defective,defective,0.999974,2.6e-05,0.999974,True,63,162,125,224
139,5.792,29,data\real\pharmaceutical_capsules\extracted\datasets\Anomaly\587.png,defective,defective,0.99997,3e-05,0.99997,True,592,310,654,372
139,5.792,30,data\real\pharmaceutical_capsules\extracted\datasets\Normal\440.png,normal,normal,0.99979,0.99979,0.00021,True,711,470,773,532
139,5.792,31,data\real\pharmaceutical_capsules\extracted\datasets\Anomaly\469.png,defective,defective,0.999943,5.7e-05,0.999943,True,791,147,853,209
139,5.792,32,data\real\pharmaceutical_capsules\extracted\datasets\Anomaly\094.png,defective,defective,0.999814,0.000186,0.999814,True,1135,306,1197,368
139,5.792,33,data\real\pharmaceutical_capsules\extracted\datasets\Anomaly\273.png,defective,defective,0.99996,4e-05,0.99996,True,78,496,140,558
139,5.792,34,data\real\pharmaceutical_capsules\extracted\datasets\Normal\033.png,normal,normal,0.999738,0.999738,0.000262,True,558,137,620,199
139,5.792,35,data\real\pharmaceutical_capsules\extracted\datasets\Anomaly\071.png,defective,defective,0.999933,6.7e-05,0.999933,True,742,336,804,398
139,5.792,36,data\real\pharmaceutical_capsules\extracted\datasets\Normal\386.png,normal,normal,0.999792,0.999792,0.000208,True,299,488,361,550
140,5.833,1,data\real\pharmaceutical_capsules\extracted\datasets\Anomaly\316.png,defective,defective,0.999963,3.7e-05,0.999963,True,138,138,200,200
140,5.833,2,data\real\pharmaceutical_capsules\extracted\datasets\Normal\068.png,normal,normal,0.999773,0.999773,0.000227,True,913,310,975,372
140,5.833,3,data\real\pharmaceutical_capsules\extracted\datasets\Normal\149.png,normal,normal,0.999805,0.999805,0.000195,True,186,501,248,563
140,5.833,4,data\real\pharmaceutical_capsules\extracted\datasets\Anomaly\443.png,defective,defective,0.999923,7.7e-05,0.999923,True,1140,138,1202,200
140,5.833,5,data\real\pharmaceutical_capsules\extracted\datasets\Anomaly\221.png,defective,defective,0.999938,6.2e-05,0.999938,True,897,303,959,365
140,5.833,6,data\real\pharmaceutical_capsules\extracted\datasets\Normal\012.png,normal,normal,0.992716,0.992716,0.007284,True,236,501,298,563
140,5.833,7,data\real\pharmaceutical_capsules\extracted\datasets\Anomaly\124.png,defective,defective,0.999966,3.4e-05,0.999966,True,1174,154,1236,216
140,5.833,8,data\real\pharmaceutical_capsules\extracted\datasets\Anomaly\192.png,defective,defective,0.999946,5.4e-05,0.999946,True,608,312,670,374
140,5.833,9,data\real\pharmaceutical_capsules\extracted\datasets\Normal\492.png,normal,normal,0.999762,0.999762,0.000238,True,1035,476,1097,538
140,5.833,10,data\real\pharmaceutical_capsules\extracted\datasets\Anomaly\351.png,defective,normal,0.671338,0.671338,0.328662,False,297,143,359,205
140,5.833,11,data\real\pharmaceutical_capsules\extracted\datasets\Normal\305.png,normal,normal,0.999814,0.999814,0.000186,True,723,324,785,386
140,5.833,12,data\real\pharmaceutical_capsules\extracted\datasets\Normal\082.png,normal,normal,0.999814,0.999814,0.000186,True,353,496,415,558
140,5.833,13,data\real\pharmaceutical_capsules\extracted\datasets\Normal\481.png,normal,normal,0.999822,0.999822,0.000178,True,565,161,627,223
140,5.833,14,data\real\pharmaceutical_capsules\extracted\datasets\Anomaly\455.png,defective,defective,0.99982,0.00018,0.99982,True,975,325,1037,387
140,5.833,15,data\real\pharmaceutical_capsules\extracted\datasets\Normal\446.png,normal,normal,0.999598,0.999598,0.000402,True,221,469,283,531
140,5.833,16,data\real\pharmaceutical_capsules\extracted\datasets\Normal\067.png,normal,normal,0.999754,0.999754,0.000246,True,309,142,371,204
140,5.833,17,data\real\pharmaceutical_capsules\extracted\datasets\Normal\338.png,normal,normal,0.999837,0.999837,0.000163,True,429,326,491,388
140,5.833,18,data\real\pharmaceutical_capsules\extracted\datasets\Anomaly\140.png,defective,defective,0.99995,5e-05,0.99995,True,133,490,195,552
140,5.833,19,data\real\pharmaceutical_capsules\extracted\datasets\Anomaly\242.png,defective,defective,0.9999,0.0001,0.9999,True,1054,154,1116,216
140,5.833,20,data\real\pharmaceutical_capsules\extracted\datasets\Normal\158.png,normal,normal,0.999763,0.999763,0.000237,True,194,306,256,368
140,5.833,21,data\real\pharmaceutical_capsules\extracted\datasets\Anomaly\415.png,defective,defective,0.999412,0.000588,0.999412,True,819,482,881,544
140,5.833,22,data\real\pharmaceutical_capsules\extracted\datasets\Normal\427.png,normal,normal,0.99977,0.99977,0.00023,True,1085,151,1147,213
140,5.833,23,data\real\pharmaceutical_capsules\extracted\datasets\Normal\424.png,normal,normal,0.999628,0.999628,0.000372,True,398,305,460,367
140,5.833,24,data\real\pharmaceutical_capsules\extracted\datasets\Normal\443.png,normal,normal,0.99986,0.99986,0.00014,True,641,487,703,549
140,5.833,25,data\real\pharmaceutical_capsules\extracted\datasets\Anomaly\321.png,defective,defective,0.999956,4.4e-05,0.999956,True,684,157,746,219
140,5.833,26,data\real\pharmaceutical_capsules\extracted\datasets\Normal\403.png,normal,normal,0.999762,0.999762,0.000238,True,1239,331,1279,393
140,5.833,27,data\real\pharmaceutical_capsules\extracted\datasets\Anomaly\459.png,defective,defective,0.99997,3e-05,0.99997,True,778,501,840,563
140,5.833,28,data\real\pharmaceutical_capsules\extracted\datasets\Anomaly\137.png,defective,defective,0.999974,2.6e-05,0.999974,True,68,162,130,224
140,5.833,29,data\real\pharmaceutical_capsules\extracted\datasets\Anomaly\587.png,defective,defective,0.99997,3e-05,0.99997,True,596,310,658,372
140,5.833,30,data\real\pharmaceutical_capsules\extracted\datasets\Normal\440.png,normal,normal,0.99979,0.99979,0.00021,True,716,470,778,532
140,5.833,31,data\real\pharmaceutical_capsules\extracted\datasets\Anomaly\469.png,defective,defective,0.999943,5.7e-05,0.999943,True,795,147,857,209
140,5.833,32,data\real\pharmaceutical_capsules\extracted\datasets\Anomaly\094.png,defective,defective,0.999814,0.000186,0.999814,True,1140,306,1202,368
140,5.833,33,data\real\pharmaceutical_capsules\extracted\datasets\Anomaly\273.png,defective,defective,0.99996,4e-05,0.99996,True,82,496,144,558
140,5.833,34,data\real\pharmaceutical_capsules\extracted\datasets\Normal\033.png,normal,normal,0.999738,0.999738,0.000262,True,562,137,624,199
140,5.833,35,data\real\pharmaceutical_capsules\extracted\datasets\Anomaly\071.png,defective,defective,0.999933,6.7e-05,0.999933,True,746,336,808,398
140,5.833,36,data\real\pharmaceutical_capsules\extracted\datasets\Normal\386.png,normal,normal,0.999792,0.999792,0.000208,True,303,488,365,550
141,5.875,1,data\real\pharmaceutical_capsules\extracted\datasets\Anomaly\316.png,defective,defective,0.999963,3.7e-05,0.999963,True,142,138,204,200
141,5.875,2,data\real\pharmaceutical_capsules\extracted\datasets\Normal\068.png,normal,normal,0.999773,0.999773,0.000227,True,917,310,979,372
141,5.875,3,data\real\pharmaceutical_capsules\extracted\datasets\Normal\149.png,normal,normal,0.999805,0.999805,0.000195,True,190,501,252,563
141,5.875,4,data\real\pharmaceutical_capsules\extracted\datasets\Anomaly\443.png,defective,defective,0.999923,7.7e-05,0.999923,True,1144,138,1206,200
141,5.875,5,data\real\pharmaceutical_capsules\extracted\datasets\Anomaly\221.png,defective,defective,0.999938,6.2e-05,0.999938,True,902,303,964,365
141,5.875,6,data\real\pharmaceutical_capsules\extracted\datasets\Normal\012.png,normal,normal,0.992716,0.992716,0.007284,True,241,501,303,563
141,5.875,7,data\real\pharmaceutical_capsules\extracted\datasets\Anomaly\124.png,defective,defective,0.999966,3.4e-05,0.999966,True,1179,154,1241,216
141,5.875,8,data\real\pharmaceutical_capsules\extracted\datasets\Anomaly\192.png,defective,defective,0.999946,5.4e-05,0.999946,True,612,312,674,374
141,5.875,9,data\real\pharmaceutical_capsules\extracted\datasets\Normal\492.png,normal,normal,0.999762,0.999762,0.000238,True,1040,476,1102,538
141,5.875,10,data\real\pharmaceutical_capsules\extracted\datasets\Anomaly\351.png,defective,normal,0.671338,0.671338,0.328662,False,301,143,363,205
141,5.875,11,data\real\pharmaceutical_capsules\extracted\datasets\Normal\305.png,normal,normal,0.999814,0.999814,0.000186,True,728,324,790,386
141,5.875,12,data\real\pharmaceutical_capsules\extracted\datasets\Normal\082.png,normal,normal,0.999814,0.999814,0.000186,True,357,496,419,558
141,5.875,13,data\real\pharmaceutical_capsules\extracted\datasets\Normal\481.png,normal,normal,0.999822,0.999822,0.000178,True,570,161,632,223
141,5.875,14,data\real\pharmaceutical_capsules\extracted\datasets\Anomaly\455.png,defective,defective,0.99982,0.00018,0.99982,True,979,325,1041,387
141,5.875,15,data\real\pharmaceutical_capsules\extracted\datasets\Normal\446.png,normal,normal,0.999598,0.999598,0.000402,True,226,469,288,531
141,5.875,16,data\real\pharmaceutical_capsules\extracted\datasets\Normal\067.png,normal,normal,0.999754,0.999754,0.000246,True,314,142,376,204
141,5.875,17,data\real\pharmaceutical_capsules\extracted\datasets\Normal\338.png,normal,normal,0.999837,0.999837,0.000163,True,433,326,495,388
141,5.875,18,data\real\pharmaceutical_capsules\extracted\datasets\Anomaly\140.png,defective,defective,0.99995,5e-05,0.99995,True,138,490,200,552
141,5.875,19,data\real\pharmaceutical_capsules\extracted\datasets\Anomaly\242.png,defective,defective,0.9999,0.0001,0.9999,True,1059,154,1121,216
141,5.875,20,data\real\pharmaceutical_capsules\extracted\datasets\Normal\158.png,normal,normal,0.999763,0.999763,0.000237,True,199,306,261,368
141,5.875,21,data\real\pharmaceutical_capsules\extracted\datasets\Anomaly\415.png,defective,defective,0.999412,0.000588,0.999412,True,823,482,885,544
141,5.875,22,data\real\pharmaceutical_capsules\extracted\datasets\Normal\427.png,normal,normal,0.99977,0.99977,0.00023,True,1090,151,1152,213
141,5.875,23,data\real\pharmaceutical_capsules\extracted\datasets\Normal\424.png,normal,normal,0.999628,0.999628,0.000372,True,403,305,465,367
141,5.875,24,data\real\pharmaceutical_capsules\extracted\datasets\Normal\443.png,normal,normal,0.99986,0.99986,0.00014,True,645,487,707,549
141,5.875,25,data\real\pharmaceutical_capsules\extracted\datasets\Anomaly\321.png,defective,defective,0.999956,4.4e-05,0.999956,True,689,157,751,219
141,5.875,26,data\real\pharmaceutical_capsules\extracted\datasets\Normal\403.png,normal,normal,0.999762,0.999762,0.000238,True,1243,331,1279,393
141,5.875,27,data\real\pharmaceutical_capsules\extracted\datasets\Anomaly\459.png,defective,defective,0.99997,3e-05,0.99997,True,783,501,845,563
141,5.875,28,data\real\pharmaceutical_capsules\extracted\datasets\Anomaly\137.png,defective,defective,0.999974,2.6e-05,0.999974,True,72,162,134,224
141,5.875,29,data\real\pharmaceutical_capsules\extracted\datasets\Anomaly\587.png,defective,defective,0.99997,3e-05,0.99997,True,601,310,663,372
141,5.875,30,data\real\pharmaceutical_capsules\extracted\datasets\Normal\440.png,normal,normal,0.99979,0.99979,0.00021,True,720,470,782,532
141,5.875,31,data\real\pharmaceutical_capsules\extracted\datasets\Anomaly\469.png,defective,defective,0.999943,5.7e-05,0.999943,True,800,147,862,209
141,5.875,32,data\real\pharmaceutical_capsules\extracted\datasets\Anomaly\094.png,defective,defective,0.999814,0.000186,0.999814,True,1144,306,1206,368
141,5.875,33,data\real\pharmaceutical_capsules\extracted\datasets\Anomaly\273.png,defective,defective,0.99996,4e-05,0.99996,True,87,496,149,558
141,5.875,34,data\real\pharmaceutical_capsules\extracted\datasets\Normal\033.png,normal,normal,0.999738,0.999738,0.000262,True,567,137,629,199
141,5.875,35,data\real\pharmaceutical_capsules\extracted\datasets\Anomaly\071.png,defective,defective,0.999933,6.7e-05,0.999933,True,751,336,813,398
141,5.875,36,data\real\pharmaceutical_capsules\extracted\datasets\Normal\386.png,normal,normal,0.999792,0.999792,0.000208,True,308,488,370,550
142,5.917,1,data\real\pharmaceutical_capsules\extracted\datasets\Anomaly\316.png,defective,defective,0.999963,3.7e-05,0.999963,True,147,138,209,200
142,5.917,2,data\real\pharmaceutical_capsules\extracted\datasets\Normal\068.png,normal,normal,0.999773,0.999773,0.000227,True,922,310,984,372
142,5.917,3,data\real\pharmaceutical_capsules\extracted\datasets\Normal\149.png,normal,normal,0.999805,0.999805,0.000195,True,195,501,257,563
142,5.917,4,data\real\pharmaceutical_capsules\extracted\datasets\Anomaly\443.png,defective,defective,0.999923,7.7e-05,0.999923,True,1149,138,1211,200
142,5.917,5,data\real\pharmaceutical_capsules\extracted\datasets\Anomaly\221.png,defective,defective,0.999938,6.2e-05,0.999938,True,906,303,968,365
142,5.917,6,data\real\pharmaceutical_capsules\extracted\datasets\Normal\012.png,normal,normal,0.992716,0.992716,0.007284,True,245,501,307,563
142,5.917,7,data\real\pharmaceutical_capsules\extracted\datasets\Anomaly\124.png,defective,defective,0.999966,3.4e-05,0.999966,True,1183,154,1245,216
142,5.917,8,data\real\pharmaceutical_capsules\extracted\datasets\Anomaly\192.png,defective,defective,0.999946,5.4e-05,0.999946,True,617,312,679,374
142,5.917,9,data\real\pharmaceutical_capsules\extracted\datasets\Normal\492.png,normal,normal,0.999762,0.999762,0.000238,True,1044,476,1106,538
142,5.917,10,data\real\pharmaceutical_capsules\extracted\datasets\Anomaly\351.png,defective,normal,0.671338,0.671338,0.328662,False,306,143,368,205
142,5.917,11,data\real\pharmaceutical_capsules\extracted\datasets\Normal\305.png,normal,normal,0.999814,0.999814,0.000186,True,732,324,794,386
142,5.917,12,data\real\pharmaceutical_capsules\extracted\datasets\Normal\082.png,normal,normal,0.999814,0.999814,0.000186,True,362,496,424,558
142,5.917,13,data\real\pharmaceutical_capsules\extracted\datasets\Normal\481.png,normal,normal,0.999822,0.999822,0.000178,True,574,161,636,223
142,5.917,14,data\real\pharmaceutical_capsules\extracted\datasets\Anomaly\455.png,defective,defective,0.99982,0.00018,0.99982,True,984,325,1046,387
142,5.917,15,data\real\pharmaceutical_capsules\extracted\datasets\Normal\446.png,normal,normal,0.999598,0.999598,0.000402,True,230,469,292,531
142,5.917,16,data\real\pharmaceutical_capsules\extracted\datasets\Normal\067.png,normal,normal,0.999754,0.999754,0.000246,True,318,142,380,204
142,5.917,17,data\real\pharmaceutical_capsules\extracted\datasets\Normal\338.png,normal,normal,0.999837,0.999837,0.000163,True,438,326,500,388
142,5.917,18,data\real\pharmaceutical_capsules\extracted\datasets\Anomaly\140.png,defective,defective,0.99995,5e-05,0.99995,True,142,490,204,552
142,5.917,19,data\real\pharmaceutical_capsules\extracted\datasets\Anomaly\242.png,defective,defective,0.9999,0.0001,0.9999,True,1063,154,1125,216
142,5.917,20,data\real\pharmaceutical_capsules\extracted\datasets\Normal\158.png,normal,normal,0.999763,0.999763,0.000237,True,203,306,265,368
142,5.917,21,data\real\pharmaceutical_capsules\extracted\datasets\Anomaly\415.png,defective,defective,0.999412,0.000588,0.999412,True,828,482,890,544
142,5.917,22,data\real\pharmaceutical_capsules\extracted\datasets\Normal\427.png,normal,normal,0.99977,0.99977,0.00023,True,1094,151,1156,213
142,5.917,23,data\real\pharmaceutical_capsules\extracted\datasets\Normal\424.png,normal,normal,0.999628,0.999628,0.000372,True,407,305,469,367
142,5.917,24,data\real\pharmaceutical_capsules\extracted\datasets\Normal\443.png,normal,normal,0.99986,0.99986,0.00014,True,650,487,712,549
142,5.917,25,data\real\pharmaceutical_capsules\extracted\datasets\Anomaly\321.png,defective,defective,0.999956,4.4e-05,0.999956,True,693,157,755,219
142,5.917,26,data\real\pharmaceutical_capsules\extracted\datasets\Normal\403.png,normal,normal,0.999762,0.999762,0.000238,True,1248,331,1279,393
142,5.917,27,data\real\pharmaceutical_capsules\extracted\datasets\Anomaly\459.png,defective,defective,0.99997,3e-05,0.99997,True,787,501,849,563
142,5.917,28,data\real\pharmaceutical_capsules\extracted\datasets\Anomaly\137.png,defective,defective,0.999974,2.6e-05,0.999974,True,77,162,139,224
142,5.917,29,data\real\pharmaceutical_capsules\extracted\datasets\Anomaly\587.png,defective,defective,0.99997,3e-05,0.99997,True,605,310,667,372
142,5.917,30,data\real\pharmaceutical_capsules\extracted\datasets\Normal\440.png,normal,normal,0.99979,0.99979,0.00021,True,725,470,787,532
142,5.917,31,data\real\pharmaceutical_capsules\extracted\datasets\Anomaly\469.png,defective,defective,0.999943,5.7e-05,0.999943,True,804,147,866,209
142,5.917,32,data\real\pharmaceutical_capsules\extracted\datasets\Anomaly\094.png,defective,defective,0.999814,0.000186,0.999814,True,1149,306,1211,368
142,5.917,33,data\real\pharmaceutical_capsules\extracted\datasets\Anomaly\273.png,defective,defective,0.99996,4e-05,0.99996,True,91,496,153,558
142,5.917,34,data\real\pharmaceutical_capsules\extracted\datasets\Normal\033.png,normal,normal,0.999738,0.999738,0.000262,True,571,137,633,199
142,5.917,35,data\real\pharmaceutical_capsules\extracted\datasets\Anomaly\071.png,defective,defective,0.999933,6.7e-05,0.999933,True,755,336,817,398
142,5.917,36,data\real\pharmaceutical_capsules\extracted\datasets\Normal\386.png,normal,normal,0.999792,0.999792,0.000208,True,312,488,374,550
143,5.958,1,data\real\pharmaceutical_capsules\extracted\datasets\Anomaly\316.png,defective,defective,0.999963,3.7e-05,0.999963,True,151,138,213,200
143,5.958,2,data\real\pharmaceutical_capsules\extracted\datasets\Normal\068.png,normal,normal,0.999773,0.999773,0.000227,True,926,310,988,372
143,5.958,3,data\real\pharmaceutical_capsules\extracted\datasets\Normal\149.png,normal,normal,0.999805,0.999805,0.000195,True,199,501,261,563
143,5.958,4,data\real\pharmaceutical_capsules\extracted\datasets\Anomaly\443.png,defective,defective,0.999923,7.7e-05,0.999923,True,1153,138,1215,200
143,5.958,5,data\real\pharmaceutical_capsules\extracted\datasets\Anomaly\221.png,defective,defective,0.999938,6.2e-05,0.999938,True,911,303,973,365
143,5.958,6,data\real\pharmaceutical_capsules\extracted\datasets\Normal\012.png,normal,normal,0.992716,0.992716,0.007284,True,250,501,312,563
143,5.958,7,data\real\pharmaceutical_capsules\extracted\datasets\Anomaly\124.png,defective,defective,0.999966,3.4e-05,0.999966,True,1188,154,1250,216
143,5.958,8,data\real\pharmaceutical_capsules\extracted\datasets\Anomaly\192.png,defective,defective,0.999946,5.4e-05,0.999946,True,621,312,683,374
143,5.958,9,data\real\pharmaceutical_capsules\extracted\datasets\Normal\492.png,normal,normal,0.999762,0.999762,0.000238,True,1049,476,1111,538
143,5.958,10,data\real\pharmaceutical_capsules\extracted\datasets\Anomaly\351.png,defective,normal,0.671338,0.671338,0.328662,False,310,143,372,205
143,5.958,11,data\real\pharmaceutical_capsules\extracted\datasets\Normal\305.png,normal,normal,0.999814,0.999814,0.000186,True,737,324,799,386
143,5.958,12,data\real\pharmaceutical_capsules\extracted\datasets\Normal\082.png,normal,normal,0.999814,0.999814,0.000186,True,366,496,428,558
143,5.958,13,data\real\pharmaceutical_capsules\extracted\datasets\Normal\481.png,normal,normal,0.999822,0.999822,0.000178,True,579,161,641,223
143,5.958,14,data\real\pharmaceutical_capsules\extracted\datasets\Anomaly\455.png,defective,defective,0.99982,0.00018,0.99982,True,988,325,1050,387
143,5.958,15,data\real\pharmaceutical_capsules\extracted\datasets\Normal\446.png,normal,normal,0.999598,0.999598,0.000402,True,235,469,297,531
143,5.958,16,data\real\pharmaceutical_capsules\extracted\datasets\Normal\067.png,normal,normal,0.999754,0.999754,0.000246,True,323,142,385,204
143,5.958,17,data\real\pharmaceutical_capsules\extracted\datasets\Normal\338.png,normal,normal,0.999837,0.999837,0.000163,True,442,326,504,388
143,5.958,18,data\real\pharmaceutical_capsules\extracted\datasets\Anomaly\140.png,defective,defective,0.99995,5e-05,0.99995,True,147,490,209,552
143,5.958,19,data\real\pharmaceutical_capsules\extracted\datasets\Anomaly\242.png,defective,defective,0.9999,0.0001,0.9999,True,1068,154,1130,216
143,5.958,20,data\real\pharmaceutical_capsules\extracted\datasets\Normal\158.png,normal,normal,0.999763,0.999763,0.000237,True,208,306,270,368
143,5.958,21,data\real\pharmaceutical_capsules\extracted\datasets\Anomaly\415.png,defective,defective,0.999412,0.000588,0.999412,True,832,482,894,544
143,5.958,22,data\real\pharmaceutical_capsules\extracted\datasets\Normal\427.png,normal,normal,0.99977,0.99977,0.00023,True,1099,151,1161,213
143,5.958,23,data\real\pharmaceutical_capsules\extracted\datasets\Normal\424.png,normal,normal,0.999628,0.999628,0.000372,True,412,305,474,367
143,5.958,24,data\real\pharmaceutical_capsules\extracted\datasets\Normal\443.png,normal,normal,0.99986,0.99986,0.00014,True,654,487,716,549
143,5.958,25,data\real\pharmaceutical_capsules\extracted\datasets\Anomaly\321.png,defective,defective,0.999956,4.4e-05,0.999956,True,698,157,760,219
143,5.958,26,data\real\pharmaceutical_capsules\extracted\datasets\Normal\403.png,normal,normal,0.999762,0.999762,0.000238,True,0,331,35,393
143,5.958,27,data\real\pharmaceutical_capsules\extracted\datasets\Anomaly\459.png,defective,defective,0.99997,3e-05,0.99997,True,792,501,854,563
143,5.958,28,data\real\pharmaceutical_capsules\extracted\datasets\Anomaly\137.png,defective,defective,0.999974,2.6e-05,0.999974,True,81,162,143,224
143,5.958,29,data\real\pharmaceutical_capsules\extracted\datasets\Anomaly\587.png,defective,defective,0.99997,3e-05,0.99997,True,610,310,672,372
143,5.958,30,data\real\pharmaceutical_capsules\extracted\datasets\Normal\440.png,normal,normal,0.99979,0.99979,0.00021,True,729,470,791,532
143,5.958,31,data\real\pharmaceutical_capsules\extracted\datasets\Anomaly\469.png,defective,defective,0.999943,5.7e-05,0.999943,True,809,147,871,209
143,5.958,32,data\real\pharmaceutical_capsules\extracted\datasets\Anomaly\094.png,defective,defective,0.999814,0.000186,0.999814,True,1153,306,1215,368
143,5.958,33,data\real\pharmaceutical_capsules\extracted\datasets\Anomaly\273.png,defective,defective,0.99996,4e-05,0.99996,True,96,496,158,558
143,5.958,34,data\real\pharmaceutical_capsules\extracted\datasets\Normal\033.png,normal,normal,0.999738,0.999738,0.000262,True,576,137,638,199
143,5.958,35,data\real\pharmaceutical_capsules\extracted\datasets\Anomaly\071.png,defective,defective,0.999933,6.7e-05,0.999933,True,760,336,822,398
143,5.958,36,data\real\pharmaceutical_capsules\extracted\datasets\Normal\386.png,normal,normal,0.999792,0.999792,0.000208,True,317,488,379,550
144,6.0,1,data\real\pharmaceutical_capsules\extracted\datasets\Anomaly\316.png,defective,defective,0.999963,3.7e-05,0.999963,True,156,138,218,200
144,6.0,2,data\real\pharmaceutical_capsules\extracted\datasets\Normal\068.png,normal,normal,0.999773,0.999773,0.000227,True,931,310,993,372
144,6.0,3,data\real\pharmaceutical_capsules\extracted\datasets\Normal\149.png,normal,normal,0.999805,0.999805,0.000195,True,204,501,266,563
144,6.0,4,data\real\pharmaceutical_capsules\extracted\datasets\Anomaly\443.png,defective,defective,0.999923,7.7e-05,0.999923,True,1158,138,1220,200
144,6.0,5,data\real\pharmaceutical_capsules\extracted\datasets\Anomaly\221.png,defective,defective,0.999938,6.2e-05,0.999938,True,915,303,977,365
144,6.0,6,data\real\pharmaceutical_capsules\extracted\datasets\Normal\012.png,normal,normal,0.992716,0.992716,0.007284,True,254,501,316,563
144,6.0,7,data\real\pharmaceutical_capsules\extracted\datasets\Anomaly\124.png,defective,defective,0.999966,3.4e-05,0.999966,True,1192,154,1254,216
144,6.0,8,data\real\pharmaceutical_capsules\extracted\datasets\Anomaly\192.png,defective,defective,0.999946,5.4e-05,0.999946,True,626,312,688,374
144,6.0,9,data\real\pharmaceutical_capsules\extracted\datasets\Normal\492.png,normal,normal,0.999762,0.999762,0.000238,True,1053,476,1115,538
144,6.0,10,data\real\pharmaceutical_capsules\extracted\datasets\Anomaly\351.png,defective,normal,0.671338,0.671338,0.328662,False,315,143,377,205
144,6.0,11,data\real\pharmaceutical_capsules\extracted\datasets\Normal\305.png,normal,normal,0.999814,0.999814,0.000186,True,741,324,803,386
144,6.0,12,data\real\pharmaceutical_capsules\extracted\datasets\Normal\082.png,normal,normal,0.999814,0.999814,0.000186,True,371,496,433,558
144,6.0,13,data\real\pharmaceutical_capsules\extracted\datasets\Normal\481.png,normal,normal,0.999822,0.999822,0.000178,True,583,161,645,223
144,6.0,14,data\real\pharmaceutical_capsules\extracted\datasets\Anomaly\455.png,defective,defective,0.99982,0.00018,0.99982,True,993,325,1055,387
144,6.0,15,data\real\pharmaceutical_capsules\extracted\datasets\Normal\446.png,normal,normal,0.999598,0.999598,0.000402,True,239,469,301,531
144,6.0,16,data\real\pharmaceutical_capsules\extracted\datasets\Normal\067.png,normal,normal,0.999754,0.999754,0.000246,True,327,142,389,204
144,6.0,17,data\real\pharmaceutical_capsules\extracted\datasets\Normal\338.png,normal,normal,0.999837,0.999837,0.000163,True,447,326,509,388
144,6.0,18,data\real\pharmaceutical_capsules\extracted\datasets\Anomaly\140.png,defective,defective,0.99995,5e-05,0.99995,True,151,490,213,552
144,6.0,19,data\real\pharmaceutical_capsules\extracted\datasets\Anomaly\242.png,defective,defective,0.9999,0.0001,0.9999,True,1072,154,1134,216
144,6.0,20,data\real\pharmaceutical_capsules\extracted\datasets\Normal\158.png,normal,normal,0.999763,0.999763,0.000237,True,212,306,274,368
144,6.0,21,data\real\pharmaceutical_capsules\extracted\datasets\Anomaly\415.png,defective,defective,0.999412,0.000588,0.999412,True,837,482,899,544
144,6.0,22,data\real\pharmaceutical_capsules\extracted\datasets\Normal\427.png,normal,normal,0.99977,0.99977,0.00023,True,1103,151,1165,213
144,6.0,23,data\real\pharmaceutical_capsules\extracted\datasets\Normal\424.png,normal,normal,0.999628,0.999628,0.000372,True,416,305,478,367
144,6.0,24,data\real\pharmaceutical_capsules\extracted\datasets\Normal\443.png,normal,normal,0.99986,0.99986,0.00014,True,659,487,721,549
144,6.0,25,data\real\pharmaceutical_capsules\extracted\datasets\Anomaly\321.png,defective,defective,0.999956,4.4e-05,0.999956,True,702,157,764,219
144,6.0,26,data\real\pharmaceutical_capsules\extracted\datasets\Normal\403.png,normal,normal,0.999762,0.999762,0.000238,True,0,331,40,393
144,6.0,27,data\real\pharmaceutical_capsules\extracted\datasets\Anomaly\459.png,defective,defective,0.99997,3e-05,0.99997,True,796,501,858,563
144,6.0,28,data\real\pharmaceutical_capsules\extracted\datasets\Anomaly\137.png,defective,defective,0.999974,2.6e-05,0.999974,True,86,162,148,224
144,6.0,29,data\real\pharmaceutical_capsules\extracted\datasets\Anomaly\587.png,defective,defective,0.99997,3e-05,0.99997,True,614,310,676,372
144,6.0,30,data\real\pharmaceutical_capsules\extracted\datasets\Normal\440.png,normal,normal,0.99979,0.99979,0.00021,True,734,470,796,532
144,6.0,31,data\real\pharmaceutical_capsules\extracted\datasets\Anomaly\469.png,defective,defective,0.999943,5.7e-05,0.999943,True,813,147,875,209
144,6.0,32,data\real\pharmaceutical_capsules\extracted\datasets\Anomaly\094.png,defective,defective,0.999814,0.000186,0.999814,True,1158,306,1220,368
144,6.0,33,data\real\pharmaceutical_capsules\extracted\datasets\Anomaly\273.png,defective,defective,0.99996,4e-05,0.99996,True,100,496,162,558
144,6.0,34,data\real\pharmaceutical_capsules\extracted\datasets\Normal\033.png,normal,normal,0.999738,0.999738,0.000262,True,580,137,642,199
144,6.0,35,data\real\pharmaceutical_capsules\extracted\datasets\Anomaly\071.png,defective,defective,0.999933,6.7e-05,0.999933,True,764,336,826,398
144,6.0,36,data\real\pharmaceutical_capsules\extracted\datasets\Normal\386.png,normal,normal,0.999792,0.999792,0.000208,True,321,488,383,550
145,6.042,1,data\real\pharmaceutical_capsules\extracted\datasets\Anomaly\316.png,defective,defective,0.999963,3.7e-05,0.999963,True,160,138,222,200
145,6.042,2,data\real\pharmaceutical_capsules\extracted\datasets\Normal\068.png,normal,normal,0.999773,0.999773,0.000227,True,935,310,997,372
145,6.042,3,data\real\pharmaceutical_capsules\extracted\datasets\Normal\149.png,normal,normal,0.999805,0.999805,0.000195,True,208,501,270,563
145,6.042,4,data\real\pharmaceutical_capsules\extracted\datasets\Anomaly\443.png,defective,defective,0.999923,7.7e-05,0.999923,True,1162,138,1224,200
145,6.042,5,data\real\pharmaceutical_capsules\extracted\datasets\Anomaly\221.png,defective,defective,0.999938,6.2e-05,0.999938,True,920,303,982,365
145,6.042,6,data\real\pharmaceutical_capsules\extracted\datasets\Normal\012.png,normal,normal,0.992716,0.992716,0.007284,True,259,501,321,563
145,6.042,7,data\real\pharmaceutical_capsules\extracted\datasets\Anomaly\124.png,defective,defective,0.999966,3.4e-05,0.999966,True,1197,154,1259,216
145,6.042,8,data\real\pharmaceutical_capsules\extracted\datasets\Anomaly\192.png,defective,defective,0.999946,5.4e-05,0.999946,True,630,312,692,374
145,6.042,9,data\real\pharmaceutical_capsules\extracted\datasets\Normal\492.png,normal,normal,0.999762,0.999762,0.000238,True,1058,476,1120,538
145,6.042,10,data\real\pharmaceutical_capsules\extracted\datasets\Anomaly\351.png,defective,normal,0.671338,0.671338,0.328662,False,319,143,381,205
145,6.042,11,data\real\pharmaceutical_capsules\extracted\datasets\Normal\305.png,normal,normal,0.999814,0.999814,0.000186,True,746,324,808,386
145,6.042,12,data\real\pharmaceutical_capsules\extracted\datasets\Normal\082.png,normal,normal,0.999814,0.999814,0.000186,True,375,496,437,558
145,6.042,13,data\real\pharmaceutical_capsules\extracted\datasets\Normal\481.png,normal,normal,0.999822,0.999822,0.000178,True,588,161,650,223
145,6.042,14,data\real\pharmaceutical_capsules\extracted\datasets\Anomaly\455.png,defective,defective,0.99982,0.00018,0.99982,True,997,325,1059,387
145,6.042,15,data\real\pharmaceutical_capsules\extracted\datasets\Normal\446.png,normal,normal,0.999598,0.999598,0.000402,True,244,469,306,531
145,6.042,16,data\real\pharmaceutical_capsules\extracted\datasets\Normal\067.png,normal,normal,0.999754,0.999754,0.000246,True,332,142,394,204
145,6.042,17,data\real\pharmaceutical_capsules\extracted\datasets\Normal\338.png,normal,normal,0.999837,0.999837,0.000163,True,451,326,513,388
145,6.042,18,data\real\pharmaceutical_capsules\extracted\datasets\Anomaly\140.png,defective,defective,0.99995,5e-05,0.99995,True,156,490,218,552
145,6.042,19,data\real\pharmaceutical_capsules\extracted\datasets\Anomaly\242.png,defective,defective,0.9999,0.0001,0.9999,True,1077,154,1139,216
145,6.042,20,data\real\pharmaceutical_capsules\extracted\datasets\Normal\158.png,normal,normal,0.999763,0.999763,0.000237,True,217,306,279,368
145,6.042,21,data\real\pharmaceutical_capsules\extracted\datasets\Anomaly\415.png,defective,defective,0.999412,0.000588,0.999412,True,841,482,903,544
145,6.042,22,data\real\pharmaceutical_capsules\extracted\datasets\Normal\427.png,normal,normal,0.99977,0.99977,0.00023,True,1108,151,1170,213
145,6.042,23,data\real\pharmaceutical_capsules\extracted\datasets\Normal\424.png,normal,normal,0.999628,0.999628,0.000372,True,421,305,483,367
145,6.042,24,data\real\pharmaceutical_capsules\extracted\datasets\Normal\443.png,normal,normal,0.99986,0.99986,0.00014,True,663,487,725,549
145,6.042,25,data\real\pharmaceutical_capsules\extracted\datasets\Anomaly\321.png,defective,defective,0.999956,4.4e-05,0.999956,True,707,157,769,219
145,6.042,26,data\real\pharmaceutical_capsules\extracted\datasets\Normal\403.png,normal,normal,0.999762,0.999762,0.000238,True,0,331,44,393
145,6.042,27,data\real\pharmaceutical_capsules\extracted\datasets\Anomaly\459.png,defective,defective,0.99997,3e-05,0.99997,True,801,501,863,563
145,6.042,28,data\real\pharmaceutical_capsules\extracted\datasets\Anomaly\137.png,defective,defective,0.999974,2.6e-05,0.999974,True,90,162,152,224
145,6.042,29,data\real\pharmaceutical_capsules\extracted\datasets\Anomaly\587.png,defective,defective,0.99997,3e-05,0.99997,True,619,310,681,372
145,6.042,30,data\real\pharmaceutical_capsules\extracted\datasets\Normal\440.png,normal,normal,0.99979,0.99979,0.00021,True,738,470,800,532
145,6.042,31,data\real\pharmaceutical_capsules\extracted\datasets\Anomaly\469.png,defective,defective,0.999943,5.7e-05,0.999943,True,818,147,880,209
145,6.042,32,data\real\pharmaceutical_capsules\extracted\datasets\Anomaly\094.png,defective,defective,0.999814,0.000186,0.999814,True,1162,306,1224,368
145,6.042,33,data\real\pharmaceutical_capsules\extracted\datasets\Anomaly\273.png,defective,defective,0.99996,4e-05,0.99996,True,105,496,167,558
145,6.042,34,data\real\pharmaceutical_capsules\extracted\datasets\Normal\033.png,normal,normal,0.999738,0.999738,0.000262,True,585,137,647,199
145,6.042,35,data\real\pharmaceutical_capsules\extracted\datasets\Anomaly\071.png,defective,defective,0.999933,6.7e-05,0.999933,True,769,336,831,398
145,6.042,36,data\real\pharmaceutical_capsules\extracted\datasets\Normal\386.png,normal,normal,0.999792,0.999792,0.000208,True,326,488,388,550
146,6.083,1,data\real\pharmaceutical_capsules\extracted\datasets\Anomaly\316.png,defective,defective,0.999963,3.7e-05,0.999963,True,165,138,227,200
146,6.083,2,data\real\pharmaceutical_capsules\extracted\datasets\Normal\068.png,normal,normal,0.999773,0.999773,0.000227,True,940,310,1002,372
146,6.083,3,data\real\pharmaceutical_capsules\extracted\datasets\Normal\149.png,normal,normal,0.999805,0.999805,0.000195,True,213,501,275,563
146,6.083,4,data\real\pharmaceutical_capsules\extracted\datasets\Anomaly\443.png,defective,defective,0.999923,7.7e-05,0.999923,True,1167,138,1229,200
146,6.083,5,data\real\pharmaceutical_capsules\extracted\datasets\Anomaly\221.png,defective,defective,0.999938,6.2e-05,0.999938,True,924,303,986,365
146,6.083,6,data\real\pharmaceutical_capsules\extracted\datasets\Normal\012.png,normal,normal,0.992716,0.992716,0.007284,True,263,501,325,563
146,6.083,7,data\real\pharmaceutical_capsules\extracted\datasets\Anomaly\124.png,defective,defective,0.999966,3.4e-05,0.999966,True,1201,154,1263,216
146,6.083,8,data\real\pharmaceutical_capsules\extracted\datasets\Anomaly\192.png,defective,defective,0.999946,5.4e-05,0.999946,True,635,312,697,374
146,6.083,9,data\real\pharmaceutical_capsules\extracted\datasets\Normal\492.png,normal,normal,0.999762,0.999762,0.000238,True,1062,476,1124,538
146,6.083,10,data\real\pharmaceutical_capsules\extracted\datasets\Anomaly\351.png,defective,normal,0.671338,0.671338,0.328662,False,324,143,386,205
146,6.083,11,data\real\pharmaceutical_capsules\extracted\datasets\Normal\305.png,normal,normal,0.999814,0.999814,0.000186,True,750,324,812,386
146,6.083,12,data\real\pharmaceutical_capsules\extracted\datasets\Normal\082.png,normal,normal,0.999814,0.999814,0.000186,True,380,496,442,558
146,6.083,13,data\real\pharmaceutical_capsules\extracted\datasets\Normal\481.png,normal,normal,0.999822,0.999822,0.000178,True,592,161,654,223
146,6.083,14,data\real\pharmaceutical_capsules\extracted\datasets\Anomaly\455.png,defective,defective,0.99982,0.00018,0.99982,True,1002,325,1064,387
146,6.083,15,data\real\pharmaceutical_capsules\extracted\datasets\Normal\446.png,normal,normal,0.999598,0.999598,0.000402,True,248,469,310,531
146,6.083,16,data\real\pharmaceutical_capsules\extracted\datasets\Normal\067.png,normal,normal,0.999754,0.999754,0.000246,True,336,142,398,204
146,6.083,17,data\real\pharmaceutical_capsules\extracted\datasets\Normal\338.png,normal,normal,0.999837,0.999837,0.000163,True,456,326,518,388
146,6.083,18,data\real\pharmaceutical_capsules\extracted\datasets\Anomaly\140.png,defective,defective,0.99995,5e-05,0.99995,True,160,490,222,552
146,6.083,19,data\real\pharmaceutical_capsules\extracted\datasets\Anomaly\242.png,defective,defective,0.9999,0.0001,0.9999,True,1081,154,1143,216
146,6.083,20,data\real\pharmaceutical_capsules\extracted\datasets\Normal\158.png,normal,normal,0.999763,0.999763,0.000237,True,221,306,283,368
146,6.083,21,data\real\pharmaceutical_capsules\extracted\datasets\Anomaly\415.png,defective,defective,0.999412,0.000588,0.999412,True,846,482,908,544
146,6.083,22,data\real\pharmaceutical_capsules\extracted\datasets\Normal\427.png,normal,normal,0.99977,0.99977,0.00023,True,1112,151,1174,213
146,6.083,23,data\real\pharmaceutical_capsules\extracted\datasets\Normal\424.png,normal,normal,0.999628,0.999628,0.000372,True,425,305,487,367
146,6.083,24,data\real\pharmaceutical_capsules\extracted\datasets\Normal\443.png,normal,normal,0.99986,0.99986,0.00014,True,668,487,730,549
146,6.083,25,data\real\pharmaceutical_capsules\extracted\datasets\Anomaly\321.png,defective,defective,0.999956,4.4e-05,0.999956,True,711,157,773,219
146,6.083,26,data\real\pharmaceutical_capsules\extracted\datasets\Normal\403.png,normal,normal,0.999762,0.999762,0.000238,True,0,331,49,393
146,6.083,27,data\real\pharmaceutical_capsules\extracted\datasets\Anomaly\459.png,defective,defective,0.99997,3e-05,0.99997,True,805,501,867,563
146,6.083,28,data\real\pharmaceutical_capsules\extracted\datasets\Anomaly\137.png,defective,defective,0.999974,2.6e-05,0.999974,True,95,162,157,224
146,6.083,29,data\real\pharmaceutical_capsules\extracted\datasets\Anomaly\587.png,defective,defective,0.99997,3e-05,0.99997,True,623,310,685,372
146,6.083,30,data\real\pharmaceutical_capsules\extracted\datasets\Normal\440.png,normal,normal,0.99979,0.99979,0.00021,True,743,470,805,532
146,6.083,31,data\real\pharmaceutical_capsules\extracted\datasets\Anomaly\469.png,defective,defective,0.999943,5.7e-05,0.999943,True,822,147,884,209
146,6.083,32,data\real\pharmaceutical_capsules\extracted\datasets\Anomaly\094.png,defective,defective,0.999814,0.000186,0.999814,True,1167,306,1229,368
146,6.083,33,data\real\pharmaceutical_capsules\extracted\datasets\Anomaly\273.png,defective,defective,0.99996,4e-05,0.99996,True,109,496,171,558
146,6.083,34,data\real\pharmaceutical_capsules\extracted\datasets\Normal\033.png,normal,normal,0.999738,0.999738,0.000262,True,589,137,651,199
146,6.083,35,data\real\pharmaceutical_capsules\extracted\datasets\Anomaly\071.png,defective,defective,0.999933,6.7e-05,0.999933,True,773,336,835,398
146,6.083,36,data\real\pharmaceutical_capsules\extracted\datasets\Normal\386.png,normal,normal,0.999792,0.999792,0.000208,True,330,488,392,550
147,6.125,1,data\real\pharmaceutical_capsules\extracted\datasets\Anomaly\316.png,defective,defective,0.999963,3.7e-05,0.999963,True,169,138,231,200
147,6.125,2,data\real\pharmaceutical_capsules\extracted\datasets\Normal\068.png,normal,normal,0.999773,0.999773,0.000227,True,944,310,1006,372
147,6.125,3,data\real\pharmaceutical_capsules\extracted\datasets\Normal\149.png,normal,normal,0.999805,0.999805,0.000195,True,217,501,279,563
147,6.125,4,data\real\pharmaceutical_capsules\extracted\datasets\Anomaly\443.png,defective,defective,0.999923,7.7e-05,0.999923,True,1171,138,1233,200
147,6.125,5,data\real\pharmaceutical_capsules\extracted\datasets\Anomaly\221.png,defective,defective,0.999938,6.2e-05,0.999938,True,929,303,991,365
147,6.125,6,data\real\pharmaceutical_capsules\extracted\datasets\Normal\012.png,normal,normal,0.992716,0.992716,0.007284,True,268,501,330,563
147,6.125,7,data\real\pharmaceutical_capsules\extracted\datasets\Anomaly\124.png,defective,defective,0.999966,3.4e-05,0.999966,True,1206,154,1268,216
147,6.125,8,data\real\pharmaceutical_capsules\extracted\datasets\Anomaly\192.png,defective,defective,0.999946,5.4e-05,0.999946,True,639,312,701,374
147,6.125,9,data\real\pharmaceutical_capsules\extracted\datasets\Normal\492.png,normal,normal,0.999762,0.999762,0.000238,True,1067,476,1129,538
147,6.125,10,data\real\pharmaceutical_capsules\extracted\datasets\Anomaly\351.png,defective,normal,0.671338,0.671338,0.328662,False,328,143,390,205
147,6.125,11,data\real\pharmaceutical_capsules\extracted\datasets\Normal\305.png,normal,normal,0.999814,0.999814,0.000186,True,755,324,817,386
147,6.125,12,data\real\pharmaceutical_capsules\extracted\datasets\Normal\082.png,normal,normal,0.999814,0.999814,0.000186,True,384,496,446,558
147,6.125,13,data\real\pharmaceutical_capsules\extracted\datasets\Normal\481.png,normal,normal,0.999822,0.999822,0.000178,True,597,161,659,223
147,6.125,14,data\real\pharmaceutical_capsules\extracted\datasets\Anomaly\455.png,defective,defective,0.99982,0.00018,0.99982,True,1006,325,1068,387
147,6.125,15,data\real\pharmaceutical_capsules\extracted\datasets\Normal\446.png,normal,normal,0.999598,0.999598,0.000402,True,253,469,315,531
147,6.125,16,data\real\pharmaceutical_capsules\extracted\datasets\Normal\067.png,normal,normal,0.999754,0.999754,0.000246,True,341,142,403,204
147,6.125,17,data\real\pharmaceutical_capsules\extracted\datasets\Normal\338.png,normal,normal,0.999837,0.999837,0.000163,True,460,326,522,388
147,6.125,18,data\real\pharmaceutical_capsules\extracted\datasets\Anomaly\140.png,defective,defective,0.99995,5e-05,0.99995,True,165,490,227,552
147,6.125,19,data\real\pharmaceutical_capsules\extracted\datasets\Anomaly\242.png,defective,defective,0.9999,0.0001,0.9999,True,1086,154,1148,216
147,6.125,20,data\real\pharmaceutical_capsules\extracted\datasets\Normal\158.png,normal,normal,0.999763,0.999763,0.000237,True,226,306,288,368
147,6.125,21,data\real\pharmaceutical_capsules\extracted\datasets\Anomaly\415.png,defective,defective,0.999412,0.000588,0.999412,True,850,482,912,544
147,6.125,22,data\real\pharmaceutical_capsules\extracted\datasets\Normal\427.png,normal,normal,0.99977,0.99977,0.00023,True,1117,151,1179,213
147,6.125,23,data\real\pharmaceutical_capsules\extracted\datasets\Normal\424.png,normal,normal,0.999628,0.999628,0.000372,True,430,305,492,367
147,6.125,24,data\real\pharmaceutical_capsules\extracted\datasets\Normal\443.png,normal,normal,0.99986,0.99986,0.00014,True,672,487,734,549
147,6.125,25,data\real\pharmaceutical_capsules\extracted\datasets\Anomaly\321.png,defective,defective,0.999956,4.4e-05,0.999956,True,716,157,778,219
147,6.125,26,data\real\pharmaceutical_capsules\extracted\datasets\Normal\403.png,normal,normal,0.999762,0.999762,0.000238,True,0,331,53,393
147,6.125,27,data\real\pharmaceutical_capsules\extracted\datasets\Anomaly\459.png,defective,defective,0.99997,3e-05,0.99997,True,810,501,872,563
147,6.125,28,data\real\pharmaceutical_capsules\extracted\datasets\Anomaly\137.png,defective,defective,0.999974,2.6e-05,0.999974,True,99,162,161,224
147,6.125,29,data\real\pharmaceutical_capsules\extracted\datasets\Anomaly\587.png,defective,defective,0.99997,3e-05,0.99997,True,628,310,690,372
147,6.125,30,data\real\pharmaceutical_capsules\extracted\datasets\Normal\440.png,normal,normal,0.99979,0.99979,0.00021,True,747,470,809,532
147,6.125,31,data\real\pharmaceutical_capsules\extracted\datasets\Anomaly\469.png,defective,defective,0.999943,5.7e-05,0.999943,True,827,147,889,209
147,6.125,32,data\real\pharmaceutical_capsules\extracted\datasets\Anomaly\094.png,defective,defective,0.999814,0.000186,0.999814,True,1171,306,1233,368
147,6.125,33,data\real\pharmaceutical_capsules\extracted\datasets\Anomaly\273.png,defective,defective,0.99996,4e-05,0.99996,True,114,496,176,558
147,6.125,34,data\real\pharmaceutical_capsules\extracted\datasets\Normal\033.png,normal,normal,0.999738,0.999738,0.000262,True,594,137,656,199
147,6.125,35,data\real\pharmaceutical_capsules\extracted\datasets\Anomaly\071.png,defective,defective,0.999933,6.7e-05,0.999933,True,778,336,840,398
147,6.125,36,data\real\pharmaceutical_capsules\extracted\datasets\Normal\386.png,normal,normal,0.999792,0.999792,0.000208,True,335,488,397,550
148,6.167,1,data\real\pharmaceutical_capsules\extracted\datasets\Anomaly\316.png,defective,defective,0.999963,3.7e-05,0.999963,True,174,138,236,200
148,6.167,2,data\real\pharmaceutical_capsules\extracted\datasets\Normal\068.png,normal,normal,0.999773,0.999773,0.000227,True,949,310,1011,372
148,6.167,3,data\real\pharmaceutical_capsules\extracted\datasets\Normal\149.png,normal,normal,0.999805,0.999805,0.000195,True,222,501,284,563
148,6.167,4,data\real\pharmaceutical_capsules\extracted\datasets\Anomaly\443.png,defective,defective,0.999923,7.7e-05,0.999923,True,1176,138,1238,200
148,6.167,5,data\real\pharmaceutical_capsules\extracted\datasets\Anomaly\221.png,defective,defective,0.999938,6.2e-05,0.999938,True,933,303,995,365
148,6.167,6,data\real\pharmaceutical_capsules\extracted\datasets\Normal\012.png,normal,normal,0.992716,0.992716,0.007284,True,272,501,334,563
148,6.167,7,data\real\pharmaceutical_capsules\extracted\datasets\Anomaly\124.png,defective,defective,0.999966,3.4e-05,0.999966,True,1210,154,1272,216
148,6.167,8,data\real\pharmaceutical_capsules\extracted\datasets\Anomaly\192.png,defective,defective,0.999946,5.4e-05,0.999946,True,644,312,706,374
148,6.167,9,data\real\pharmaceutical_capsules\extracted\datasets\Normal\492.png,normal,normal,0.999762,0.999762,0.000238,True,1071,476,1133,538
148,6.167,10,data\real\pharmaceutical_capsules\extracted\datasets\Anomaly\351.png,defective,normal,0.671338,0.671338,0.328662,False,333,143,395,205
148,6.167,11,data\real\pharmaceutical_capsules\extracted\datasets\Normal\305.png,normal,normal,0.999814,0.999814,0.000186,True,759,324,821,386
148,6.167,12,data\real\pharmaceutical_capsules\extracted\datasets\Normal\082.png,normal,normal,0.999814,0.999814,0.000186,True,389,496,451,558
148,6.167,13,data\real\pharmaceutical_capsules\extracted\datasets\Normal\481.png,normal,normal,0.999822,0.999822,0.000178,True,601,161,663,223
148,6.167,14,data\real\pharmaceutical_capsules\extracted\datasets\Anomaly\455.png,defective,defective,0.99982,0.00018,0.99982,True,1011,325,1073,387
148,6.167,15,data\real\pharmaceutical_capsules\extracted\datasets\Normal\446.png,normal,normal,0.999598,0.999598,0.000402,True,257,469,319,531
148,6.167,16,data\real\pharmaceutical_capsules\extracted\datasets\Normal\067.png,normal,normal,0.999754,0.999754,0.000246,True,345,142,407,204
148,6.167,17,data\real\pharmaceutical_capsules\extracted\datasets\Normal\338.png,normal,normal,0.999837,0.999837,0.000163,True,465,326,527,388
148,6.167,18,data\real\pharmaceutical_capsules\extracted\datasets\Anomaly\140.png,defective,defective,0.99995,5e-05,0.99995,True,169,490,231,552
148,6.167,19,data\real\pharmaceutical_capsules\extracted\datasets\Anomaly\242.png,defective,defective,0.9999,0.0001,0.9999,True,1090,154,1152,216
148,6.167,20,data\real\pharmaceutical_capsules\extracted\datasets\Normal\158.png,normal,normal,0.999763,0.999763,0.000237,True,230,306,292,368
148,6.167,21,data\real\pharmaceutical_capsules\extracted\datasets\Anomaly\415.png,defective,defective,0.999412,0.000588,0.999412,True,855,482,917,544
148,6.167,22,data\real\pharmaceutical_capsules\extracted\datasets\Normal\427.png,normal,normal,0.99977,0.99977,0.00023,True,1121,151,1183,213
148,6.167,23,data\real\pharmaceutical_capsules\extracted\datasets\Normal\424.png,normal,normal,0.999628,0.999628,0.000372,True,434,305,496,367
148,6.167,24,data\real\pharmaceutical_capsules\extracted\datasets\Normal\443.png,normal,normal,0.99986,0.99986,0.00014,True,677,487,739,549
148,6.167,25,data\real\pharmaceutical_capsules\extracted\datasets\Anomaly\321.png,defective,defective,0.999956,4.4e-05,0.999956,True,720,157,782,219
148,6.167,26,data\real\pharmaceutical_capsules\extracted\datasets\Normal\403.png,normal,normal,0.999762,0.999762,0.000238,True,0,331,58,393
148,6.167,27,data\real\pharmaceutical_capsules\extracted\datasets\Anomaly\459.png,defective,defective,0.99997,3e-05,0.99997,True,814,501,876,563
148,6.167,28,data\real\pharmaceutical_capsules\extracted\datasets\Anomaly\137.png,defective,defective,0.999974,2.6e-05,0.999974,True,104,162,166,224
148,6.167,29,data\real\pharmaceutical_capsules\extracted\datasets\Anomaly\587.png,defective,defective,0.99997,3e-05,0.99997,True,632,310,694,372
148,6.167,30,data\real\pharmaceutical_capsules\extracted\datasets\Normal\440.png,normal,normal,0.99979,0.99979,0.00021,True,752,470,814,532
148,6.167,31,data\real\pharmaceutical_capsules\extracted\datasets\Anomaly\469.png,defective,defective,0.999943,5.7e-05,0.999943,True,831,147,893,209
148,6.167,32,data\real\pharmaceutical_capsules\extracted\datasets\Anomaly\094.png,defective,defective,0.999814,0.000186,0.999814,True,1176,306,1238,368
148,6.167,33,data\real\pharmaceutical_capsules\extracted\datasets\Anomaly\273.png,defective,defective,0.99996,4e-05,0.99996,True,118,496,180,558
148,6.167,34,data\real\pharmaceutical_capsules\extracted\datasets\Normal\033.png,normal,normal,0.999738,0.999738,0.000262,True,598,137,660,199
148,6.167,35,data\real\pharmaceutical_capsules\extracted\datasets\Anomaly\071.png,defective,defective,0.999933,6.7e-05,0.999933,True,782,336,844,398
148,6.167,36,data\real\pharmaceutical_capsules\extracted\datasets\Normal\386.png,normal,normal,0.999792,0.999792,0.000208,True,339,488,401,550
149,6.208,1,data\real\pharmaceutical_capsules\extracted\datasets\Anomaly\316.png,defective,defective,0.999963,3.7e-05,0.999963,True,178,138,240,200
149,6.208,2,data\real\pharmaceutical_capsules\extracted\datasets\Normal\068.png,normal,normal,0.999773,0.999773,0.000227,True,953,310,1015,372
149,6.208,3,data\real\pharmaceutical_capsules\extracted\datasets\Normal\149.png,normal,normal,0.999805,0.999805,0.000195,True,226,501,288,563
149,6.208,4,data\real\pharmaceutical_capsules\extracted\datasets\Anomaly\443.png,defective,defective,0.999923,7.7e-05,0.999923,True,1180,138,1242,200
149,6.208,5,data\real\pharmaceutical_capsules\extracted\datasets\Anomaly\221.png,defective,defective,0.999938,6.2e-05,0.999938,True,938,303,1000,365
149,6.208,6,data\real\pharmaceutical_capsules\extracted\datasets\Normal\012.png,normal,normal,0.992716,0.992716,0.007284,True,277,501,339,563
149,6.208,7,data\real\pharmaceutical_capsules\extracted\datasets\Anomaly\124.png,defective,defective,0.999966,3.4e-05,0.999966,True,1215,154,1277,216
149,6.208,8,data\real\pharmaceutical_capsules\extracted\datasets\Anomaly\192.png,defective,defective,0.999946,5.4e-05,0.999946,True,648,312,710,374
149,6.208,9,data\real\pharmaceutical_capsules\extracted\datasets\Normal\492.png,normal,normal,0.999762,0.999762,0.000238,True,1076,476,1138,538
149,6.208,10,data\real\pharmaceutical_capsules\extracted\datasets\Anomaly\351.png,defective,normal,0.671338,0.671338,0.328662,False,337,143,399,205
149,6.208,11,data\real\pharmaceutical_capsules\extracted\datasets\Normal\305.png,normal,normal,0.999814,0.999814,0.000186,True,764,324,826,386
149,6.208,12,data\real\pharmaceutical_capsules\extracted\datasets\Normal\082.png,normal,normal,0.999814,0.999814,0.000186,True,393,496,455,558
149,6.208,13,data\real\pharmaceutical_capsules\extracted\datasets\Normal\481.png,normal,normal,0.999822,0.999822,0.000178,True,606,161,668,223
149,6.208,14,data\real\pharmaceutical_capsules\extracted\datasets\Anomaly\455.png,defective,defective,0.99982,0.00018,0.99982,True,1015,325,1077,387
149,6.208,15,data\real\pharmaceutical_capsules\extracted\datasets\Normal\446.png,normal,normal,0.999598,0.999598,0.000402,True,262,469,324,531
149,6.208,16,data\real\pharmaceutical_capsules\extracted\datasets\Normal\067.png,normal,normal,0.999754,0.999754,0.000246,True,350,142,412,204
149,6.208,17,data\real\pharmaceutical_capsules\extracted\datasets\Normal\338.png,normal,normal,0.999837,0.999837,0.000163,True,469,326,531,388
149,6.208,18,data\real\pharmaceutical_capsules\extracted\datasets\Anomaly\140.png,defective,defective,0.99995,5e-05,0.99995,True,174,490,236,552
149,6.208,19,data\real\pharmaceutical_capsules\extracted\datasets\Anomaly\242.png,defective,defective,0.9999,0.0001,0.9999,True,1095,154,1157,216
149,6.208,20,data\real\pharmaceutical_capsules\extracted\datasets\Normal\158.png,normal,normal,0.999763,0.999763,0.000237,True,235,306,297,368
149,6.208,21,data\real\pharmaceutical_capsules\extracted\datasets\Anomaly\415.png,defective,defective,0.999412,0.000588,0.999412,True,859,482,921,544
149,6.208,22,data\real\pharmaceutical_capsules\extracted\datasets\Normal\427.png,normal,normal,0.99977,0.99977,0.00023,True,1126,151,1188,213
149,6.208,23,data\real\pharmaceutical_capsules\extracted\datasets\Normal\424.png,normal,normal,0.999628,0.999628,0.000372,True,439,305,501,367
149,6.208,24,data\real\pharmaceutical_capsules\extracted\datasets\Normal\443.png,normal,normal,0.99986,0.99986,0.00014,True,681,487,743,549
149,6.208,25,data\real\pharmaceutical_capsules\extracted\datasets\Anomaly\321.png,defective,defective,0.999956,4.4e-05,0.999956,True,725,157,787,219
149,6.208,26,data\real\pharmaceutical_capsules\extracted\datasets\Normal\403.png,normal,normal,0.999762,0.999762,0.000238,True,0,331,62,393
149,6.208,27,data\real\pharmaceutical_capsules\extracted\datasets\Anomaly\459.png,defective,defective,0.99997,3e-05,0.99997,True,819,501,881,563
149,6.208,28,data\real\pharmaceutical_capsules\extracted\datasets\Anomaly\137.png,defective,defective,0.999974,2.6e-05,0.999974,True,108,162,170,224
149,6.208,29,data\real\pharmaceutical_capsules\extracted\datasets\Anomaly\587.png,defective,defective,0.99997,3e-05,0.99997,True,637,310,699,372
149,6.208,30,data\real\pharmaceutical_capsules\extracted\datasets\Normal\440.png,normal,normal,0.99979,0.99979,0.00021,True,756,470,818,532
149,6.208,31,data\real\pharmaceutical_capsules\extracted\datasets\Anomaly\469.png,defective,defective,0.999943,5.7e-05,0.999943,True,836,147,898,209
149,6.208,32,data\real\pharmaceutical_capsules\extracted\datasets\Anomaly\094.png,defective,defective,0.999814,0.000186,0.999814,True,1180,306,1242,368
149,6.208,33,data\real\pharmaceutical_capsules\extracted\datasets\Anomaly\273.png,defective,defective,0.99996,4e-05,0.99996,True,123,496,185,558
149,6.208,34,data\real\pharmaceutical_capsules\extracted\datasets\Normal\033.png,normal,normal,0.999738,0.999738,0.000262,True,603,137,665,199
149,6.208,35,data\real\pharmaceutical_capsules\extracted\datasets\Anomaly\071.png,defective,defective,0.999933,6.7e-05,0.999933,True,787,336,849,398
149,6.208,36,data\real\pharmaceutical_capsules\extracted\datasets\Normal\386.png,normal,normal,0.999792,0.999792,0.000208,True,344,488,406,550
150,6.25,1,data\real\pharmaceutical_capsules\extracted\datasets\Anomaly\316.png,defective,defective,0.999963,3.7e-05,0.999963,True,183,138,245,200
150,6.25,2,data\real\pharmaceutical_capsules\extracted\datasets\Normal\068.png,normal,normal,0.999773,0.999773,0.000227,True,958,310,1020,372
150,6.25,3,data\real\pharmaceutical_capsules\extracted\datasets\Normal\149.png,normal,normal,0.999805,0.999805,0.000195,True,231,501,293,563
150,6.25,4,data\real\pharmaceutical_capsules\extracted\datasets\Anomaly\443.png,defective,defective,0.999923,7.7e-05,0.999923,True,1185,138,1247,200
150,6.25,5,data\real\pharmaceutical_capsules\extracted\datasets\Anomaly\221.png,defective,defective,0.999938,6.2e-05,0.999938,True,942,303,1004,365
150,6.25,6,data\real\pharmaceutical_capsules\extracted\datasets\Normal\012.png,normal,normal,0.992716,0.992716,0.007284,True,281,501,343,563
150,6.25,7,data\real\pharmaceutical_capsules\extracted\datasets\Anomaly\124.png,defective,defective,0.999966,3.4e-05,0.999966,True,1219,154,1279,216
150,6.25,8,data\real\pharmaceutical_capsules\extracted\datasets\Anomaly\192.png,defective,defective,0.999946,5.4e-05,0.999946,True,653,312,715,374
150,6.25,9,data\real\pharmaceutical_capsules\extracted\datasets\Normal\492.png,normal,normal,0.999762,0.999762,0.000238,True,1080,476,1142,538
150,6.25,10,data\real\pharmaceutical_capsules\extracted\datasets\Anomaly\351.png,defective,normal,0.671338,0.671338,0.328662,False,342,143,404,205
150,6.25,11,data\real\pharmaceutical_capsules\extracted\datasets\Normal\305.png,normal,normal,0.999814,0.999814,0.000186,True,768,324,830,386
150,6.25,12,data\real\pharmaceutical_capsules\extracted\datasets\Normal\082.png,normal,normal,0.999814,0.999814,0.000186,True,398,496,460,558
150,6.25,13,data\real\pharmaceutical_capsules\extracted\datasets\Normal\481.png,normal,normal,0.999822,0.999822,0.000178,True,610,161,672,223
150,6.25,14,data\real\pharmaceutical_capsules\extracted\datasets\Anomaly\455.png,defective,defective,0.99982,0.00018,0.99982,True,1020,325,1082,387
150,6.25,15,data\real\pharmaceutical_capsules\extracted\datasets\Normal\446.png,normal,normal,0.999598,0.999598,0.000402,True,266,469,328,531
150,6.25,16,data\real\pharmaceutical_capsules\extracted\datasets\Normal\067.png,normal,normal,0.999754,0.999754,0.000246,True,354,142,416,204
150,6.25,17,data\real\pharmaceutical_capsules\extracted\datasets\Normal\338.png,normal,normal,0.999837,0.999837,0.000163,True,474,326,536,388
150,6.25,18,data\real\pharmaceutical_capsules\extracted\datasets\Anomaly\140.png,defective,defective,0.99995,5e-05,0.99995,True,178,490,240,552
150,6.25,19,data\real\pharmaceutical_capsules\extracted\datasets\Anomaly\242.png,defective,defective,0.9999,0.0001,0.9999,True,1099,154,1161,216
150,6.25,20,data\real\pharmaceutical_capsules\extracted\datasets\Normal\158.png,normal,normal,0.999763,0.999763,0.000237,True,239,306,301,368
150,6.25,21,data\real\pharmaceutical_capsules\extracted\datasets\Anomaly\415.png,defective,defective,0.999412,0.000588,0.999412,True,864,482,926,544
150,6.25,22,data\real\pharmaceutical_capsules\extracted\datasets\Normal\427.png,normal,normal,0.99977,0.99977,0.00023,True,1130,151,1192,213
150,6.25,23,data\real\pharmaceutical_capsules\extracted\datasets\Normal\424.png,normal,normal,0.999628,0.999628,0.000372,True,443,305,505,367
150,6.25,24,data\real\pharmaceutical_capsules\extracted\datasets\Normal\443.png,normal,normal,0.99986,0.99986,0.00014,True,686,487,748,549
150,6.25,25,data\real\pharmaceutical_capsules\extracted\datasets\Anomaly\321.png,defective,defective,0.999956,4.4e-05,0.999956,True,729,157,791,219
150,6.25,26,data\real\pharmaceutical_capsules\extracted\datasets\Normal\403.png,normal,normal,0.999762,0.999762,0.000238,True,4,331,66,393
150,6.25,27,data\real\pharmaceutical_capsules\extracted\datasets\Anomaly\459.png,defective,defective,0.99997,3e-05,0.99997,True,823,501,885,563
150,6.25,28,data\real\pharmaceutical_capsules\extracted\datasets\Anomaly\137.png,defective,defective,0.999974,2.6e-05,0.999974,True,113,162,175,224
150,6.25,29,data\real\pharmaceutical_capsules\extracted\datasets\Anomaly\587.png,defective,defective,0.99997,3e-05,0.99997,True,641,310,703,372
150,6.25,30,data\real\pharmaceutical_capsules\extracted\datasets\Normal\440.png,normal,normal,0.99979,0.99979,0.00021,True,761,470,823,532
150,6.25,31,data\real\pharmaceutical_capsules\extracted\datasets\Anomaly\469.png,defective,defective,0.999943,5.7e-05,0.999943,True,840,147,902,209
150,6.25,32,data\real\pharmaceutical_capsules\extracted\datasets\Anomaly\094.png,defective,defective,0.999814,0.000186,0.999814,True,1185,306,1247,368
150,6.25,33,data\real\pharmaceutical_capsules\extracted\datasets\Anomaly\273.png,defective,defective,0.99996,4e-05,0.99996,True,127,496,189,558
150,6.25,34,data\real\pharmaceutical_capsules\extracted\datasets\Normal\033.png,normal,normal,0.999738,0.999738,0.000262,True,607,137,669,199
150,6.25,35,data\real\pharmaceutical_capsules\extracted\datasets\Anomaly\071.png,defective,defective,0.999933,6.7e-05,0.999933,True,791,336,853,398
150,6.25,36,data\real\pharmaceutical_capsules\extracted\datasets\Normal\386.png,normal,normal,0.999792,0.999792,0.000208,True,348,488,410,550
151,6.292,1,data\real\pharmaceutical_capsules\extracted\datasets\Anomaly\316.png,defective,defective,0.999963,3.7e-05,0.999963,True,187,138,249,200
151,6.292,2,data\real\pharmaceutical_capsules\extracted\datasets\Normal\068.png,normal,normal,0.999773,0.999773,0.000227,True,962,310,1024,372
151,6.292,3,data\real\pharmaceutical_capsules\extracted\datasets\Normal\149.png,normal,normal,0.999805,0.999805,0.000195,True,235,501,297,563
151,6.292,4,data\real\pharmaceutical_capsules\extracted\datasets\Anomaly\443.png,defective,defective,0.999923,7.7e-05,0.999923,True,1189,138,1251,200
151,6.292,5,data\real\pharmaceutical_capsules\extracted\datasets\Anomaly\221.png,defective,defective,0.999938,6.2e-05,0.999938,True,947,303,1009,365
151,6.292,6,data\real\pharmaceutical_capsules\extracted\datasets\Normal\012.png,normal,normal,0.992716,0.992716,0.007284,True,286,501,348,563
151,6.292,7,data\real\pharmaceutical_capsules\extracted\datasets\Anomaly\124.png,defective,defective,0.999966,3.4e-05,0.999966,True,1224,154,1279,216
151,6.292,8,data\real\pharmaceutical_capsules\extracted\datasets\Anomaly\192.png,defective,defective,0.999946,5.4e-05,0.999946,True,657,312,719,374
151,6.292,9,data\real\pharmaceutical_capsules\extracted\datasets\Normal\492.png,normal,normal,0.999762,0.999762,0.000238,True,1085,476,1147,538
151,6.292,10,data\real\pharmaceutical_capsules\extracted\datasets\Anomaly\351.png,defective,normal,0.671338,0.671338,0.328662,False,346,143,408,205
151,6.292,11,data\real\pharmaceutical_capsules\extracted\datasets\Normal\305.png,normal,normal,0.999814,0.999814,0.000186,True,773,324,835,386
151,6.292,12,data\real\pharmaceutical_capsules\extracted\datasets\Normal\082.png,normal,normal,0.999814,0.999814,0.000186,True,402,496,464,558
151,6.292,13,data\real\pharmaceutical_capsules\extracted\datasets\Normal\481.png,normal,normal,0.999822,0.999822,0.000178,True,615,161,677,223
151,6.292,14,data\real\pharmaceutical_capsules\extracted\datasets\Anomaly\455.png,defective,defective,0.99982,0.00018,0.99982,True,1024,325,1086,387
151,6.292,15,data\real\pharmaceutical_capsules\extracted\datasets\Normal\446.png,normal,normal,0.999598,0.999598,0.000402,True,271,469,333,531
151,6.292,16,data\real\pharmaceutical_capsules\extracted\datasets\Normal\067.png,normal,normal,0.999754,0.999754,0.000246,True,359,142,421,204
151,6.292,17,data\real\pharmaceutical_capsules\extracted\datasets\Normal\338.png,normal,normal,0.999837,0.999837,0.000163,True,478,326,540,388
151,6.292,18,data\real\pharmaceutical_capsules\extracted\datasets\Anomaly\140.png,defective,defective,0.99995,5e-05,0.99995,True,183,490,245,552
151,6.292,19,data\real\pharmaceutical_capsules\extracted\datasets\Anomaly\242.png,defective,defective,0.9999,0.0001,0.9999,True,1104,154,1166,216
151,6.292,20,data\real\pharmaceutical_capsules\extracted\datasets\Normal\158.png,normal,normal,0.999763,0.999763,0.000237,True,244,306,306,368
151,6.292,21,data\real\pharmaceutical_capsules\extracted\datasets\Anomaly\415.png,defective,defective,0.999412,0.000588,0.999412,True,868,482,930,544
151,6.292,22,data\real\pharmaceutical_capsules\extracted\datasets\Normal\427.png,normal,normal,0.99977,0.99977,0.00023,True,1135,151,1197,213
151,6.292,23,data\real\pharmaceutical_capsules\extracted\datasets\Normal\424.png,normal,normal,0.999628,0.999628,0.000372,True,448,305,510,367
151,6.292,24,data\real\pharmaceutical_capsules\extracted\datasets\Normal\443.png,normal,normal,0.99986,0.99986,0.00014,True,690,487,752,549
151,6.292,25,data\real\pharmaceutical_capsules\extracted\datasets\Anomaly\321.png,defective,defective,0.999956,4.4e-05,0.999956,True,734,157,796,219
151,6.292,26,data\real\pharmaceutical_capsules\extracted\datasets\Normal\403.png,normal,normal,0.999762,0.999762,0.000238,True,8,331,70,393
151,6.292,27,data\real\pharmaceutical_capsules\extracted\datasets\Anomaly\459.png,defective,defective,0.99997,3e-05,0.99997,True,828,501,890,563
151,6.292,28,data\real\pharmaceutical_capsules\extracted\datasets\Anomaly\137.png,defective,defective,0.999974,2.6e-05,0.999974,True,117,162,179,224
151,6.292,29,data\real\pharmaceutical_capsules\extracted\datasets\Anomaly\587.png,defective,defective,0.99997,3e-05,0.99997,True,646,310,708,372
151,6.292,30,data\real\pharmaceutical_capsules\extracted\datasets\Normal\440.png,normal,normal,0.99979,0.99979,0.00021,True,765,470,827,532
151,6.292,31,data\real\pharmaceutical_capsules\extracted\datasets\Anomaly\469.png,defective,defective,0.999943,5.7e-05,0.999943,True,845,147,907,209
151,6.292,32,data\real\pharmaceutical_capsules\extracted\datasets\Anomaly\094.png,defective,defective,0.999814,0.000186,0.999814,True,1189,306,1251,368
151,6.292,33,data\real\pharmaceutical_capsules\extracted\datasets\Anomaly\273.png,defective,defective,0.99996,4e-05,0.99996,True,132,496,194,558
151,6.292,34,data\real\pharmaceutical_capsules\extracted\datasets\Normal\033.png,normal,normal,0.999738,0.999738,0.000262,True,612,137,674,199
151,6.292,35,data\real\pharmaceutical_capsules\extracted\datasets\Anomaly\071.png,defective,defective,0.999933,6.7e-05,0.999933,True,796,336,858,398
151,6.292,36,data\real\pharmaceutical_capsules\extracted\datasets\Normal\386.png,normal,normal,0.999792,0.999792,0.000208,True,353,488,415,550
152,6.333,1,data\real\pharmaceutical_capsules\extracted\datasets\Anomaly\316.png,defective,defective,0.999963,3.7e-05,0.999963,True,192,138,254,200
152,6.333,2,data\real\pharmaceutical_capsules\extracted\datasets\Normal\068.png,normal,normal,0.999773,0.999773,0.000227,True,967,310,1029,372
152,6.333,3,data\real\pharmaceutical_capsules\extracted\datasets\Normal\149.png,normal,normal,0.999805,0.999805,0.000195,True,240,501,302,563
152,6.333,4,data\real\pharmaceutical_capsules\extracted\datasets\Anomaly\443.png,defective,defective,0.999923,7.7e-05,0.999923,True,1194,138,1256,200
152,6.333,5,data\real\pharmaceutical_capsules\extracted\datasets\Anomaly\221.png,defective,defective,0.999938,6.2e-05,0.999938,True,951,303,1013,365
152,6.333,6,data\real\pharmaceutical_capsules\extracted\datasets\Normal\012.png,normal,normal,0.992716,0.992716,0.007284,True,290,501,352,563
152,6.333,7,data\real\pharmaceutical_capsules\extracted\datasets\Anomaly\124.png,defective,defective,0.999966,3.4e-05,0.999966,True,1228,154,1279,216
152,6.333,8,data\real\pharmaceutical_capsules\extracted\datasets\Anomaly\192.png,defective,defective,0.999946,5.4e-05,0.999946,True,662,312,724,374
152,6.333,9,data\real\pharmaceutical_capsules\extracted\datasets\Normal\492.png,normal,normal,0.999762,0.999762,0.000238,True,1089,476,1151,538
152,6.333,10,data\real\pharmaceutical_capsules\extracted\datasets\Anomaly\351.png,defective,normal,0.671338,0.671338,0.328662,False,351,143,413,205
152,6.333,11,data\real\pharmaceutical_capsules\extracted\datasets\Normal\305.png,normal,normal,0.999814,0.999814,0.000186,True,777,324,839,386
152,6.333,12,data\real\pharmaceutical_capsules\extracted\datasets\Normal\082.png,normal,normal,0.999814,0.999814,0.000186,True,407,496,469,558
152,6.333,13,data\real\pharmaceutical_capsules\extracted\datasets\Normal\481.png,normal,normal,0.999822,0.999822,0.000178,True,619,161,681,223
152,6.333,14,data\real\pharmaceutical_capsules\extracted\datasets\Anomaly\455.png,defective,defective,0.99982,0.00018,0.99982,True,1029,325,1091,387
152,6.333,15,data\real\pharmaceutical_capsules\extracted\datasets\Normal\446.png,normal,normal,0.999598,0.999598,0.000402,True,275,469,337,531
152,6.333,16,data\real\pharmaceutical_capsules\extracted\datasets\Normal\067.png,normal,normal,0.999754,0.999754,0.000246,True,363,142,425,204
152,6.333,17,data\real\pharmaceutical_capsules\extracted\datasets\Normal\338.png,normal,normal,0.999837,0.999837,0.000163,True,483,326,545,388
152,6.333,18,data\real\pharmaceutical_capsules\extracted\datasets\Anomaly\140.png,defective,defective,0.99995,5e-05,0.99995,True,187,490,249,552
152,6.333,19,data\real\pharmaceutical_capsules\extracted\datasets\Anomaly\242.png,defective,defective,0.9999,0.0001,0.9999,True,1108,154,1170,216
152,6.333,20,data\real\pharmaceutical_capsules\extracted\datasets\Normal\158.png,normal,normal,0.999763,0.999763,0.000237,True,248,306,310,368
152,6.333,21,data\real\pharmaceutical_capsules\extracted\datasets\Anomaly\415.png,defective,defective,0.999412,0.000588,0.999412,True,873,482,935,544
152,6.333,22,data\real\pharmaceutical_capsules\extracted\datasets\Normal\427.png,normal,normal,0.99977,0.99977,0.00023,True,1139,151,1201,213
152,6.333,23,data\real\pharmaceutical_capsules\extracted\datasets\Normal\424.png,normal,normal,0.999628,0.999628,0.000372,True,452,305,514,367
152,6.333,24,data\real\pharmaceutical_capsules\extracted\datasets\Normal\443.png,normal,normal,0.99986,0.99986,0.00014,True,695,487,757,549
152,6.333,25,data\real\pharmaceutical_capsules\extracted\datasets\Anomaly\321.png,defective,defective,0.999956,4.4e-05,0.999956,True,738,157,800,219
152,6.333,26,data\real\pharmaceutical_capsules\extracted\datasets\Normal\403.png,normal,normal,0.999762,0.999762,0.000238,True,13,331,75,393
152,6.333,27,data\real\pharmaceutical_capsules\extracted\datasets\Anomaly\459.png,defective,defective,0.99997,3e-05,0.99997,True,832,501,894,563
152,6.333,28,data\real\pharmaceutical_capsules\extracted\datasets\Anomaly\137.png,defective,defective,0.999974,2.6e-05,0.999974,True,122,162,184,224
152,6.333,29,data\real\pharmaceutical_capsules\extracted\datasets\Anomaly\587.png,defective,defective,0.99997,3e-05,0.99997,True,650,310,712,372
152,6.333,30,data\real\pharmaceutical_capsules\extracted\datasets\Normal\440.png,normal,normal,0.99979,0.99979,0.00021,True,770,470,832,532
152,6.333,31,data\real\pharmaceutical_capsules\extracted\datasets\Anomaly\469.png,defective,defective,0.999943,5.7e-05,0.999943,True,849,147,911,209
152,6.333,32,data\real\pharmaceutical_capsules\extracted\datasets\Anomaly\094.png,defective,defective,0.999814,0.000186,0.999814,True,1194,306,1256,368
152,6.333,33,data\real\pharmaceutical_capsules\extracted\datasets\Anomaly\273.png,defective,defective,0.99996,4e-05,0.99996,True,136,496,198,558
152,6.333,34,data\real\pharmaceutical_capsules\extracted\datasets\Normal\033.png,normal,normal,0.999738,0.999738,0.000262,True,616,137,678,199
152,6.333,35,data\real\pharmaceutical_capsules\extracted\datasets\Anomaly\071.png,defective,defective,0.999933,6.7e-05,0.999933,True,800,336,862,398
152,6.333,36,data\real\pharmaceutical_capsules\extracted\datasets\Normal\386.png,normal,normal,0.999792,0.999792,0.000208,True,357,488,419,550
153,6.375,1,data\real\pharmaceutical_capsules\extracted\datasets\Anomaly\316.png,defective,defective,0.999963,3.7e-05,0.999963,True,196,138,258,200
153,6.375,2,data\real\pharmaceutical_capsules\extracted\datasets\Normal\068.png,normal,normal,0.999773,0.999773,0.000227,True,971,310,1033,372
153,6.375,3,data\real\pharmaceutical_capsules\extracted\datasets\Normal\149.png,normal,normal,0.999805,0.999805,0.000195,True,244,501,306,563
153,6.375,4,data\real\pharmaceutical_capsules\extracted\datasets\Anomaly\443.png,defective,defective,0.999923,7.7e-05,0.999923,True,1198,138,1260,200
153,6.375,5,data\real\pharmaceutical_capsules\extracted\datasets\Anomaly\221.png,defective,defective,0.999938,6.2e-05,0.999938,True,956,303,1018,365
153,6.375,6,data\real\pharmaceutical_capsules\extracted\datasets\Normal\012.png,normal,normal,0.992716,0.992716,0.007284,True,295,501,357,563
153,6.375,7,data\real\pharmaceutical_capsules\extracted\datasets\Anomaly\124.png,defective,defective,0.999966,3.4e-05,0.999966,True,1233,154,1279,216
153,6.375,8,data\real\pharmaceutical_capsules\extracted\datasets\Anomaly\192.png,defective,defective,0.999946,5.4e-05,0.999946,True,666,312,728,374
153,6.375,9,data\real\pharmaceutical_capsules\extracted\datasets\Normal\492.png,normal,normal,0.999762,0.999762,0.000238,True,1094,476,1156,538
153,6.375,10,data\real\pharmaceutical_capsules\extracted\datasets\Anomaly\351.png,defective,normal,0.671338,0.671338,0.328662,False,355,143,417,205
153,6.375,11,data\real\pharmaceutical_capsules\extracted\datasets\Normal\305.png,normal,normal,0.999814,0.999814,0.000186,True,782,324,844,386
153,6.375,12,data\real\pharmaceutical_capsules\extracted\datasets\Normal\082.png,normal,normal,0.999814,0.999814,0.000186,True,411,496,473,558
153,6.375,13,data\real\pharmaceutical_capsules\extracted\datasets\Normal\481.png,normal,normal,0.999822,0.999822,0.000178,True,624,161,686,223
153,6.375,14,data\real\pharmaceutical_capsules\extracted\datasets\Anomaly\455.png,defective,defective,0.99982,0.00018,0.99982,True,1033,325,1095,387
153,6.375,15,data\real\pharmaceutical_capsules\extracted\datasets\Normal\446.png,normal,normal,0.999598,0.999598,0.000402,True,280,469,342,531
153,6.375,16,data\real\pharmaceutical_capsules\extracted\datasets\Normal\067.png,normal,normal,0.999754,0.999754,0.000246,True,368,142,430,204
153,6.375,17,data\real\pharmaceutical_capsules\extracted\datasets\Normal\338.png,normal,normal,0.999837,0.999837,0.000163,True,487,326,549,388
153,6.375,18,data\real\pharmaceutical_capsules\extracted\datasets\Anomaly\140.png,defective,defective,0.99995,5e-05,0.99995,True,192,490,254,552
153,6.375,19,data\real\pharmaceutical_capsules\extracted\datasets\Anomaly\242.png,defective,defective,0.9999,0.0001,0.9999,True,1113,154,1175,216
153,6.375,20,data\real\pharmaceutical_capsules\extracted\datasets\Normal\158.png,normal,normal,0.999763,0.999763,0.000237,True,253,306,315,368
153,6.375,21,data\real\pharmaceutical_capsules\extracted\datasets\Anomaly\415.png,defective,defective,0.999412,0.000588,0.999412,True,877,482,939,544
153,6.375,22,data\real\pharmaceutical_capsules\extracted\datasets\Normal\427.png,normal,normal,0.99977,0.99977,0.00023,True,1144,151,1206,213
153,6.375,23,data\real\pharmaceutical_capsules\extracted\datasets\Normal\424.png,normal,normal,0.999628,0.999628,0.000372,True,457,305,519,367
153,6.375,24,data\real\pharmaceutical_capsules\extracted\datasets\Normal\443.png,normal,normal,0.99986,0.99986,0.00014,True,699,487,761,549
153,6.375,25,data\real\pharmaceutical_capsules\extracted\datasets\Anomaly\321.png,defective,defective,0.999956,4.4e-05,0.999956,True,743,157,805,219
153,6.375,26,data\real\pharmaceutical_capsules\extracted\datasets\Normal\403.png,normal,normal,0.999762,0.999762,0.000238,True,17,331,79,393
153,6.375,27,data\real\pharmaceutical_capsules\extracted\datasets\Anomaly\459.png,defective,defective,0.99997,3e-05,0.99997,True,837,501,899,563
153,6.375,28,data\real\pharmaceutical_capsules\extracted\datasets\Anomaly\137.png,defective,defective,0.999974,2.6e-05,0.999974,True,126,162,188,224
153,6.375,29,data\real\pharmaceutical_capsules\extracted\datasets\Anomaly\587.png,defective,defective,0.99997,3e-05,0.99997,True,655,310,717,372
153,6.375,30,data\real\pharmaceutical_capsules\extracted\datasets\Normal\440.png,normal,normal,0.99979,0.99979,0.00021,True,774,470,836,532
153,6.375,31,data\real\pharmaceutical_capsules\extracted\datasets\Anomaly\469.png,defective,defective,0.999943,5.7e-05,0.999943,True,854,147,916,209
153,6.375,32,data\real\pharmaceutical_capsules\extracted\datasets\Anomaly\094.png,defective,defective,0.999814,0.000186,0.999814,True,1198,306,1260,368
153,6.375,33,data\real\pharmaceutical_capsules\extracted\datasets\Anomaly\273.png,defective,defective,0.99996,4e-05,0.99996,True,141,496,203,558
153,6.375,34,data\real\pharmaceutical_capsules\extracted\datasets\Normal\033.png,normal,normal,0.999738,0.999738,0.000262,True,621,137,683,199
153,6.375,35,data\real\pharmaceutical_capsules\extracted\datasets\Anomaly\071.png,defective,defective,0.999933,6.7e-05,0.999933,True,805,336,867,398
153,6.375,36,data\real\pharmaceutical_capsules\extracted\datasets\Normal\386.png,normal,normal,0.999792,0.999792,0.000208,True,362,488,424,550
154,6.417,1,data\real\pharmaceutical_capsules\extracted\datasets\Anomaly\316.png,defective,defective,0.999963,3.7e-05,0.999963,True,201,138,263,200
154,6.417,2,data\real\pharmaceutical_capsules\extracted\datasets\Normal\068.png,normal,normal,0.999773,0.999773,0.000227,True,976,310,1038,372
154,6.417,3,data\real\pharmaceutical_capsules\extracted\datasets\Normal\149.png,normal,normal,0.999805,0.999805,0.000195,True,249,501,311,563
154,6.417,4,data\real\pharmaceutical_capsules\extracted\datasets\Anomaly\443.png,defective,defective,0.999923,7.7e-05,0.999923,True,1203,138,1265,200
154,6.417,5,data\real\pharmaceutical_capsules\extracted\datasets\Anomaly\221.png,defective,defective,0.999938,6.2e-05,0.999938,True,960,303,1022,365
154,6.417,6,data\real\pharmaceutical_capsules\extracted\datasets\Normal\012.png,normal,normal,0.992716,0.992716,0.007284,True,299,501,361,563
154,6.417,7,data\real\pharmaceutical_capsules\extracted\datasets\Anomaly\124.png,defective,defective,0.999966,3.4e-05,0.999966,True,1237,154,1279,216
154,6.417,8,data\real\pharmaceutical_capsules\extracted\datasets\Anomaly\192.png,defective,defective,0.999946,5.4e-05,0.999946,True,671,312,733,374
154,6.417,9,data\real\pharmaceutical_capsules\extracted\datasets\Normal\492.png,normal,normal,0.999762,0.999762,0.000238,True,1098,476,1160,538
154,6.417,10,data\real\pharmaceutical_capsules\extracted\datasets\Anomaly\351.png,defective,normal,0.671338,0.671338,0.328662,False,360,143,422,205
154,6.417,11,data\real\pharmaceutical_capsules\extracted\datasets\Normal\305.png,normal,normal,0.999814,0.999814,0.000186,True,786,324,848,386
154,6.417,12,data\real\pharmaceutical_capsules\extracted\datasets\Normal\082.png,normal,normal,0.999814,0.999814,0.000186,True,416,496,478,558
154,6.417,13,data\real\pharmaceutical_capsules\extracted\datasets\Normal\481.png,normal,normal,0.999822,0.999822,0.000178,True,628,161,690,223
154,6.417,14,data\real\pharmaceutical_capsules\extracted\datasets\Anomaly\455.png,defective,defective,0.99982,0.00018,0.99982,True,1038,325,1100,387
154,6.417,15,data\real\pharmaceutical_capsules\extracted\datasets\Normal\446.png,normal,normal,0.999598,0.999598,0.000402,True,284,469,346,531
154,6.417,16,data\real\pharmaceutical_capsules\extracted\datasets\Normal\067.png,normal,normal,0.999754,0.999754,0.000246,True,372,142,434,204
154,6.417,17,data\real\pharmaceutical_capsules\extracted\datasets\Normal\338.png,normal,normal,0.999837,0.999837,0.000163,True,492,326,554,388
154,6.417,18,data\real\pharmaceutical_capsules\extracted\datasets\Anomaly\140.png,defective,defective,0.99995,5e-05,0.99995,True,196,490,258,552
154,6.417,19,data\real\pharmaceutical_capsules\extracted\datasets\Anomaly\242.png,defective,defective,0.9999,0.0001,0.9999,True,1117,154,1179,216
154,6.417,20,data\real\pharmaceutical_capsules\extracted\datasets\Normal\158.png,normal,normal,0.999763,0.999763,0.000237,True,257,306,319,368
154,6.417,21,data\real\pharmaceutical_capsules\extracted\datasets\Anomaly\415.png,defective,defective,0.999412,0.000588,0.999412,True,882,482,944,544
154,6.417,22,data\real\pharmaceutical_capsules\extracted\datasets\Normal\427.png,normal,normal,0.99977,0.99977,0.00023,True,1148,151,1210,213
154,6.417,23,data\real\pharmaceutical_capsules\extracted\datasets\Normal\424.png,normal,normal,0.999628,0.999628,0.000372,True,461,305,523,367
154,6.417,24,data\real\pharmaceutical_capsules\extracted\datasets\Normal\443.png,normal,normal,0.99986,0.99986,0.00014,True,704,487,766,549
154,6.417,25,data\real\pharmaceutical_capsules\extracted\datasets\Anomaly\321.png,defective,defective,0.999956,4.4e-05,0.999956,True,747,157,809,219
154,6.417,26,data\real\pharmaceutical_capsules\extracted\datasets\Normal\403.png,normal,normal,0.999762,0.999762,0.000238,True,22,331,84,393
154,6.417,27,data\real\pharmaceutical_capsules\extracted\datasets\Anomaly\459.png,defective,defective,0.99997,3e-05,0.99997,True,841,501,903,563
154,6.417,28,data\real\pharmaceutical_capsules\extracted\datasets\Anomaly\137.png,defective,defective,0.999974,2.6e-05,0.999974,True,131,162,193,224
154,6.417,29,data\real\pharmaceutical_capsules\extracted\datasets\Anomaly\587.png,defective,defective,0.99997,3e-05,0.99997,True,659,310,721,372
154,6.417,30,data\real\pharmaceutical_capsules\extracted\datasets\Normal\440.png,normal,normal,0.99979,0.99979,0.00021,True,779,470,841,532
154,6.417,31,data\real\pharmaceutical_capsules\extracted\datasets\Anomaly\469.png,defective,defective,0.999943,5.7e-05,0.999943,True,858,147,920,209
154,6.417,32,data\real\pharmaceutical_capsules\extracted\datasets\Anomaly\094.png,defective,defective,0.999814,0.000186,0.999814,True,1203,306,1265,368
154,6.417,33,data\real\pharmaceutical_capsules\extracted\datasets\Anomaly\273.png,defective,defective,0.99996,4e-05,0.99996,True,145,496,207,558
154,6.417,34,data\real\pharmaceutical_capsules\extracted\datasets\Normal\033.png,normal,normal,0.999738,0.999738,0.000262,True,625,137,687,199
154,6.417,35,data\real\pharmaceutical_capsules\extracted\datasets\Anomaly\071.png,defective,defective,0.999933,6.7e-05,0.999933,True,809,336,871,398
154,6.417,36,data\real\pharmaceutical_capsules\extracted\datasets\Normal\386.png,normal,normal,0.999792,0.999792,0.000208,True,366,488,428,550
155,6.458,1,data\real\pharmaceutical_capsules\extracted\datasets\Anomaly\316.png,defective,defective,0.999963,3.7e-05,0.999963,True,205,138,267,200
155,6.458,2,data\real\pharmaceutical_capsules\extracted\datasets\Normal\068.png,normal,normal,0.999773,0.999773,0.000227,True,980,310,1042,372
155,6.458,3,data\real\pharmaceutical_capsules\extracted\datasets\Normal\149.png,normal,normal,0.999805,0.999805,0.000195,True,253,501,315,563
155,6.458,4,data\real\pharmaceutical_capsules\extracted\datasets\Anomaly\443.png,defective,defective,0.999923,7.7e-05,0.999923,True,1207,138,1269,200
155,6.458,5,data\real\pharmaceutical_capsules\extracted\datasets\Anomaly\221.png,defective,defective,0.999938,6.2e-05,0.999938,True,965,303,1027,365
155,6.458,6,data\real\pharmaceutical_capsules\extracted\datasets\Normal\012.png,normal,normal,0.992716,0.992716,0.007284,True,304,501,366,563
155,6.458,7,data\real\pharmaceutical_capsules\extracted\datasets\Anomaly\124.png,defective,defective,0.999966,3.4e-05,0.999966,True,1242,154,1279,216
155,6.458,8,data\real\pharmaceutical_capsules\extracted\datasets\Anomaly\192.png,defective,defective,0.999946,5.4e-05,0.999946,True,675,312,737,374
155,6.458,9,data\real\pharmaceutical_capsules\extracted\datasets\Normal\492.png,normal,normal,0.999762,0.999762,0.000238,True,1103,476,1165,538
155,6.458,10,data\real\pharmaceutical_capsules\extracted\datasets\Anomaly\351.png,defective,normal,0.671338,0.671338,0.328662,False,364,143,426,205
155,6.458,11,data\real\pharmaceutical_capsules\extracted\datasets\Normal\305.png,normal,normal,0.999814,0.999814,0.000186,True,791,324,853,386
155,6.458,12,data\real\pharmaceutical_capsules\extracted\datasets\Normal\082.png,normal,normal,0.999814,0.999814,0.000186,True,420,496,482,558
155,6.458,13,data\real\pharmaceutical_capsules\extracted\datasets\Normal\481.png,normal,normal,0.999822,0.999822,0.000178,True,633,161,695,223
155,6.458,14,data\real\pharmaceutical_capsules\extracted\datasets\Anomaly\455.png,defective,defective,0.99982,0.00018,0.99982,True,1042,325,1104,387
155,6.458,15,data\real\pharmaceutical_capsules\extracted\datasets\Normal\446.png,normal,normal,0.999598,0.999598,0.000402,True,289,469,351,531
155,6.458,16,data\real\pharmaceutical_capsules\extracted\datasets\Normal\067.png,normal,normal,0.999754,0.999754,0.000246,True,377,142,439,204
155,6.458,17,data\real\pharmaceutical_capsules\extracted\datasets\Normal\338.png,normal,normal,0.999837,0.999837,0.000163,True,496,326,558,388
155,6.458,18,data\real\pharmaceutical_capsules\extracted\datasets\Anomaly\140.png,defective,defective,0.99995,5e-05,0.99995,True,201,490,263,552
155,6.458,19,data\real\pharmaceutical_capsules\extracted\datasets\Anomaly\242.png,defective,defective,0.9999,0.0001,0.9999,True,1122,154,1184,216
155,6.458,20,data\real\pharmaceutical_capsules\extracted\datasets\Normal\158.png,normal,normal,0.999763,0.999763,0.000237,True,262,306,324,368
155,6.458,21,data\real\pharmaceutical_capsules\extracted\datasets\Anomaly\415.png,defective,defective,0.999412,0.000588,0.999412,True,886,482,948,544
155,6.458,22,data\real\pharmaceutical_capsules\extracted\datasets\Normal\427.png,normal,normal,0.99977,0.99977,0.00023,True,1153,151,1215,213
155,6.458,23,data\real\pharmaceutical_capsules\extracted\datasets\Normal\424.png,normal,normal,0.999628,0.999628,0.000372,True,466,305,528,367
155,6.458,24,data\real\pharmaceutical_capsules\extracted\datasets\Normal\443.png,normal,normal,0.99986,0.99986,0.00014,True,708,487,770,549
155,6.458,25,data\real\pharmaceutical_capsules\extracted\datasets\Anomaly\321.png,defective,defective,0.999956,4.4e-05,0.999956,True,752,157,814,219
155,6.458,26,data\real\pharmaceutical_capsules\extracted\datasets\Normal\403.png,normal,normal,0.999762,0.999762,0.000238,True,26,331,88,393
155,6.458,27,data\real\pharmaceutical_capsules\extracted\datasets\Anomaly\459.png,defective,defective,0.99997,3e-05,0.99997,True,846,501,908,563
155,6.458,28,data\real\pharmaceutical_capsules\extracted\datasets\Anomaly\137.png,defective,defective,0.999974,2.6e-05,0.999974,True,135,162,197,224
155,6.458,29,data\real\pharmaceutical_capsules\extracted\datasets\Anomaly\587.png,defective,defective,0.99997,3e-05,0.99997,True,664,310,726,372
155,6.458,30,data\real\pharmaceutical_capsules\extracted\datasets\Normal\440.png,normal,normal,0.99979,0.99979,0.00021,True,783,470,845,532
155,6.458,31,data\real\pharmaceutical_capsules\extracted\datasets\Anomaly\469.png,defective,defective,0.999943,5.7e-05,0.999943,True,863,147,925,209
155,6.458,32,data\real\pharmaceutical_capsules\extracted\datasets\Anomaly\094.png,defective,defective,0.999814,0.000186,0.999814,True,1207,306,1269,368
155,6.458,33,data\real\pharmaceutical_capsules\extracted\datasets\Anomaly\273.png,defective,defective,0.99996,4e-05,0.99996,True,150,496,212,558
155,6.458,34,data\real\pharmaceutical_capsules\extracted\datasets\Normal\033.png,normal,normal,0.999738,0.999738,0.000262,True,630,137,692,199
155,6.458,35,data\real\pharmaceutical_capsules\extracted\datasets\Anomaly\071.png,defective,defective,0.999933,6.7e-05,0.999933,True,814,336,876,398
155,6.458,36,data\real\pharmaceutical_capsules\extracted\datasets\Normal\386.png,normal,normal,0.999792,0.999792,0.000208,True,371,488,433,550
156,6.5,1,data\real\pharmaceutical_capsules\extracted\datasets\Anomaly\316.png,defective,defective,0.999963,3.7e-05,0.999963,True,210,138,272,200
156,6.5,2,data\real\pharmaceutical_capsules\extracted\datasets\Normal\068.png,normal,normal,0.999773,0.999773,0.000227,True,985,310,1047,372
156,6.5,3,data\real\pharmaceutical_capsules\extracted\datasets\Normal\149.png,normal,normal,0.999805,0.999805,0.000195,True,258,501,320,563
156,6.5,4,data\real\pharmaceutical_capsules\extracted\datasets\Anomaly\443.png,defective,defective,0.999923,7.7e-05,0.999923,True,1212,138,1274,200
156,6.5,5,data\real\pharmaceutical_capsules\extracted\datasets\Anomaly\221.png,defective,defective,0.999938,6.2e-05,0.999938,True,969,303,1031,365
156,6.5,6,data\real\pharmaceutical_capsules\extracted\datasets\Normal\012.png,normal,normal,0.992716,0.992716,0.007284,True,308,501,370,563
156,6.5,7,data\real\pharmaceutical_capsules\extracted\datasets\Anomaly\124.png,defective,defective,0.999966,3.4e-05,0.999966,True,1246,154,1279,216
156,6.5,8,data\real\pharmaceutical_capsules\extracted\datasets\Anomaly\192.png,defective,defective,0.999946,5.4e-05,0.999946,True,680,312,742,374
156,6.5,9,data\real\pharmaceutical_capsules\extracted\datasets\Normal\492.png,normal,normal,0.999762,0.999762,0.000238,True,1107,476,1169,538
156,6.5,10,data\real\pharmaceutical_capsules\extracted\datasets\Anomaly\351.png,defective,normal,0.671338,0.671338,0.328662,False,369,143,431,205
156,6.5,11,data\real\pharmaceutical_capsules\extracted\datasets\Normal\305.png,normal,normal,0.999814,0.999814,0.000186,True,795,324,857,386
156,6.5,12,data\real\pharmaceutical_capsules\extracted\datasets\Normal\082.png,normal,normal,0.999814,0.999814,0.000186,True,425,496,487,558
156,6.5,13,data\real\pharmaceutical_capsules\extracted\datasets\Normal\481.png,normal,normal,0.999822,0.999822,0.000178,True,637,161,699,223
156,6.5,14,data\real\pharmaceutical_capsules\extracted\datasets\Anomaly\455.png,defective,defective,0.99982,0.00018,0.99982,True,1047,325,1109,387
156,6.5,15,data\real\pharmaceutical_capsules\extracted\datasets\Normal\446.png,normal,normal,0.999598,0.999598,0.000402,True,293,469,355,531
156,6.5,16,data\real\pharmaceutical_capsules\extracted\datasets\Normal\067.png,normal,normal,0.999754,0.999754,0.000246,True,381,142,443,204
156,6.5,17,data\real\pharmaceutical_capsules\extracted\datasets\Normal\338.png,normal,normal,0.999837,0.999837,0.000163,True,501,326,563,388
156,6.5,18,data\real\pharmaceutical_capsules\extracted\datasets\Anomaly\140.png,defective,defective,0.99995,5e-05,0.99995,True,205,490,267,552
156,6.5,19,data\real\pharmaceutical_capsules\extracted\datasets\Anomaly\242.png,defective,defective,0.9999,0.0001,0.9999,True,1126,154,1188,216
156,6.5,20,data\real\pharmaceutical_capsules\extracted\datasets\Normal\158.png,normal,normal,0.999763,0.999763,0.000237,True,266,306,328,368
156,6.5,21,data\real\pharmaceutical_capsules\extracted\datasets\Anomaly\415.png,defective,defective,0.999412,0.000588,0.999412,True,891,482,953,544
156,6.5,22,data\real\pharmaceutical_capsules\extracted\datasets\Normal\427.png,normal,normal,0.99977,0.99977,0.00023,True,1157,151,1219,213
156,6.5,23,data\real\pharmaceutical_capsules\extracted\datasets\Normal\424.png,normal,normal,0.999628,0.999628,0.000372,True,470,305,532,367
156,6.5,24,data\real\pharmaceutical_capsules\extracted\datasets\Normal\443.png,normal,normal,0.99986,0.99986,0.00014,True,713,487,775,549
156,6.5,25,data\real\pharmaceutical_capsules\extracted\datasets\Anomaly\321.png,defective,defective,0.999956,4.4e-05,0.999956,True,756,157,818,219
156,6.5,26,data\real\pharmaceutical_capsules\extracted\datasets\Normal\403.png,normal,normal,0.999762,0.999762,0.000238,True,31,331,93,393
156,6.5,27,data\real\pharmaceutical_capsules\extracted\datasets\Anomaly\459.png,defective,defective,0.99997,3e-05,0.99997,True,850,501,912,563
156,6.5,28,data\real\pharmaceutical_capsules\extracted\datasets\Anomaly\137.png,defective,defective,0.999974,2.6e-05,0.999974,True,140,162,202,224
156,6.5,29,data\real\pharmaceutical_capsules\extracted\datasets\Anomaly\587.png,defective,defective,0.99997,3e-05,0.99997,True,668,310,730,372
156,6.5,30,data\real\pharmaceutical_capsules\extracted\datasets\Normal\440.png,normal,normal,0.99979,0.99979,0.00021,True,788,470,850,532
156,6.5,31,data\real\pharmaceutical_capsules\extracted\datasets\Anomaly\469.png,defective,defective,0.999943,5.7e-05,0.999943,True,867,147,929,209
156,6.5,32,data\real\pharmaceutical_capsules\extracted\datasets\Anomaly\094.png,defective,defective,0.999814,0.000186,0.999814,True,1212,306,1274,368
156,6.5,33,data\real\pharmaceutical_capsules\extracted\datasets\Anomaly\273.png,defective,defective,0.99996,4e-05,0.99996,True,154,496,216,558
156,6.5,34,data\real\pharmaceutical_capsules\extracted\datasets\Normal\033.png,normal,normal,0.999738,0.999738,0.000262,True,634,137,696,199
156,6.5,35,data\real\pharmaceutical_capsules\extracted\datasets\Anomaly\071.png,defective,defective,0.999933,6.7e-05,0.999933,True,818,336,880,398
156,6.5,36,data\real\pharmaceutical_capsules\extracted\datasets\Normal\386.png,normal,normal,0.999792,0.999792,0.000208,True,375,488,437,550
157,6.542,1,data\real\pharmaceutical_capsules\extracted\datasets\Anomaly\316.png,defective,defective,0.999963,3.7e-05,0.999963,True,214,138,276,200
157,6.542,2,data\real\pharmaceutical_capsules\extracted\datasets\Normal\068.png,normal,normal,0.999773,0.999773,0.000227,True,989,310,1051,372
157,6.542,3,data\real\pharmaceutical_capsules\extracted\datasets\Normal\149.png,normal,normal,0.999805,0.999805,0.000195,True,262,501,324,563
157,6.542,4,data\real\pharmaceutical_capsules\extracted\datasets\Anomaly\443.png,defective,defective,0.999923,7.7e-05,0.999923,True,1216,138,1278,200
157,6.542,5,data\real\pharmaceutical_capsules\extracted\datasets\Anomaly\221.png,defective,defective,0.999938,6.2e-05,0.999938,True,974,303,1036,365
157,6.542,6,data\real\pharmaceutical_capsules\extracted\datasets\Normal\012.png,normal,normal,0.992716,0.992716,0.007284,True,313,501,375,563
157,6.542,7,data\real\pharmaceutical_capsules\extracted\datasets\Anomaly\124.png,defective,defective,0.999966,3.4e-05,0.999966,True,0,154,34,216
157,6.542,8,data\real\pharmaceutical_capsules\extracted\datasets\Anomaly\192.png,defective,defective,0.999946,5.4e-05,0.999946,True,684,312,746,374
157,6.542,9,data\real\pharmaceutical_capsules\extracted\datasets\Normal\492.png,normal,normal,0.999762,0.999762,0.000238,True,1112,476,1174,538
157,6.542,10,data\real\pharmaceutical_capsules\extracted\datasets\Anomaly\351.png,defective,normal,0.671338,0.671338,0.328662,False,373,143,435,205
157,6.542,11,data\real\pharmaceutical_capsules\extracted\datasets\Normal\305.png,normal,normal,0.999814,0.999814,0.000186,True,800,324,862,386
157,6.542,12,data\real\pharmaceutical_capsules\extracted\datasets\Normal\082.png,normal,normal,0.999814,0.999814,0.000186,True,429,496,491,558
157,6.542,13,data\real\pharmaceutical_capsules\extracted\datasets\Normal\481.png,normal,normal,0.999822,0.999822,0.000178,True,642,161,704,223
157,6.542,14,data\real\pharmaceutical_capsules\extracted\datasets\Anomaly\455.png,defective,defective,0.99982,0.00018,0.99982,True,1051,325,1113,387
157,6.542,15,data\real\pharmaceutical_capsules\extracted\datasets\Normal\446.png,normal,normal,0.999598,0.999598,0.000402,True,298,469,360,531
157,6.542,16,data\real\pharmaceutical_capsules\extracted\datasets\Normal\067.png,normal,normal,0.999754,0.999754,0.000246,True,386,142,448,204
157,6.542,17,data\real\pharmaceutical_capsules\extracted\datasets\Normal\338.png,normal,normal,0.999837,0.999837,0.000163,True,505,326,567,388
157,6.542,18,data\real\pharmaceutical_capsules\extracted\datasets\Anomaly\140.png,defective,defective,0.99995,5e-05,0.99995,True,210,490,272,552
157,6.542,19,data\real\pharmaceutical_capsules\extracted\datasets\Anomaly\242.png,defective,defective,0.9999,0.0001,0.9999,True,1131,154,1193,216
157,6.542,20,data\real\pharmaceutical_capsules\extracted\datasets\Normal\158.png,normal,normal,0.999763,0.999763,0.000237,True,271,306,333,368
157,6.542,21,data\real\pharmaceutical_capsules\extracted\datasets\Anomaly\415.png,defective,defective,0.999412,0.000588,0.999412,True,895,482,957,544
157,6.542,22,data\real\pharmaceutical_capsules\extracted\datasets\Normal\427.png,normal,normal,0.99977,0.99977,0.00023,True,1162,151,1224,213
157,6.542,23,data\real\pharmaceutical_capsules\extracted\datasets\Normal\424.png,normal,normal,0.999628,0.999628,0.000372,True,475,305,537,367
157,6.542,24,data\real\pharmaceutical_capsules\extracted\datasets\Normal\443.png,normal,normal,0.99986,0.99986,0.00014,True,717,487,779,549
157,6.542,25,data\real\pharmaceutical_capsules\extracted\datasets\Anomaly\321.png,defective,defective,0.999956,4.4e-05,0.999956,True,761,157,823,219
157,6.542,26,data\real\pharmaceutical_capsules\extracted\datasets\Normal\403.png,normal,normal,0.999762,0.999762,0.000238,True,35,331,97,393
157,6.542,27,data\real\pharmaceutical_capsules\extracted\datasets\Anomaly\459.png,defective,defective,0.99997,3e-05,0.99997,True,855,501,917,563
157,6.542,28,data\real\pharmaceutical_capsules\extracted\datasets\Anomaly\137.png,defective,defective,0.999974,2.6e-05,0.999974,True,144,162,206,224
157,6.542,29,data\real\pharmaceutical_capsules\extracted\datasets\Anomaly\587.png,defective,defective,0.99997,3e-05,0.99997,True,673,310,735,372
157,6.542,30,data\real\pharmaceutical_capsules\extracted\datasets\Normal\440.png,normal,normal,0.99979,0.99979,0.00021,True,792,470,854,532
157,6.542,31,data\real\pharmaceutical_capsules\extracted\datasets\Anomaly\469.png,defective,defective,0.999943,5.7e-05,0.999943,True,872,147,934,209
157,6.542,32,data\real\pharmaceutical_capsules\extracted\datasets\Anomaly\094.png,defective,defective,0.999814,0.000186,0.999814,True,1216,306,1278,368
157,6.542,33,data\real\pharmaceutical_capsules\extracted\datasets\Anomaly\273.png,defective,defective,0.99996,4e-05,0.99996,True,159,496,221,558
157,6.542,34,data\real\pharmaceutical_capsules\extracted\datasets\Normal\033.png,normal,normal,0.999738,0.999738,0.000262,True,639,137,701,199
157,6.542,35,data\real\pharmaceutical_capsules\extracted\datasets\Anomaly\071.png,defective,defective,0.999933,6.7e-05,0.999933,True,823,336,885,398
157,6.542,36,data\real\pharmaceutical_capsules\extracted\datasets\Normal\386.png,normal,normal,0.999792,0.999792,0.000208,True,380,488,442,550
158,6.583,1,data\real\pharmaceutical_capsules\extracted\datasets\Anomaly\316.png,defective,defective,0.999963,3.7e-05,0.999963,True,219,138,281,200
158,6.583,2,data\real\pharmaceutical_capsules\extracted\datasets\Normal\068.png,normal,normal,0.999773,0.999773,0.000227,True,994,310,1056,372
158,6.583,3,data\real\pharmaceutical_capsules\extracted\datasets\Normal\149.png,normal,normal,0.999805,0.999805,0.000195,True,267,501,329,563
158,6.583,4,data\real\pharmaceutical_capsules\extracted\datasets\Anomaly\443.png,defective,defective,0.999923,7.7e-05,0.999923,True,1221,138,1279,200
158,6.583,5,data\real\pharmaceutical_capsules\extracted\datasets\Anomaly\221.png,defective,defective,0.999938,6.2e-05,0.999938,True,978,303,1040,365
158,6.583,6,data\real\pharmaceutical_capsules\extracted\datasets\Normal\012.png,normal,normal,0.992716,0.992716,0.007284,True,317,501,379,563
158,6.583,7,data\real\pharmaceutical_capsules\extracted\datasets\Anomaly\124.png,defective,defective,0.999966,3.4e-05,0.999966,True,0,154,38,216
158,6.583,8,data\real\pharmaceutical_capsules\extracted\datasets\Anomaly\192.png,defective,defective,0.999946,5.4e-05,0.999946,True,689,312,751,374
158,6.583,9,data\real\pharmaceutical_capsules\extracted\datasets\Normal\492.png,normal,normal,0.999762,0.999762,0.000238,True,1116,476,1178,538
158,6.583,10,data\real\pharmaceutical_capsules\extracted\datasets\Anomaly\351.png,defective,normal,0.671338,0.671338,0.328662,False,378,143,440,205
158,6.583,11,data\real\pharmaceutical_capsules\extracted\datasets\Normal\305.png,normal,normal,0.999814,0.999814,0.000186,True,804,324,866,386
158,6.583,12,data\real\pharmaceutical_capsules\extracted\datasets\Normal\082.png,normal,normal,0.999814,0.999814,0.000186,True,434,496,496,558
158,6.583,13,data\real\pharmaceutical_capsules\extracted\datasets\Normal\481.png,normal,normal,0.999822,0.999822,0.000178,True,646,161,708,223
158,6.583,14,data\real\pharmaceutical_capsules\extracted\datasets\Anomaly\455.png,defective,defective,0.99982,0.00018,0.99982,True,1056,325,1118,387
158,6.583,15,data\real\pharmaceutical_capsules\extracted\datasets\Normal\446.png,normal,normal,0.999598,0.999598,0.000402,True,302,469,364,531
158,6.583,16,data\real\pharmaceutical_capsules\extracted\datasets\Normal\067.png,normal,normal,0.999754,0.999754,0.000246,True,390,142,452,204
158,6.583,17,data\real\pharmaceutical_capsules\extracted\datasets\Normal\338.png,normal,normal,0.999837,0.999837,0.000163,True,510,326,572,388
158,6.583,18,data\real\pharmaceutical_capsules\extracted\datasets\Anomaly\140.png,defective,defective,0.99995,5e-05,0.99995,True,214,490,276,552
158,6.583,19,data\real\pharmaceutical_capsules\extracted\datasets\Anomaly\242.png,defective,defective,0.9999,0.0001,0.9999,True,1135,154,1197,216
158,6.583,20,data\real\pharmaceutical_capsules\extracted\datasets\Normal\158.png,normal,normal,0.999763,0.999763,0.000237,True,275,306,337,368
158,6.583,21,data\real\pharmaceutical_capsules\extracted\datasets\Anomaly\415.png,defective,defective,0.999412,0.000588,0.999412,True,900,482,962,544
158,6.583,22,data\real\pharmaceutical_capsules\extracted\datasets\Normal\427.png,normal,normal,0.99977,0.99977,0.00023,True,1166,151,1228,213
158,6.583,23,data\real\pharmaceutical_capsules\extracted\datasets\Normal\424.png,normal,normal,0.999628,0.999628,0.000372,True,479,305,541,367
158,6.583,24,data\real\pharmaceutical_capsules\extracted\datasets\Normal\443.png,normal,normal,0.99986,0.99986,0.00014,True,722,487,784,549
158,6.583,25,data\real\pharmaceutical_capsules\extracted\datasets\Anomaly\321.png,defective,defective,0.999956,4.4e-05,0.999956,True,765,157,827,219
158,6.583,26,data\real\pharmaceutical_capsules\extracted\datasets\Normal\403.png,normal,normal,0.999762,0.999762,0.000238,True,40,331,102,393
158,6.583,27,data\real\pharmaceutical_capsules\extracted\datasets\Anomaly\459.png,defective,defective,0.99997,3e-05,0.99997,True,859,501,921,563
158,6.583,28,data\real\pharmaceutical_capsules\extracted\datasets\Anomaly\137.png,defective,defective,0.999974,2.6e-05,0.999974,True,149,162,211,224
158,6.583,29,data\real\pharmaceutical_capsules\extracted\datasets\Anomaly\587.png,defective,defective,0.99997,3e-05,0.99997,True,677,310,739,372
158,6.583,30,data\real\pharmaceutical_capsules\extracted\datasets\Normal\440.png,normal,normal,0.99979,0.99979,0.00021,True,797,470,859,532
158,6.583,31,data\real\pharmaceutical_capsules\extracted\datasets\Anomaly\469.png,defective,defective,0.999943,5.7e-05,0.999943,True,876,147,938,209
158,6.583,32,data\real\pharmaceutical_capsules\extracted\datasets\Anomaly\094.png,defective,defective,0.999814,0.000186,0.999814,True,1221,306,1279,368
158,6.583,33,data\real\pharmaceutical_capsules\extracted\datasets\Anomaly\273.png,defective,defective,0.99996,4e-05,0.99996,True,163,496,225,558
158,6.583,34,data\real\pharmaceutical_capsules\extracted\datasets\Normal\033.png,normal,normal,0.999738,0.999738,0.000262,True,643,137,705,199
158,6.583,35,data\real\pharmaceutical_capsules\extracted\datasets\Anomaly\071.png,defective,defective,0.999933,6.7e-05,0.999933,True,827,336,889,398
158,6.583,36,data\real\pharmaceutical_capsules\extracted\datasets\Normal\386.png,normal,normal,0.999792,0.999792,0.000208,True,384,488,446,550
159,6.625,1,data\real\pharmaceutical_capsules\extracted\datasets\Anomaly\316.png,defective,defective,0.999963,3.7e-05,0.999963,True,223,138,285,200
159,6.625,2,data\real\pharmaceutical_capsules\extracted\datasets\Normal\068.png,normal,normal,0.999773,0.999773,0.000227,True,998,310,1060,372
159,6.625,3,data\real\pharmaceutical_capsules\extracted\datasets\Normal\149.png,normal,normal,0.999805,0.999805,0.000195,True,271,501,333,563
159,6.625,4,data\real\pharmaceutical_capsules\extracted\datasets\Anomaly\443.png,defective,defective,0.999923,7.7e-05,0.999923,True,1225,138,1279,200
159,6.625,5,data\real\pharmaceutical_capsules\extracted\datasets\Anomaly\221.png,defective,defective,0.999938,6.2e-05,0.999938,True,983,303,1045,365
159,6.625,6,data\real\pharmaceutical_capsules\extracted\datasets\Normal\012.png,normal,normal,0.992716,0.992716,0.007284,True,322,501,384,563
159,6.625,7,data\real\pharmaceutical_capsules\extracted\datasets\Anomaly\124.png,defective,defective,0.999966,3.4e-05,0.999966,True,0,154,43,216
159,6.625,8,data\real\pharmaceutical_capsules\extracted\datasets\Anomaly\192.png,defective,defective,0.999946,5.4e-05,0.999946,True,693,312,755,374
159,6.625,9,data\real\pharmaceutical_capsules\extracted\datasets\Normal\492.png,normal,normal,0.999762,0.999762,0.000238,True,1121,476,1183,538
159,6.625,10,data\real\pharmaceutical_capsules\extracted\datasets\Anomaly\351.png,defective,normal,0.671338,0.671338,0.328662,False,382,143,444,205
159,6.625,11,data\real\pharmaceutical_capsules\extracted\datasets\Normal\305.png,normal,normal,0.999814,0.999814,0.000186,True,809,324,871,386
159,6.625,12,data\real\pharmaceutical_capsules\extracted\datasets\Normal\082.png,normal,normal,0.999814,0.999814,0.000186,True,438,496,500,558
159,6.625,13,data\real\pharmaceutical_capsules\extracted\datasets\Normal\481.png,normal,normal,0.999822,0.999822,0.000178,True,651,161,713,223
159,6.625,14,data\real\pharmaceutical_capsules\extracted\datasets\Anomaly\455.png,defective,defective,0.99982,0.00018,0.99982,True,1060,325,1122,387
159,6.625,15,data\real\pharmaceutical_capsules\extracted\datasets\Normal\446.png,normal,normal,0.999598,0.999598,0.000402,True,307,469,369,531
159,6.625,16,data\real\pharmaceutical_capsules\extracted\datasets\Normal\067.png,normal,normal,0.999754,0.999754,0.000246,True,395,142,457,204
159,6.625,17,data\real\pharmaceutical_capsules\extracted\datasets\Normal\338.png,normal,normal,0.999837,0.999837,0.000163,True,514,326,576,388
159,6.625,18,data\real\pharmaceutical_capsules\extracted\datasets\Anomaly\140.png,defective,defective,0.99995,5e-05,0.99995,True,219,490,281,552
159,6.625,19,data\real\pharmaceutical_capsules\extracted\datasets\Anomaly\242.png,defective,defective,0.9999,0.0001,0.9999,True,1140,154,1202,216
159,6.625,20,data\real\pharmaceutical_capsules\extracted\datasets\Normal\158.png,normal,normal,0.999763,0.999763,0.000237,True,280,306,342,368
159,6.625,21,data\real\pharmaceutical_capsules\extracted\datasets\Anomaly\415.png,defective,defective,0.999412,0.000588,0.999412,True,904,482,966,544
159,6.625,22,data\real\pharmaceutical_capsules\extracted\datasets\Normal\427.png,normal,normal,0.99977,0.99977,0.00023,True,1171,151,1233,213
159,6.625,23,data\real\pharmaceutical_capsules\extracted\datasets\Normal\424.png,normal,normal,0.999628,0.999628,0.000372,True,484,305,546,367
159,6.625,24,data\real\pharmaceutical_capsules\extracted\datasets\Normal\443.png,normal,normal,0.99986,0.99986,0.00014,True,726,487,788,549
159,6.625,25,data\real\pharmaceutical_capsules\extracted\datasets\Anomaly\321.png,defective,defective,0.999956,4.4e-05,0.999956,True,770,157,832,219
159,6.625,26,data\real\pharmaceutical_capsules\extracted\datasets\Normal\403.png,normal,normal,0.999762,0.999762,0.000238,True,44,331,106,393
159,6.625,27,data\real\pharmaceutical_capsules\extracted\datasets\Anomaly\459.png,defective,defective,0.99997,3e-05,0.99997,True,864,501,926,563
159,6.625,28,data\real\pharmaceutical_capsules\extracted\datasets\Anomaly\137.png,defective,defective,0.999974,2.6e-05,0.999974,True,153,162,215,224
159,6.625,29,data\real\pharmaceutical_capsules\extracted\datasets\Anomaly\587.png,defective,defective,0.99997,3e-05,0.99997,True,682,310,744,372
159,6.625,30,data\real\pharmaceutical_capsules\extracted\datasets\Normal\440.png,normal,normal,0.99979,0.99979,0.00021,True,801,470,863,532
159,6.625,31,data\real\pharmaceutical_capsules\extracted\datasets\Anomaly\469.png,defective,defective,0.999943,5.7e-05,0.999943,True,881,147,943,209
159,6.625,32,data\real\pharmaceutical_capsules\extracted\datasets\Anomaly\094.png,defective,defective,0.999814,0.000186,0.999814,True,1225,306,1279,368
159,6.625,33,data\real\pharmaceutical_capsules\extracted\datasets\Anomaly\273.png,defective,defective,0.99996,4e-05,0.99996,True,168,496,230,558
159,6.625,34,data\real\pharmaceutical_capsules\extracted\datasets\Normal\033.png,normal,normal,0.999738,0.999738,0.000262,True,648,137,710,199
159,6.625,35,data\real\pharmaceutical_capsules\extracted\datasets\Anomaly\071.png,defective,defective,0.999933,6.7e-05,0.999933,True,832,336,894,398
159,6.625,36,data\real\pharmaceutical_capsules\extracted\datasets\Normal\386.png,normal,normal,0.999792,0.999792,0.000208,True,389,488,451,550
160,6.667,1,data\real\pharmaceutical_capsules\extracted\datasets\Anomaly\316.png,defective,defective,0.999963,3.7e-05,0.999963,True,228,138,290,200
160,6.667,2,data\real\pharmaceutical_capsules\extracted\datasets\Normal\068.png,normal,normal,0.999773,0.999773,0.000227,True,1003,310,1065,372
160,6.667,3,data\real\pharmaceutical_capsules\extracted\datasets\Normal\149.png,normal,normal,0.999805,0.999805,0.000195,True,276,501,338,563
160,6.667,4,data\real\pharmaceutical_capsules\extracted\datasets\Anomaly\443.png,defective,defective,0.999923,7.7e-05,0.999923,True,1230,138,1279,200
160,6.667,5,data\real\pharmaceutical_capsules\extracted\datasets\Anomaly\221.png,defective,defective,0.999938,6.2e-05,0.999938,True,987,303,1049,365
160,6.667,6,data\real\pharmaceutical_capsules\extracted\datasets\Normal\012.png,normal,normal,0.992716,0.992716,0.007284,True,326,501,388,563
160,6.667,7,data\real\pharmaceutical_capsules\extracted\datasets\Anomaly\124.png,defective,defective,0.999966,3.4e-05,0.999966,True,0,154,47,216
160,6.667,8,data\real\pharmaceutical_capsules\extracted\datasets\Anomaly\192.png,defective,defective,0.999946,5.4e-05,0.999946,True,698,312,760,374
160,6.667,9,data\real\pharmaceutical_capsules\extracted\datasets\Normal\492.png,normal,normal,0.999762,0.999762,0.000238,True,1125,476,1187,538
160,6.667,10,data\real\pharmaceutical_capsules\extracted\datasets\Anomaly\351.png,defective,normal,0.671338,0.671338,0.328662,False,387,143,449,205
160,6.667,11,data\real\pharmaceutical_capsules\extracted\datasets\Normal\305.png,normal,normal,0.999814,0.999814,0.000186,True,813,324,875,386
160,6.667,12,data\real\pharmaceutical_capsules\extracted\datasets\Normal\082.png,normal,normal,0.999814,0.999814,0.000186,True,443,496,505,558
160,6.667,13,data\real\pharmaceutical_capsules\extracted\datasets\Normal\481.png,normal,normal,0.999822,0.999822,0.000178,True,655,161,717,223
160,6.667,14,data\real\pharmaceutical_capsules\extracted\datasets\Anomaly\455.png,defective,defective,0.99982,0.00018,0.99982,True,1065,325,1127,387
160,6.667,15,data\real\pharmaceutical_capsules\extracted\datasets\Normal\446.png,normal,normal,0.999598,0.999598,0.000402,True,311,469,373,531
160,6.667,16,data\real\pharmaceutical_capsules\extracted\datasets\Normal\067.png,normal,normal,0.999754,0.999754,0.000246,True,399,142,461,204
160,6.667,17,data\real\pharmaceutical_capsules\extracted\datasets\Normal\338.png,normal,normal,0.999837,0.999837,0.000163,True,519,326,581,388
160,6.667,18,data\real\pharmaceutical_capsules\extracted\datasets\Anomaly\140.png,defective,defective,0.99995,5e-05,0.99995,True,223,490,285,552
160,6.667,19,data\real\pharmaceutical_capsules\extracted\datasets\Anomaly\242.png,defective,defective,0.9999,0.0001,0.9999,True,1144,154,1206,216
160,6.667,20,data\real\pharmaceutical_capsules\extracted\datasets\Normal\158.png,normal,normal,0.999763,0.999763,0.000237,True,284,306,346,368
160,6.667,21,data\real\pharmaceutical_capsules\extracted\datasets\Anomaly\415.png,defective,defective,0.999412,0.000588,0.999412,True,909,482,971,544
160,6.667,22,data\real\pharmaceutical_capsules\extracted\datasets\Normal\427.png,normal,normal,0.99977,0.99977,0.00023,True,1175,151,1237,213
160,6.667,23,data\real\pharmaceutical_capsules\extracted\datasets\Normal\424.png,normal,normal,0.999628,0.999628,0.000372,True,488,305,550,367
160,6.667,24,data\real\pharmaceutical_capsules\extracted\datasets\Normal\443.png,normal,normal,0.99986,0.99986,0.00014,True,731,487,793,549
160,6.667,25,data\real\pharmaceutical_capsules\extracted\datasets\Anomaly\321.png,defective,defective,0.999956,4.4e-05,0.999956,True,774,157,836,219
160,6.667,26,data\real\pharmaceutical_capsules\extracted\datasets\Normal\403.png,normal,normal,0.999762,0.999762,0.000238,True,49,331,111,393
160,6.667,27,data\real\pharmaceutical_capsules\extracted\datasets\Anomaly\459.png,defective,defective,0.99997,3e-05,0.99997,True,868,501,930,563
160,6.667,28,data\real\pharmaceutical_capsules\extracted\datasets\Anomaly\137.png,defective,defective,0.999974,2.6e-05,0.999974,True,158,162,220,224
160,6.667,29,data\real\pharmaceutical_capsules\extracted\datasets\Anomaly\587.png,defective,defective,0.99997,3e-05,0.99997,True,686,310,748,372
160,6.667,30,data\real\pharmaceutical_capsules\extracted\datasets\Normal\440.png,normal,normal,0.99979,0.99979,0.00021,True,806,470,868,532
160,6.667,31,data\real\pharmaceutical_capsules\extracted\datasets\Anomaly\469.png,defective,defective,0.999943,5.7e-05,0.999943,True,885,147,947,209
160,6.667,32,data\real\pharmaceutical_capsules\extracted\datasets\Anomaly\094.png,defective,defective,0.999814,0.000186,0.999814,True,1230,306,1279,368
160,6.667,33,data\real\pharmaceutical_capsules\extracted\datasets\Anomaly\273.png,defective,defective,0.99996,4e-05,0.99996,True,172,496,234,558
160,6.667,34,data\real\pharmaceutical_capsules\extracted\datasets\Normal\033.png,normal,normal,0.999738,0.999738,0.000262,True,652,137,714,199
160,6.667,35,data\real\pharmaceutical_capsules\extracted\datasets\Anomaly\071.png,defective,defective,0.999933,6.7e-05,0.999933,True,836,336,898,398
160,6.667,36,data\real\pharmaceutical_capsules\extracted\datasets\Normal\386.png,normal,normal,0.999792,0.999792,0.000208,True,393,488,455,550
161,6.708,1,data\real\pharmaceutical_capsules\extracted\datasets\Anomaly\316.png,defective,defective,0.999963,3.7e-05,0.999963,True,232,138,294,200
161,6.708,2,data\real\pharmaceutical_capsules\extracted\datasets\Normal\068.png,normal,normal,0.999773,0.999773,0.000227,True,1007,310,1069,372
161,6.708,3,data\real\pharmaceutical_capsules\extracted\datasets\Normal\149.png,normal,normal,0.999805,0.999805,0.000195,True,280,501,342,563
161,6.708,4,data\real\pharmaceutical_capsules\extracted\datasets\Anomaly\443.png,defective,defective,0.999923,7.7e-05,0.999923,True,1234,138,1279,200
161,6.708,5,data\real\pharmaceutical_capsules\extracted\datasets\Anomaly\221.png,defective,defective,0.999938,6.2e-05,0.999938,True,992,303,1054,365
161,6.708,6,data\real\pharmaceutical_capsules\extracted\datasets\Normal\012.png,normal,normal,0.992716,0.992716,0.007284,True,331,501,393,563
161,6.708,7,data\real\pharmaceutical_capsules\extracted\datasets\Anomaly\124.png,defective,defective,0.999966,3.4e-05,0.999966,True,0,154,52,216
161,6.708,8,data\real\pharmaceutical_capsules\extracted\datasets\Anomaly\192.png,defective,defective,0.999946,5.4e-05,0.999946,True,702,312,764,374
161,6.708,9,data\real\pharmaceutical_capsules\extracted\datasets\Normal\492.png,normal,normal,0.999762,0.999762,0.000238,True,1130,476,1192,538
161,6.708,10,data\real\pharmaceutical_capsules\extracted\datasets\Anomaly\351.png,defective,normal,0.671338,0.671338,0.328662,False,391,143,453,205
161,6.708,11,data\real\pharmaceutical_capsules\extracted\datasets\Normal\305.png,normal,normal,0.999814,0.999814,0.000186,True,818,324,880,386
161,6.708,12,data\real\pharmaceutical_capsules\extracted\datasets\Normal\082.png,normal,normal,0.999814,0.999814,0.000186,True,447,496,509,558
161,6.708,13,data\real\pharmaceutical_capsules\extracted\datasets\Normal\481.png,normal,normal,0.999822,0.999822,0.000178,True,660,161,722,223
161,6.708,14,data\real\pharmaceutical_capsules\extracted\datasets\Anomaly\455.png,defective,defective,0.99982,0.00018,0.99982,True,1069,325,1131,387
161,6.708,15,data\real\pharmaceutical_capsules\extracted\datasets\Normal\446.png,normal,normal,0.999598,0.999598,0.000402,True,316,469,378,531
161,6.708,16,data\real\pharmaceutical_capsules\extracted\datasets\Normal\067.png,normal,normal,0.999754,0.999754,0.000246,True,404,142,466,204
161,6.708,17,data\real\pharmaceutical_capsules\extracted\datasets\Normal\338.png,normal,normal,0.999837,0.999837,0.000163,True,523,326,585,388
161,6.708,18,data\real\pharmaceutical_capsules\extracted\datasets\Anomaly\140.png,defective,defective,0.99995,5e-05,0.99995,True,228,490,290,552
161,6.708,19,data\real\pharmaceutical_capsules\extracted\datasets\Anomaly\242.png,defective,defective,0.9999,0.0001,0.9999,True,1149,154,1211,216
161,6.708,20,data\real\pharmaceutical_capsules\extracted\datasets\Normal\158.png,normal,normal,0.999763,0.999763,0.000237,True,289,306,351,368
161,6.708,21,data\real\pharmaceutical_capsules\extracted\datasets\Anomaly\415.png,defective,defective,0.999412,0.000588,0.999412,True,913,482,975,544
161,6.708,22,data\real\pharmaceutical_capsules\extracted\datasets\Normal\427.png,normal,normal,0.99977,0.99977,0.00023,True,1180,151,1242,213
161,6.708,23,data\real\pharmaceutical_capsules\extracted\datasets\Normal\424.png,normal,normal,0.999628,0.999628,0.000372,True,493,305,555,367
161,6.708,24,data\real\pharmaceutical_capsules\extracted\datasets\Normal\443.png,normal,normal,0.99986,0.99986,0.00014,True,735,487,797,549
161,6.708,25,data\real\pharmaceutical_capsules\extracted\datasets\Anomaly\321.png,defective,defective,0.999956,4.4e-05,0.999956,True,779,157,841,219
161,6.708,26,data\real\pharmaceutical_capsules\extracted\datasets\Normal\403.png,normal,normal,0.999762,0.999762,0.000238,True,53,331,115,393
161,6.708,27,data\real\pharmaceutical_capsules\extracted\datasets\Anomaly\459.png,defective,defective,0.99997,3e-05,0.99997,True,873,501,935,563
161,6.708,28,data\real\pharmaceutical_capsules\extracted\datasets\Anomaly\137.png,defective,defective,0.999974,2.6e-05,0.999974,True,162,162,224,224
161,6.708,29,data\real\pharmaceutical_capsules\extracted\datasets\Anomaly\587.png,defective,defective,0.99997,3e-05,0.99997,True,691,310,753,372
161,6.708,30,data\real\pharmaceutical_capsules\extracted\datasets\Normal\440.png,normal,normal,0.99979,0.99979,0.00021,True,810,470,872,532
161,6.708,31,data\real\pharmaceutical_capsules\extracted\datasets\Anomaly\469.png,defective,defective,0.999943,5.7e-05,0.999943,True,890,147,952,209
161,6.708,32,data\real\pharmaceutical_capsules\extracted\datasets\Anomaly\094.png,defective,defective,0.999814,0.000186,0.999814,True,1234,306,1279,368
161,6.708,33,data\real\pharmaceutical_capsules\extracted\datasets\Anomaly\273.png,defective,defective,0.99996,4e-05,0.99996,True,177,496,239,558
161,6.708,34,data\real\pharmaceutical_capsules\extracted\datasets\Normal\033.png,normal,normal,0.999738,0.999738,0.000262,True,657,137,719,199
161,6.708,35,data\real\pharmaceutical_capsules\extracted\datasets\Anomaly\071.png,defective,defective,0.999933,6.7e-05,0.999933,True,841,336,903,398
161,6.708,36,data\real\pharmaceutical_capsules\extracted\datasets\Normal\386.png,normal,normal,0.999792,0.999792,0.000208,True,398,488,460,550
162,6.75,1,data\real\pharmaceutical_capsules\extracted\datasets\Anomaly\316.png,defective,defective,0.999963,3.7e-05,0.999963,True,237,138,299,200
162,6.75,2,data\real\pharmaceutical_capsules\extracted\datasets\Normal\068.png,normal,normal,0.999773,0.999773,0.000227,True,1012,310,1074,372
162,6.75,3,data\real\pharmaceutical_capsules\extracted\datasets\Normal\149.png,normal,normal,0.999805,0.999805,0.000195,True,285,501,347,563
162,6.75,4,data\real\pharmaceutical_capsules\extracted\datasets\Anomaly\443.png,defective,defective,0.999923,7.7e-05,0.999923,True,1239,138,1279,200
162,6.75,5,data\real\pharmaceutical_capsules\extracted\datasets\Anomaly\221.png,defective,defective,0.999938,6.2e-05,0.999938,True,996,303,1058,365
162,6.75,6,data\real\pharmaceutical_capsules\extracted\datasets\Normal\012.png,normal,normal,0.992716,0.992716,0.007284,True,335,501,397,563
162,6.75,7,data\real\pharmaceutical_capsules\extracted\datasets\Anomaly\124.png,defective,defective,0.999966,3.4e-05,0.999966,True,0,154,56,216
162,6.75,8,data\real\pharmaceutical_capsules\extracted\datasets\Anomaly\192.png,defective,defective,0.999946,5.4e-05,0.999946,True,707,312,769,374
162,6.75,9,data\real\pharmaceutical_capsules\extracted\datasets\Normal\492.png,normal,normal,0.999762,0.999762,0.000238,True,1134,476,1196,538
162,6.75,10,data\real\pharmaceutical_capsules\extracted\datasets\Anomaly\351.png,defective,normal,0.671338,0.671338,0.328662,False,396,143,458,205
162,6.75,11,data\real\pharmaceutical_capsules\extracted\datasets\Normal\305.png,normal,normal,0.999814,0.999814,0.000186,True,822,324,884,386
162,6.75,12,data\real\pharmaceutical_capsules\extracted\datasets\Normal\082.png,normal,normal,0.999814,0.999814,0.000186,True,452,496,514,558
162,6.75,13,data\real\pharmaceutical_capsules\extracted\datasets\Normal\481.png,normal,normal,0.999822,0.999822,0.000178,True,664,161,726,223
162,6.75,14,data\real\pharmaceutical_capsules\extracted\datasets\Anomaly\455.png,defective,defective,0.99982,0.00018,0.99982,True,1074,325,1136,387
162,6.75,15,data\real\pharmaceutical_capsules\extracted\datasets\Normal\446.png,normal,normal,0.999598,0.999598,0.000402,True,320,469,382,531
162,6.75,16,data\real\pharmaceutical_capsules\extracted\datasets\Normal\067.png,normal,normal,0.999754,0.999754,0.000246,True,408,142,470,204
162,6.75,17,data\real\pharmaceutical_capsules\extracted\datasets\Normal\338.png,normal,normal,0.999837,0.999837,0.000163,True,528,326,590,388
162,6.75,18,data\real\pharmaceutical_capsules\extracted\datasets\Anomaly\140.png,defective,defective,0.99995,5e-05,0.99995,True,232,490,294,552
162,6.75,19,data\real\pharmaceutical_capsules\extracted\datasets\Anomaly\242.png,defective,defective,0.9999,0.0001,0.9999,True,1153,154,1215,216
162,6.75,20,data\real\pharmaceutical_capsules\extracted\datasets\Normal\158.png,normal,normal,0.999763,0.999763,0.000237,True,293,306,355,368
162,6.75,21,data\real\pharmaceutical_capsules\extracted\datasets\Anomaly\415.png,defective,defective,0.999412,0.000588,0.999412,True,918,482,980,544
162,6.75,22,data\real\pharmaceutical_capsules\extracted\datasets\Normal\427.png,normal,normal,0.99977,0.99977,0.00023,True,1184,151,1246,213
162,6.75,23,data\real\pharmaceutical_capsules\extracted\datasets\Normal\424.png,normal,normal,0.999628,0.999628,0.000372,True,497,305,559,367
162,6.75,24,data\real\pharmaceutical_capsules\extracted\datasets\Normal\443.png,normal,normal,0.99986,0.99986,0.00014,True,740,487,802,549
162,6.75,25,data\real\pharmaceutical_capsules\extracted\datasets\Anomaly\321.png,defective,defective,0.999956,4.4e-05,0.999956,True,783,157,845,219
162,6.75,26,data\real\pharmaceutical_capsules\extracted\datasets\Normal\403.png,normal,normal,0.999762,0.999762,0.000238,True,58,331,120,393
162,6.75,27,data\real\pharmaceutical_capsules\extracted\datasets\Anomaly\459.png,defective,defective,0.99997,3e-05,0.99997,True,877,501,939,563
162,6.75,28,data\real\pharmaceutical_capsules\extracted\datasets\Anomaly\137.png,defective,defective,0.999974,2.6e-05,0.999974,True,167,162,229,224
162,6.75,29,data\real\pharmaceutical_capsules\extracted\datasets\Anomaly\587.png,defective,defective,0.99997,3e-05,0.99997,True,695,310,757,372
162,6.75,30,data\real\pharmaceutical_capsules\extracted\datasets\Normal\440.png,normal,normal,0.99979,0.99979,0.00021,True,815,470,877,532
162,6.75,31,data\real\pharmaceutical_capsules\extracted\datasets\Anomaly\469.png,defective,defective,0.999943,5.7e-05,0.999943,True,894,147,956,209
162,6.75,32,data\real\pharmaceutical_capsules\extracted\datasets\Anomaly\094.png,defective,defective,0.999814,0.000186,0.999814,True,1239,306,1279,368
162,6.75,33,data\real\pharmaceutical_capsules\extracted\datasets\Anomaly\273.png,defective,defective,0.99996,4e-05,0.99996,True,181,496,243,558
162,6.75,34,data\real\pharmaceutical_capsules\extracted\datasets\Normal\033.png,normal,normal,0.999738,0.999738,0.000262,True,661,137,723,199
162,6.75,35,data\real\pharmaceutical_capsules\extracted\datasets\Anomaly\071.png,defective,defective,0.999933,6.7e-05,0.999933,True,845,336,907,398
162,6.75,36,data\real\pharmaceutical_capsules\extracted\datasets\Normal\386.png,normal,normal,0.999792,0.999792,0.000208,True,402,488,464,550
163,6.792,1,data\real\pharmaceutical_capsules\extracted\datasets\Anomaly\316.png,defective,defective,0.999963,3.7e-05,0.999963,True,241,138,303,200
163,6.792,2,data\real\pharmaceutical_capsules\extracted\datasets\Normal\068.png,normal,normal,0.999773,0.999773,0.000227,True,1016,310,1078,372
163,6.792,3,data\real\pharmaceutical_capsules\extracted\datasets\Normal\149.png,normal,normal,0.999805,0.999805,0.000195,True,289,501,351,563
163,6.792,4,data\real\pharmaceutical_capsules\extracted\datasets\Anomaly\443.png,defective,defective,0.999923,7.7e-05,0.999923,True,1243,138,1279,200
163,6.792,5,data\real\pharmaceutical_capsules\extracted\datasets\Anomaly\221.png,defective,defective,0.999938,6.2e-05,0.999938,True,1001,303,1063,365
163,6.792,6,data\real\pharmaceutical_capsules\extracted\datasets\Normal\012.png,normal,normal,0.992716,0.992716,0.007284,True,340,501,402,563
163,6.792,7,data\real\pharmaceutical_capsules\extracted\datasets\Anomaly\124.png,defective,defective,0.999966,3.4e-05,0.999966,True,0,154,61,216
163,6.792,8,data\real\pharmaceutical_capsules\extracted\datasets\Anomaly\192.png,defective,defective,0.999946,5.4e-05,0.999946,True,711,312,773,374
163,6.792,9,data\real\pharmaceutical_capsules\extracted\datasets\Normal\492.png,normal,normal,0.999762,0.999762,0.000238,True,1139,476,1201,538
163,6.792,10,data\real\pharmaceutical_capsules\extracted\datasets\Anomaly\351.png,defective,normal,0.671338,0.671338,0.328662,False,400,143,462,205
163,6.792,11,data\real\pharmaceutical_capsules\extracted\datasets\Normal\305.png,normal,normal,0.999814,0.999814,0.000186,True,827,324,889,386
163,6.792,12,data\real\pharmaceutical_capsules\extracted\datasets\Normal\082.png,normal,normal,0.999814,0.999814,0.000186,True,456,496,518,558
163,6.792,13,data\real\pharmaceutical_capsules\extracted\datasets\Normal\481.png,normal,normal,0.999822,0.999822,0.000178,True,669,161,731,223
163,6.792,14,data\real\pharmaceutical_capsules\extracted\datasets\Anomaly\455.png,defective,defective,0.99982,0.00018,0.99982,True,1078,325,1140,387
163,6.792,15,data\real\pharmaceutical_capsules\extracted\datasets\Normal\446.png,normal,normal,0.999598,0.999598,0.000402,True,325,469,387,531
163,6.792,16,data\real\pharmaceutical_capsules\extracted\datasets\Normal\067.png,normal,normal,0.999754,0.999754,0.000246,True,413,142,475,204
163,6.792,17,data\real\pharmaceutical_capsules\extracted\datasets\Normal\338.png,normal,normal,0.999837,0.999837,0.000163,True,532,326,594,388
163,6.792,18,data\real\pharmaceutical_capsules\extracted\datasets\Anomaly\140.png,defective,defective,0.99995,5e-05,0.99995,True,237,490,299,552
163,6.792,19,data\real\pharmaceutical_capsules\extracted\datasets\Anomaly\242.png,defective,defective,0.9999,0.0001,0.9999,True,1158,154,1220,216
163,6.792,20,data\real\pharmaceutical_capsules\extracted\datasets\Normal\158.png,normal,normal,0.999763,0.999763,0.000237,True,298,306,360,368
163,6.792,21,data\real\pharmaceutical_capsules\extracted\datasets\Anomaly\415.png,defective,defective,0.999412,0.000588,0.999412,True,922,482,984,544
163,6.792,22,data\real\pharmaceutical_capsules\extracted\datasets\Normal\427.png,normal,normal,0.99977,0.99977,0.00023,True,1189,151,1251,213
163,6.792,23,data\real\pharmaceutical_capsules\extracted\datasets\Normal\424.png,normal,normal,0.999628,0.999628,0.000372,True,502,305,564,367
163,6.792,24,data\real\pharmaceutical_capsules\extracted\datasets\Normal\443.png,normal,normal,0.99986,0.99986,0.00014,True,744,487,806,549
163,6.792,25,data\real\pharmaceutical_capsules\extracted\datasets\Anomaly\321.png,defective,defective,0.999956,4.4e-05,0.999956,True,788,157,850,219
163,6.792,26,data\real\pharmaceutical_capsules\extracted\datasets\Normal\403.png,normal,normal,0.999762,0.999762,0.000238,True,62,331,124,393
163,6.792,27,data\real\pharmaceutical_capsules\extracted\datasets\Anomaly\459.png,defective,defective,0.99997,3e-05,0.99997,True,882,501,944,563
163,6.792,28,data\real\pharmaceutical_capsules\extracted\datasets\Anomaly\137.png,defective,defective,0.999974,2.6e-05,0.999974,True,171,162,233,224
163,6.792,29,data\real\pharmaceutical_capsules\extracted\datasets\Anomaly\587.png,defective,defective,0.99997,3e-05,0.99997,True,700,310,762,372
163,6.792,30,data\real\pharmaceutical_capsules\extracted\datasets\Normal\440.png,normal,normal,0.99979,0.99979,0.00021,True,819,470,881,532
163,6.792,31,data\real\pharmaceutical_capsules\extracted\datasets\Anomaly\469.png,defective,defective,0.999943,5.7e-05,0.999943,True,899,147,961,209
163,6.792,32,data\real\pharmaceutical_capsules\extracted\datasets\Anomaly\094.png,defective,defective,0.999814,0.000186,0.999814,True,1243,306,1279,368
163,6.792,33,data\real\pharmaceutical_capsules\extracted\datasets\Anomaly\273.png,defective,defective,0.99996,4e-05,0.99996,True,186,496,248,558
163,6.792,34,data\real\pharmaceutical_capsules\extracted\datasets\Normal\033.png,normal,normal,0.999738,0.999738,0.000262,True,666,137,728,199
163,6.792,35,data\real\pharmaceutical_capsules\extracted\datasets\Anomaly\071.png,defective,defective,0.999933,6.7e-05,0.999933,True,850,336,912,398
163,6.792,36,data\real\pharmaceutical_capsules\extracted\datasets\Normal\386.png,normal,normal,0.999792,0.999792,0.000208,True,407,488,469,550
164,6.833,1,data\real\pharmaceutical_capsules\extracted\datasets\Anomaly\316.png,defective,defective,0.999963,3.7e-05,0.999963,True,246,138,308,200
164,6.833,2,data\real\pharmaceutical_capsules\extracted\datasets\Normal\068.png,normal,normal,0.999773,0.999773,0.000227,True,1021,310,1083,372
164,6.833,3,data\real\pharmaceutical_capsules\extracted\datasets\Normal\149.png,normal,normal,0.999805,0.999805,0.000195,True,294,501,356,563
164,6.833,4,data\real\pharmaceutical_capsules\extracted\datasets\Anomaly\443.png,defective,defective,0.999923,7.7e-05,0.999923,True,1248,138,1279,200
164,6.833,5,data\real\pharmaceutical_capsules\extracted\datasets\Anomaly\221.png,defective,defective,0.999938,6.2e-05,0.999938,True,1005,303,1067,365
164,6.833,6,data\real\pharmaceutical_capsules\extracted\datasets\Normal\012.png,normal,normal,0.992716,0.992716,0.007284,True,344,501,406,563
164,6.833,7,data\real\pharmaceutical_capsules\extracted\datasets\Anomaly\124.png,defective,defective,0.999966,3.4e-05,0.999966,True,2,154,64,216
164,6.833,8,data\real\pharmaceutical_capsules\extracted\datasets\Anomaly\192.png,defective,defective,0.999946,5.4e-05,0.999946,True,716,312,778,374
164,6.833,9,data\real\pharmaceutical_capsules\extracted\datasets\Normal\492.png,normal,normal,0.999762,0.999762,0.000238,True,1143,476,1205,538
164,6.833,10,data\real\pharmaceutical_capsules\extracted\datasets\Anomaly\351.png,defective,normal,0.671338,0.671338,0.328662,False,405,143,467,205
164,6.833,11,data\real\pharmaceutical_capsules\extracted\datasets\Normal\305.png,normal,normal,0.999814,0.999814,0.000186,True,831,324,893,386
164,6.833,12,data\real\pharmaceutical_capsules\extracted\datasets\Normal\082.png,normal,normal,0.999814,0.999814,0.000186,True,461,496,523,558
164,6.833,13,data\real\pharmaceutical_capsules\extracted\datasets\Normal\481.png,normal,normal,0.999822,0.999822,0.000178,True,673,161,735,223
164,6.833,14,data\real\pharmaceutical_capsules\extracted\datasets\Anomaly\455.png,defective,defective,0.99982,0.00018,0.99982,True,1083,325,1145,387
164,6.833,15,data\real\pharmaceutical_capsules\extracted\datasets\Normal\446.png,normal,normal,0.999598,0.999598,0.000402,True,329,469,391,531
164,6.833,16,data\real\pharmaceutical_capsules\extracted\datasets\Normal\067.png,normal,normal,0.999754,0.999754,0.000246,True,417,142,479,204
164,6.833,17,data\real\pharmaceutical_capsules\extracted\datasets\Normal\338.png,normal,normal,0.999837,0.999837,0.000163,True,537,326,599,388
164,6.833,18,data\real\pharmaceutical_capsules\extracted\datasets\Anomaly\140.png,defective,defective,0.99995,5e-05,0.99995,True,241,490,303,552
164,6.833,19,data\real\pharmaceutical_capsules\extracted\datasets\Anomaly\242.png,defective,defective,0.9999,0.0001,0.9999,True,1162,154,1224,216
164,6.833,20,data\real\pharmaceutical_capsules\extracted\datasets\Normal\158.png,normal,normal,0.999763,0.999763,0.000237,True,302,306,364,368
164,6.833,21,data\real\pharmaceutical_capsules\extracted\datasets\Anomaly\415.png,defective,defective,0.999412,0.000588,0.999412,True,927,482,989,544
164,6.833,22,data\real\pharmaceutical_capsules\extracted\datasets\Normal\427.png,normal,normal,0.99977,0.99977,0.00023,True,1193,151,1255,213
164,6.833,23,data\real\pharmaceutical_capsules\extracted\datasets\Normal\424.png,normal,normal,0.999628,0.999628,0.000372,True,506,305,568,367
164,6.833,24,data\real\pharmaceutical_capsules\extracted\datasets\Normal\443.png,normal,normal,0.99986,0.99986,0.00014,True,749,487,811,549
164,6.833,25,data\real\pharmaceutical_capsules\extracted\datasets\Anomaly\321.png,defective,defective,0.999956,4.4e-05,0.999956,True,792,157,854,219
164,6.833,26,data\real\pharmaceutical_capsules\extracted\datasets\Normal\403.png,normal,normal,0.999762,0.999762,0.000238,True,67,331,129,393
164,6.833,27,data\real\pharmaceutical_capsules\extracted\datasets\Anomaly\459.png,defective,defective,0.99997,3e-05,0.99997,True,886,501,948,563
164,6.833,28,data\real\pharmaceutical_capsules\extracted\datasets\Anomaly\137.png,defective,defective,0.999974,2.6e-05,0.999974,True,176,162,238,224
164,6.833,29,data\real\pharmaceutical_capsules\extracted\datasets\Anomaly\587.png,defective,defective,0.99997,3e-05,0.99997,True,704,310,766,372
164,6.833,30,data\real\pharmaceutical_capsules\extracted\datasets\Normal\440.png,normal,normal,0.99979,0.99979,0.00021,True,824,470,886,532
164,6.833,31,data\real\pharmaceutical_capsules\extracted\datasets\Anomaly\469.png,defective,defective,0.999943,5.7e-05,0.999943,True,903,147,965,209
164,6.833,32,data\real\pharmaceutical_capsules\extracted\datasets\Anomaly\094.png,defective,defective,0.999814,0.000186,0.999814,True,1248,306,1279,368
164,6.833,33,data\real\pharmaceutical_capsules\extracted\datasets\Anomaly\273.png,defective,defective,0.99996,4e-05,0.99996,True,190,496,252,558
164,6.833,34,data\real\pharmaceutical_capsules\extracted\datasets\Normal\033.png,normal,normal,0.999738,0.999738,0.000262,True,670,137,732,199
164,6.833,35,data\real\pharmaceutical_capsules\extracted\datasets\Anomaly\071.png,defective,defective,0.999933,6.7e-05,0.999933,True,854,336,916,398
164,6.833,36,data\real\pharmaceutical_capsules\extracted\datasets\Normal\386.png,normal,normal,0.999792,0.999792,0.000208,True,411,488,473,550
165,6.875,1,data\real\pharmaceutical_capsules\extracted\datasets\Anomaly\316.png,defective,defective,0.999963,3.7e-05,0.999963,True,250,138,312,200
165,6.875,2,data\real\pharmaceutical_capsules\extracted\datasets\Normal\068.png,normal,normal,0.999773,0.999773,0.000227,True,1025,310,1087,372
165,6.875,3,data\real\pharmaceutical_capsules\extracted\datasets\Normal\149.png,normal,normal,0.999805,0.999805,0.000195,True,298,501,360,563
165,6.875,4,data\real\pharmaceutical_capsules\extracted\datasets\Anomaly\443.png,defective,defective,0.999923,7.7e-05,0.999923,True,0,138,35,200
165,6.875,5,data\real\pharmaceutical_capsules\extracted\datasets\Anomaly\221.png,defective,defective,0.999938,6.2e-05,0.999938,True,1010,303,1072,365
165,6.875,6,data\real\pharmaceutical_capsules\extracted\datasets\Normal\012.png,normal,normal,0.992716,0.992716,0.007284,True,349,501,411,563
165,6.875,7,data\real\pharmaceutical_capsules\extracted\datasets\Anomaly\124.png,defective,defective,0.999966,3.4e-05,0.999966,True,7,154,69,216
165,6.875,8,data\real\pharmaceutical_capsules\extracted\datasets\Anomaly\192.png,defective,defective,0.999946,5.4e-05,0.999946,True,720,312,782,374
165,6.875,9,data\real\pharmaceutical_capsules\extracted\datasets\Normal\492.png,normal,normal,0.999762,0.999762,0.000238,True,1148,476,1210,538
165,6.875,10,data\real\pharmaceutical_capsules\extracted\datasets\Anomaly\351.png,defective,normal,0.671338,0.671338,0.328662,False,409,143,471,205
165,6.875,11,data\real\pharmaceutical_capsules\extracted\datasets\Normal\305.png,normal,normal,0.999814,0.999814,0.000186,True,836,324,898,386
165,6.875,12,data\real\pharmaceutical_capsules\extracted\datasets\Normal\082.png,normal,normal,0.999814,0.999814,0.000186,True,465,496,527,558
165,6.875,13,data\real\pharmaceutical_capsules\extracted\datasets\Normal\481.png,normal,normal,0.999822,0.999822,0.000178,True,678,161,740,223
165,6.875,14,data\real\pharmaceutical_capsules\extracted\datasets\Anomaly\455.png,defective,defective,0.99982,0.00018,0.99982,True,1087,325,1149,387
165,6.875,15,data\real\pharmaceutical_capsules\extracted\datasets\Normal\446.png,normal,normal,0.999598,0.999598,0.000402,True,334,469,396,531
165,6.875,16,data\real\pharmaceutical_capsules\extracted\datasets\Normal\067.png,normal,normal,0.999754,0.999754,0.000246,True,422,142,484,204
165,6.875,17,data\real\pharmaceutical_capsules\extracted\datasets\Normal\338.png,normal,normal,0.999837,0.999837,0.000163,True,541,326,603,388
165,6.875,18,data\real\pharmaceutical_capsules\extracted\datasets\Anomaly\140.png,defective,defective,0.99995,5e-05,0.99995,True,246,490,308,552
165,6.875,19,data\real\pharmaceutical_capsules\extracted\datasets\Anomaly\242.png,defective,defective,0.9999,0.0001,0.9999,True,1167,154,1229,216
165,6.875,20,data\real\pharmaceutical_capsules\extracted\datasets\Normal\158.png,normal,normal,0.999763,0.999763,0.000237,True,307,306,369,368
165,6.875,21,data\real\pharmaceutical_capsules\extracted\datasets\Anomaly\415.png,defective,defective,0.999412,0.000588,0.999412,True,931,482,993,544
165,6.875,22,data\real\pharmaceutical_capsules\extracted\datasets\Normal\427.png,normal,normal,0.99977,0.99977,0.00023,True,1198,151,1260,213
165,6.875,23,data\real\pharmaceutical_capsules\extracted\datasets\Normal\424.png,normal,normal,0.999628,0.999628,0.000372,True,511,305,573,367
165,6.875,24,data\real\pharmaceutical_capsules\extracted\datasets\Normal\443.png,normal,normal,0.99986,0.99986,0.00014,True,753,487,815,549
165,6.875,25,data\real\pharmaceutical_capsules\extracted\datasets\Anomaly\321.png,defective,defective,0.999956,4.4e-05,0.999956,True,797,157,859,219
165,6.875,26,data\real\pharmaceutical_capsules\extracted\datasets\Normal\403.png,normal,normal,0.999762,0.999762,0.000238,True,71,331,133,393
165,6.875,27,data\real\pharmaceutical_capsules\extracted\datasets\Anomaly\459.png,defective,defective,0.99997,3e-05,0.99997,True,891,501,953,563
165,6.875,28,data\real\pharmaceutical_capsules\extracted\datasets\Anomaly\137.png,defective,defective,0.999974,2.6e-05,0.999974,True,180,162,242,224
165,6.875,29,data\real\pharmaceutical_capsules\extracted\datasets\Anomaly\587.png,defective,defective,0.99997,3e-05,0.99997,True,709,310,771,372
165,6.875,30,data\real\pharmaceutical_capsules\extracted\datasets\Normal\440.png,normal,normal,0.99979,0.99979,0.00021,True,828,470,890,532
165,6.875,31,data\real\pharmaceutical_capsules\extracted\datasets\Anomaly\469.png,defective,defective,0.999943,5.7e-05,0.999943,True,908,147,970,209
165,6.875,32,data\real\pharmaceutical_capsules\extracted\datasets\Anomaly\094.png,defective,defective,0.999814,0.000186,0.999814,True,0,306,35,368
165,6.875,33,data\real\pharmaceutical_capsules\extracted\datasets\Anomaly\273.png,defective,defective,0.99996,4e-05,0.99996,True,195,496,257,558
165,6.875,34,data\real\pharmaceutical_capsules\extracted\datasets\Normal\033.png,normal,normal,0.999738,0.999738,0.000262,True,675,137,737,199
165,6.875,35,data\real\pharmaceutical_capsules\extracted\datasets\Anomaly\071.png,defective,defective,0.999933,6.7e-05,0.999933,True,859,336,921,398
165,6.875,36,data\real\pharmaceutical_capsules\extracted\datasets\Normal\386.png,normal,normal,0.999792,0.999792,0.000208,True,416,488,478,550
166,6.917,1,data\real\pharmaceutical_capsules\extracted\datasets\Anomaly\316.png,defective,defective,0.999963,3.7e-05,0.999963,True,255,138,317,200
166,6.917,2,data\real\pharmaceutical_capsules\extracted\datasets\Normal\068.png,normal,normal,0.999773,0.999773,0.000227,True,1030,310,1092,372
166,6.917,3,data\real\pharmaceutical_capsules\extracted\datasets\Normal\149.png,normal,normal,0.999805,0.999805,0.000195,True,303,501,365,563
166,6.917,4,data\real\pharmaceutical_capsules\extracted\datasets\Anomaly\443.png,defective,defective,0.999923,7.7e-05,0.999923,True,0,138,40,200
166,6.917,5,data\real\pharmaceutical_capsules\extracted\datasets\Anomaly\221.png,defective,defective,0.999938,6.2e-05,0.999938,True,1014,303,1076,365
166,6.917,6,data\real\pharmaceutical_capsules\extracted\datasets\Normal\012.png,normal,normal,0.992716,0.992716,0.007284,True,353,501,415,563
166,6.917,7,data\real\pharmaceutical_capsules\extracted\datasets\Anomaly\124.png,defective,defective,0.999966,3.4e-05,0.999966,True,11,154,73,216
166,6.917,8,data\real\pharmaceutical_capsules\extracted\datasets\Anomaly\192.png,defective,defective,0.999946,5.4e-05,0.999946,True,725,312,787,374
166,6.917,9,data\real\pharmaceutical_capsules\extracted\datasets\Normal\492.png,normal,normal,0.999762,0.999762,0.000238,True,1152,476,1214,538
166,6.917,10,data\real\pharmaceutical_capsules\extracted\datasets\Anomaly\351.png,defective,normal,0.671338,0.671338,0.328662,False,414,143,476,205
166,6.917,11,data\real\pharmaceutical_capsules\extracted\datasets\Normal\305.png,normal,normal,0.999814,0.999814,0.000186,True,840,324,902,386
166,6.917,12,data\real\pharmaceutical_capsules\extracted\datasets\Normal\082.png,normal,normal,0.999814,0.999814,0.000186,True,470,496,532,558
166,6.917,13,data\real\pharmaceutical_capsules\extracted\datasets\Normal\481.png,normal,normal,0.999822,0.999822,0.000178,True,682,161,744,223
166,6.917,14,data\real\pharmaceutical_capsules\extracted\datasets\Anomaly\455.png,defective,defective,0.99982,0.00018,0.99982,True,1092,325,1154,387
166,6.917,15,data\real\pharmaceutical_capsules\extracted\datasets\Normal\446.png,normal,normal,0.999598,0.999598,0.000402,True,338,469,400,531
166,6.917,16,data\real\pharmaceutical_capsules\extracted\datasets\Normal\067.png,normal,normal,0.999754,0.999754,0.000246,True,426,142,488,204
166,6.917,17,data\real\pharmaceutical_capsules\extracted\datasets\Normal\338.png,normal,normal,0.999837,0.999837,0.000163,True,546,326,608,388
166,6.917,18,data\real\pharmaceutical_capsules\extracted\datasets\Anomaly\140.png,defective,defective,0.99995,5e-05,0.99995,True,250,490,312,552
166,6.917,19,data\real\pharmaceutical_capsules\extracted\datasets\Anomaly\242.png,defective,defective,0.9999,0.0001,0.9999,True,1171,154,1233,216
166,6.917,20,data\real\pharmaceutical_capsules\extracted\datasets\Normal\158.png,normal,normal,0.999763,0.999763,0.000237,True,311,306,373,368
166,6.917,21,data\real\pharmaceutical_capsules\extracted\datasets\Anomaly\415.png,defective,defective,0.999412,0.000588,0.999412,True,936,482,998,544
166,6.917,22,data\real\pharmaceutical_capsules\extracted\datasets\Normal\427.png,normal,normal,0.99977,0.99977,0.00023,True,1202,151,1264,213
166,6.917,23,data\real\pharmaceutical_capsules\extracted\datasets\Normal\424.png,normal,normal,0.999628,0.999628,0.000372,True,515,305,577,367
166,6.917,24,data\real\pharmaceutical_capsules\extracted\datasets\Normal\443.png,normal,normal,0.99986,0.99986,0.00014,True,758,487,820,549
166,6.917,25,data\real\pharmaceutical_capsules\extracted\datasets\Anomaly\321.png,defective,defective,0.999956,4.4e-05,0.999956,True,801,157,863,219
166,6.917,26,data\real\pharmaceutical_capsules\extracted\datasets\Normal\403.png,normal,normal,0.999762,0.999762,0.000238,True,76,331,138,393
166,6.917,27,data\real\pharmaceutical_capsules\extracted\datasets\Anomaly\459.png,defective,defective,0.99997,3e-05,0.99997,True,895,501,957,563
166,6.917,28,data\real\pharmaceutical_capsules\extracted\datasets\Anomaly\137.png,defective,defective,0.999974,2.6e-05,0.999974,True,185,162,247,224
166,6.917,29,data\real\pharmaceutical_capsules\extracted\datasets\Anomaly\587.png,defective,defective,0.99997,3e-05,0.99997,True,713,310,775,372
166,6.917,30,data\real\pharmaceutical_capsules\extracted\datasets\Normal\440.png,normal,normal,0.99979,0.99979,0.00021,True,833,470,895,532
166,6.917,31,data\real\pharmaceutical_capsules\extracted\datasets\Anomaly\469.png,defective,defective,0.999943,5.7e-05,0.999943,True,912,147,974,209
166,6.917,32,data\real\pharmaceutical_capsules\extracted\datasets\Anomaly\094.png,defective,defective,0.999814,0.000186,0.999814,True,0,306,40,368
166,6.917,33,data\real\pharmaceutical_capsules\extracted\datasets\Anomaly\273.png,defective,defective,0.99996,4e-05,0.99996,True,199,496,261,558
166,6.917,34,data\real\pharmaceutical_capsules\extracted\datasets\Normal\033.png,normal,normal,0.999738,0.999738,0.000262,True,679,137,741,199
166,6.917,35,data\real\pharmaceutical_capsules\extracted\datasets\Anomaly\071.png,defective,defective,0.999933,6.7e-05,0.999933,True,863,336,925,398
166,6.917,36,data\real\pharmaceutical_capsules\extracted\datasets\Normal\386.png,normal,normal,0.999792,0.999792,0.000208,True,420,488,482,550
167,6.958,1,data\real\pharmaceutical_capsules\extracted\datasets\Anomaly\316.png,defective,defective,0.999963,3.7e-05,0.999963,True,259,138,321,200
167,6.958,2,data\real\pharmaceutical_capsules\extracted\datasets\Normal\068.png,normal,normal,0.999773,0.999773,0.000227,True,1034,310,1096,372
167,6.958,3,data\real\pharmaceutical_capsules\extracted\datasets\Normal\149.png,normal,normal,0.999805,0.999805,0.000195,True,307,501,369,563
167,6.958,4,data\real\pharmaceutical_capsules\extracted\datasets\Anomaly\443.png,defective,defective,0.999923,7.7e-05,0.999923,True,0,138,44,200
167,6.958,5,data\real\pharmaceutical_capsules\extracted\datasets\Anomaly\221.png,defective,defective,0.999938,6.2e-05,0.999938,True,1019,303,1081,365
167,6.958,6,data\real\pharmaceutical_capsules\extracted\datasets\Normal\012.png,normal,normal,0.992716,0.992716,0.007284,True,358,501,420,563
167,6.958,7,data\real\pharmaceutical_capsules\extracted\datasets\Anomaly\124.png,defective,defective,0.999966,3.4e-05,0.999966,True,16,154,78,216
167,6.958,8,data\real\pharmaceutical_capsules\extracted\datasets\Anomaly\192.png,defective,defective,0.999946,5.4e-05,0.999946,True,729,312,791,374
167,6.958,9,data\real\pharmaceutical_capsules\extracted\datasets\Normal\492.png,normal,normal,0.999762,0.999762,0.000238,True,1157,476,1219,538
167,6.958,10,data\real\pharmaceutical_capsules\extracted\datasets\Anomaly\351.png,defective,normal,0.671338,0.671338,0.328662,False,418,143,480,205
167,6.958,11,data\real\pharmaceutical_capsules\extracted\datasets\Normal\305.png,normal,normal,0.999814,0.999814,0.000186,True,845,324,907,386
167,6.958,12,data\real\pharmaceutical_capsules\extracted\datasets\Normal\082.png,normal,normal,0.999814,0.999814,0.000186,True,474,496,536,558
167,6.958,13,data\real\pharmaceutical_capsules\extracted\datasets\Normal\481.png,normal,normal,0.999822,0.999822,0.000178,True,687,161,749,223
167,6.958,14,data\real\pharmaceutical_capsules\extracted\datasets\Anomaly\455.png,defective,defective,0.99982,0.00018,0.99982,True,1096,325,1158,387
167,6.958,15,data\real\pharmaceutical_capsules\extracted\datasets\Normal\446.png,normal,normal,0.999598,0.999598,0.000402,True,343,469,405,531
167,6.958,16,data\real\pharmaceutical_capsules\extracted\datasets\Normal\067.png,normal,normal,0.999754,0.999754,0.000246,True,431,142,493,204
167,6.958,17,data\real\pharmaceutical_capsules\extracted\datasets\Normal\338.png,normal,normal,0.999837,0.999837,0.000163,True,550,326,612,388
167,6.958,18,data\real\pharmaceutical_capsules\extracted\datasets\Anomaly\140.png,defective,defective,0.99995,5e-05,0.99995,True,255,490,317,552
167,6.958,19,data\real\pharmaceutical_capsules\extracted\datasets\Anomaly\242.png,defective,defective,0.9999,0.0001,0.9999,True,1176,154,1238,216
167,6.958,20,data\real\pharmaceutical_capsules\extracted\datasets\Normal\158.png,normal,normal,0.999763,0.999763,0.000237,True,316,306,378,368
167,6.958,21,data\real\pharmaceutical_capsules\extracted\datasets\Anomaly\415.png,defective,defective,0.999412,0.000588,0.999412,True,940,482,1002,544
167,6.958,22,data\real\pharmaceutical_capsules\extracted\datasets\Normal\427.png,normal,normal,0.99977,0.99977,0.00023,True,1207,151,1269,213
167,6.958,23,data\real\pharmaceutical_capsules\extracted\datasets\Normal\424.png,normal,normal,0.999628,0.999628,0.000372,True,520,305,582,367
167,6.958,24,data\real\pharmaceutical_capsules\extracted\datasets\Normal\443.png,normal,normal,0.99986,0.99986,0.00014,True,762,487,824,549
167,6.958,25,data\real\pharmaceutical_capsules\extracted\datasets\Anomaly\321.png,defective,defective,0.999956,4.4e-05,0.999956,True,806,157,868,219
167,6.958,26,data\real\pharmaceutical_capsules\extracted\datasets\Normal\403.png,normal,normal,0.999762,0.999762,0.000238,True,80,331,142,393
167,6.958,27,data\real\pharmaceutical_capsules\extracted\datasets\Anomaly\459.png,defective,defective,0.99997,3e-05,0.99997,True,900,501,962,563
167,6.958,28,data\real\pharmaceutical_capsules\extracted\datasets\Anomaly\137.png,defective,defective,0.999974,2.6e-05,0.999974,True,189,162,251,224
167,6.958,29,data\real\pharmaceutical_capsules\extracted\datasets\Anomaly\587.png,defective,defective,0.99997,3e-05,0.99997,True,718,310,780,372
167,6.958,30,data\real\pharmaceutical_capsules\extracted\datasets\Normal\440.png,normal,normal,0.99979,0.99979,0.00021,True,837,470,899,532
167,6.958,31,data\real\pharmaceutical_capsules\extracted\datasets\Anomaly\469.png,defective,defective,0.999943,5.7e-05,0.999943,True,917,147,979,209
167,6.958,32,data\real\pharmaceutical_capsules\extracted\datasets\Anomaly\094.png,defective,defective,0.999814,0.000186,0.999814,True,0,306,44,368
167,6.958,33,data\real\pharmaceutical_capsules\extracted\datasets\Anomaly\273.png,defective,defective,0.99996,4e-05,0.99996,True,204,496,266,558
167,6.958,34,data\real\pharmaceutical_capsules\extracted\datasets\Normal\033.png,normal,normal,0.999738,0.999738,0.000262,True,684,137,746,199
167,6.958,35,data\real\pharmaceutical_capsules\extracted\datasets\Anomaly\071.png,defective,defective,0.999933,6.7e-05,0.999933,True,868,336,930,398
167,6.958,36,data\real\pharmaceutical_capsules\extracted\datasets\Normal\386.png,normal,normal,0.999792,0.999792,0.000208,True,425,488,487,550
168,7.0,1,data\real\pharmaceutical_capsules\extracted\datasets\Anomaly\316.png,defective,defective,0.999963,3.7e-05,0.999963,True,264,138,326,200
168,7.0,2,data\real\pharmaceutical_capsules\extracted\datasets\Normal\068.png,normal,normal,0.999773,0.999773,0.000227,True,1039,310,1101,372
168,7.0,3,data\real\pharmaceutical_capsules\extracted\datasets\Normal\149.png,normal,normal,0.999805,0.999805,0.000195,True,312,501,374,563
168,7.0,4,data\real\pharmaceutical_capsules\extracted\datasets\Anomaly\443.png,defective,defective,0.999923,7.7e-05,0.999923,True,0,138,49,200
168,7.0,5,data\real\pharmaceutical_capsules\extracted\datasets\Anomaly\221.png,defective,defective,0.999938,6.2e-05,0.999938,True,1023,303,1085,365
168,7.0,6,data\real\pharmaceutical_capsules\extracted\datasets\Normal\012.png,normal,normal,0.992716,0.992716,0.007284,True,362,501,424,563
168,7.0,7,data\real\pharmaceutical_capsules\extracted\datasets\Anomaly\124.png,defective,defective,0.999966,3.4e-05,0.999966,True,20,154,82,216
168,7.0,8,data\real\pharmaceutical_capsules\extracted\datasets\Anomaly\192.png,defective,defective,0.999946,5.4e-05,0.999946,True,734,312,796,374
168,7.0,9,data\real\pharmaceutical_capsules\extracted\datasets\Normal\492.png,normal,normal,0.999762,0.999762,0.000238,True,1161,476,1223,538
168,7.0,10,data\real\pharmaceutical_capsules\extracted\datasets\Anomaly\351.png,defective,normal,0.671338,0.671338,0.328662,False,423,143,485,205
168,7.0,11,data\real\pharmaceutical_capsules\extracted\datasets\Normal\305.png,normal,normal,0.999814,0.999814,0.000186,True,849,324,911,386
168,7.0,12,data\real\pharmaceutical_capsules\extracted\datasets\Normal\082.png,normal,normal,0.999814,0.999814,0.000186,True,479,496,541,558
168,7.0,13,data\real\pharmaceutical_capsules\extracted\datasets\Normal\481.png,normal,normal,0.999822,0.999822,0.000178,True,691,161,753,223
168,7.0,14,data\real\pharmaceutical_capsules\extracted\datasets\Anomaly\455.png,defective,defective,0.99982,0.00018,0.99982,True,1101,325,1163,387
168,7.0,15,data\real\pharmaceutical_capsules\extracted\datasets\Normal\446.png,normal,normal,0.999598,0.999598,0.000402,True,347,469,409,531
168,7.0,16,data\real\pharmaceutical_capsules\extracted\datasets\Normal\067.png,normal,normal,0.999754,0.999754,0.000246,True,435,142,497,204
168,7.0,17,data\real\pharmaceutical_capsules\extracted\datasets\Normal\338.png,normal,normal,0.999837,0.999837,0.000163,True,555,326,617,388
168,7.0,18,data\real\pharmaceutical_capsules\extracted\datasets\Anomaly\140.png,defective,defective,0.99995,5e-05,0.99995,True,259,490,321,552
168,7.0,19,data\real\pharmaceutical_capsules\extracted\datasets\Anomaly\242.png,defective,defective,0.9999,0.0001,0.9999,True,1180,154,1242,216
168,7.0,20,data\real\pharmaceutical_capsules\extracted\datasets\Normal\158.png,normal,normal,0.999763,0.999763,0.000237,True,320,306,382,368
168,7.0,21,data\real\pharmaceutical_capsules\extracted\datasets\Anomaly\415.png,defective,defective,0.999412,0.000588,0.999412,True,945,482,1007,544
168,7.0,22,data\real\pharmaceutical_capsules\extracted\datasets\Normal\427.png,normal,normal,0.99977,0.99977,0.00023,True,1211,151,1273,213
168,7.0,23,data\real\pharmaceutical_capsules\extracted\datasets\Normal\424.png,normal,normal,0.999628,0.999628,0.000372,True,524,305,586,367
168,7.0,24,data\real\pharmaceutical_capsules\extracted\datasets\Normal\443.png,normal,normal,0.99986,0.99986,0.00014,True,767,487,829,549
168,7.0,25,data\real\pharmaceutical_capsules\extracted\datasets\Anomaly\321.png,defective,defective,0.999956,4.4e-05,0.999956,True,810,157,872,219
168,7.0,26,data\real\pharmaceutical_capsules\extracted\datasets\Normal\403.png,normal,normal,0.999762,0.999762,0.000238,True,85,331,147,393
168,7.0,27,data\real\pharmaceutical_capsules\extracted\datasets\Anomaly\459.png,defective,defective,0.99997,3e-05,0.99997,True,904,501,966,563
168,7.0,28,data\real\pharmaceutical_capsules\extracted\datasets\Anomaly\137.png,defective,defective,0.999974,2.6e-05,0.999974,True,194,162,256,224
168,7.0,29,data\real\pharmaceutical_capsules\extracted\datasets\Anomaly\587.png,defective,defective,0.99997,3e-05,0.99997,True,722,310,784,372
168,7.0,30,data\real\pharmaceutical_capsules\extracted\datasets\Normal\440.png,normal,normal,0.99979,0.99979,0.00021,True,842,470,904,532
168,7.0,31,data\real\pharmaceutical_capsules\extracted\datasets\Anomaly\469.png,defective,defective,0.999943,5.7e-05,0.999943,True,921,147,983,209
168,7.0,32,data\real\pharmaceutical_capsules\extracted\datasets\Anomaly\094.png,defective,defective,0.999814,0.000186,0.999814,True,0,306,49,368
168,7.0,33,data\real\pharmaceutical_capsules\extracted\datasets\Anomaly\273.png,defective,defective,0.99996,4e-05,0.99996,True,208,496,270,558
168,7.0,34,data\real\pharmaceutical_capsules\extracted\datasets\Normal\033.png,normal,normal,0.999738,0.999738,0.000262,True,688,137,750,199
168,7.0,35,data\real\pharmaceutical_capsules\extracted\datasets\Anomaly\071.png,defective,defective,0.999933,6.7e-05,0.999933,True,872,336,934,398
168,7.0,36,data\real\pharmaceutical_capsules\extracted\datasets\Normal\386.png,normal,normal,0.999792,0.999792,0.000208,True,429,488,491,550
169,7.042,1,data\real\pharmaceutical_capsules\extracted\datasets\Anomaly\316.png,defective,defective,0.999963,3.7e-05,0.999963,True,268,138,330,200
169,7.042,2,data\real\pharmaceutical_capsules\extracted\datasets\Normal\068.png,normal,normal,0.999773,0.999773,0.000227,True,1043,310,1105,372
169,7.042,3,data\real\pharmaceutical_capsules\extracted\datasets\Normal\149.png,normal,normal,0.999805,0.999805,0.000195,True,316,501,378,563
169,7.042,4,data\real\pharmaceutical_capsules\extracted\datasets\Anomaly\443.png,defective,defective,0.999923,7.7e-05,0.999923,True,0,138,53,200
169,7.042,5,data\real\pharmaceutical_capsules\extracted\datasets\Anomaly\221.png,defective,defective,0.999938,6.2e-05,0.999938,True,1028,303,1090,365
169,7.042,6,data\real\pharmaceutical_capsules\extracted\datasets\Normal\012.png,normal,normal,0.992716,0.992716,0.007284,True,367,501,429,563
169,7.042,7,data\real\pharmaceutical_capsules\extracted\datasets\Anomaly\124.png,defective,defective,0.999966,3.4e-05,0.999966,True,25,154,87,216
169,7.042,8,data\real\pharmaceutical_capsules\extracted\datasets\Anomaly\192.png,defective,defective,0.999946,5.4e-05,0.999946,True,738,312,800,374
169,7.042,9,data\real\pharmaceutical_capsules\extracted\datasets\Normal\492.png,normal,normal,0.999762,0.999762,0.000238,True,1166,476,1228,538
169,7.042,10,data\real\pharmaceutical_capsules\extracted\datasets\Anomaly\351.png,defective,normal,0.671338,0.671338,0.328662,False,427,143,489,205
169,7.042,11,data\real\pharmaceutical_capsules\extracted\datasets\Normal\305.png,normal,normal,0.999814,0.999814,0.000186,True,854,324,916,386
169,7.042,12,data\real\pharmaceutical_capsules\extracted\datasets\Normal\082.png,normal,normal,0.999814,0.999814,0.000186,True,483,496,545,558
169,7.042,13,data\real\pharmaceutical_capsules\extracted\datasets\Normal\481.png,normal,normal,0.999822,0.999822,0.000178,True,696,161,758,223
169,7.042,14,data\real\pharmaceutical_capsules\extracted\datasets\Anomaly\455.png,defective,defective,0.99982,0.00018,0.99982,True,1105,325,1167,387
169,7.042,15,data\real\pharmaceutical_capsules\extracted\datasets\Normal\446.png,normal,normal,0.999598,0.999598,0.000402,True,352,469,414,531
169,7.042,16,data\real\pharmaceutical_capsules\extracted\datasets\Normal\067.png,normal,normal,0.999754,0.999754,0.000246,True,440,142,502,204
169,7.042,17,data\real\pharmaceutical_capsules\extracted\datasets\Normal\338.png,normal,normal,0.999837,0.999837,0.000163,True,559,326,621,388
169,7.042,18,data\real\pharmaceutical_capsules\extracted\datasets\Anomaly\140.png,defective,defective,0.99995,5e-05,0.99995,True,264,490,326,552
169,7.042,19,data\real\pharmaceutical_capsules\extracted\datasets\Anomaly\242.png,defective,defective,0.9999,0.0001,0.9999,True,1185,154,1247,216
169,7.042,20,data\real\pharmaceutical_capsules\extracted\datasets\Normal\158.png,normal,normal,0.999763,0.999763,0.000237,True,325,306,387,368
169,7.042,21,data\real\pharmaceutical_capsules\extracted\datasets\Anomaly\415.png,defective,defective,0.999412,0.000588,0.999412,True,949,482,1011,544
169,7.042,22,data\real\pharmaceutical_capsules\extracted\datasets\Normal\427.png,normal,normal,0.99977,0.99977,0.00023,True,1216,151,1278,213
169,7.042,23,data\real\pharmaceutical_capsules\extracted\datasets\Normal\424.png,normal,normal,0.999628,0.999628,0.000372,True,529,305,591,367
169,7.042,24,data\real\pharmaceutical_capsules\extracted\datasets\Normal\443.png,normal,normal,0.99986,0.99986,0.00014,True,771,487,833,549
169,7.042,25,data\real\pharmaceutical_capsules\extracted\datasets\Anomaly\321.png,defective,defective,0.999956,4.4e-05,0.999956,True,815,157,877,219
169,7.042,26,data\real\pharmaceutical_capsules\extracted\datasets\Normal\403.png,normal,normal,0.999762,0.999762,0.000238,True,89,331,151,393
169,7.042,27,data\real\pharmaceutical_capsules\extracted\datasets\Anomaly\459.png,defective,defective,0.99997,3e-05,0.99997,True,909,501,971,563
169,7.042,28,data\real\pharmaceutical_capsules\extracted\datasets\Anomaly\137.png,defective,defective,0.999974,2.6e-05,0.999974,True,198,162,260,224
169,7.042,29,data\real\pharmaceutical_capsules\extracted\datasets\Anomaly\587.png,defective,defective,0.99997,3e-05,0.99997,True,727,310,789,372
169,7.042,30,data\real\pharmaceutical_capsules\extracted\datasets\Normal\440.png,normal,normal,0.99979,0.99979,0.00021,True,846,470,908,532
169,7.042,31,data\real\pharmaceutical_capsules\extracted\datasets\Anomaly\469.png,defective,defective,0.999943,5.7e-05,0.999943,True,926,147,988,209
169,7.042,32,data\real\pharmaceutical_capsules\extracted\datasets\Anomaly\094.png,defective,defective,0.999814,0.000186,0.999814,True,0,306,53,368
169,7.042,33,data\real\pharmaceutical_capsules\extracted\datasets\Anomaly\273.png,defective,defective,0.99996,4e-05,0.99996,True,213,496,275,558
169,7.042,34,data\real\pharmaceutical_capsules\extracted\datasets\Normal\033.png,normal,normal,0.999738,0.999738,0.000262,True,693,137,755,199
169,7.042,35,data\real\pharmaceutical_capsules\extracted\datasets\Anomaly\071.png,defective,defective,0.999933,6.7e-05,0.999933,True,877,336,939,398
169,7.042,36,data\real\pharmaceutical_capsules\extracted\datasets\Normal\386.png,normal,normal,0.999792,0.999792,0.000208,True,434,488,496,550
170,7.083,1,data\real\pharmaceutical_capsules\extracted\datasets\Anomaly\316.png,defective,defective,0.999963,3.7e-05,0.999963,True,273,138,335,200
170,7.083,2,data\real\pharmaceutical_capsules\extracted\datasets\Normal\068.png,normal,normal,0.999773,0.999773,0.000227,True,1048,310,1110,372
170,7.083,3,data\real\pharmaceutical_capsules\extracted\datasets\Normal\149.png,normal,normal,0.999805,0.999805,0.000195,True,321,501,383,563
170,7.083,4,data\real\pharmaceutical_capsules\extracted\datasets\Anomaly\443.png,defective,defective,0.999923,7.7e-05,0.999923,True,0,138,58,200
170,7.083,5,data\real\pharmaceutical_capsules\extracted\datasets\Anomaly\221.png,defective,defective,0.999938,6.2e-05,0.999938,True,1032,303,1094,365
170,7.083,6,data\real\pharmaceutical_capsules\extracted\datasets\Normal\012.png,normal,normal,0.992716,0.992716,0.007284,True,371,501,433,563
170,7.083,7,data\real\pharmaceutical_capsules\extracted\datasets\Anomaly\124.png,defective,defective,0.999966,3.4e-05,0.999966,True,29,154,91,216
170,7.083,8,data\real\pharmaceutical_capsules\extracted\datasets\Anomaly\192.png,defective,defective,0.999946,5.4e-05,0.999946,True,743,312,805,374
170,7.083,9,data\real\pharmaceutical_capsules\extracted\datasets\Normal\492.png,normal,normal,0.999762,0.999762,0.000238,True,1170,476,1232,538
170,7.083,10,data\real\pharmaceutical_capsules\extracted\datasets\Anomaly\351.png,defective,normal,0.671338,0.671338,0.328662,False,432,143,494,205
170,7.083,11,data\real\pharmaceutical_capsules\extracted\datasets\Normal\305.png,normal,normal,0.999814,0.999814,0.000186,True,858,324,920,386
170,7.083,12,data\real\pharmaceutical_capsules\extracted\datasets\Normal\082.png,normal,normal,0.999814,0.999814,0.000186,True,488,496,550,558
170,7.083,13,data\real\pharmaceutical_capsules\extracted\datasets\Normal\481.png,normal,normal,0.999822,0.999822,0.000178,True,700,161,762,223
170,7.083,14,data\real\pharmaceutical_capsules\extracted\datasets\Anomaly\455.png,defective,defective,0.99982,0.00018,0.99982,True,1110,325,1172,387
170,7.083,15,data\real\pharmaceutical_capsules\extracted\datasets\Normal\446.png,normal,normal,0.999598,0.999598,0.000402,True,356,469,418,531
170,7.083,16,data\real\pharmaceutical_capsules\extracted\datasets\Normal\067.png,normal,normal,0.999754,0.999754,0.000246,True,444,142,506,204
170,7.083,17,data\real\pharmaceutical_capsules\extracted\datasets\Normal\338.png,normal,normal,0.999837,0.999837,0.000163,True,564,326,626,388
170,7.083,18,data\real\pharmaceutical_capsules\extracted\datasets\Anomaly\140.png,defective,defective,0.99995,5e-05,0.99995,True,268,490,330,552
170,7.083,19,data\real\pharmaceutical_capsules\extracted\datasets\Anomaly\242.png,defective,defective,0.9999,0.0001,0.9999,True,1189,154,1251,216
170,7.083,20,data\real\pharmaceutical_capsules\extracted\datasets\Normal\158.png,normal,normal,0.999763,0.999763,0.000237,True,329,306,391,368
170,7.083,21,data\real\pharmaceutical_capsules\extracted\datasets\Anomaly\415.png,defective,defective,0.999412,0.000588,0.999412,True,954,482,1016,544
170,7.083,22,data\real\pharmaceutical_capsules\extracted\datasets\Normal\427.png,normal,normal,0.99977,0.99977,0.00023,True,1220,151,1279,213
170,7.083,23,data\real\pharmaceutical_capsules\extracted\datasets\Normal\424.png,normal,normal,0.999628,0.999628,0.000372,True,533,305,595,367
170,7.083,24,data\real\pharmaceutical_capsules\extracted\datasets\Normal\443.png,normal,normal,0.99986,0.99986,0.00014,True,776,487,838,549
170,7.083,25,data\real\pharmaceutical_capsules\extracted\datasets\Anomaly\321.png,defective,defective,0.999956,4.4e-05,0.999956,True,819,157,881,219
170,7.083,26,data\real\pharmaceutical_capsules\extracted\datasets\Normal\403.png,normal,normal,0.999762,0.999762,0.000238,True,94,331,156,393
170,7.083,27,data\real\pharmaceutical_capsules\extracted\datasets\Anomaly\459.png,defective,defective,0.99997,3e-05,0.99997,True,913,501,975,563
170,7.083,28,data\real\pharmaceutical_capsules\extracted\datasets\Anomaly\137.png,defective,defective,0.999974,2.6e-05,0.999974,True,203,162,265,224
170,7.083,29,data\real\pharmaceutical_capsules\extracted\datasets\Anomaly\587.png,defective,defective,0.99997,3e-05,0.99997,True,731,310,793,372
170,7.083,30,data\real\pharmaceutical_capsules\extracted\datasets\Normal\440.png,normal,normal,0.99979,0.99979,0.00021,True,851,470,913,532
170,7.083,31,data\real\pharmaceutical_capsules\extracted\datasets\Anomaly\469.png,defective,defective,0.999943,5.7e-05,0.999943,True,930,147,992,209
170,7.083,32,data\real\pharmaceutical_capsules\extracted\datasets\Anomaly\094.png,defective,defective,0.999814,0.000186,0.999814,True,0,306,58,368
170,7.083,33,data\real\pharmaceutical_capsules\extracted\datasets\Anomaly\273.png,defective,defective,0.99996,4e-05,0.99996,True,217,496,279,558
170,7.083,34,data\real\pharmaceutical_capsules\extracted\datasets\Normal\033.png,normal,normal,0.999738,0.999738,0.000262,True,697,137,759,199
170,7.083,35,data\real\pharmaceutical_capsules\extracted\datasets\Anomaly\071.png,defective,defective,0.999933,6.7e-05,0.999933,True,881,336,943,398
170,7.083,36,data\real\pharmaceutical_capsules\extracted\datasets\Normal\386.png,normal,normal,0.999792,0.999792,0.000208,True,438,488,500,550
171,7.125,1,data\real\pharmaceutical_capsules\extracted\datasets\Anomaly\316.png,defective,defective,0.999963,3.7e-05,0.999963,True,277,138,339,200
171,7.125,2,data\real\pharmaceutical_capsules\extracted\datasets\Normal\068.png,normal,normal,0.999773,0.999773,0.000227,True,1052,310,1114,372
171,7.125,3,data\real\pharmaceutical_capsules\extracted\datasets\Normal\149.png,normal,normal,0.999805,0.999805,0.000195,True,325,501,387,563
171,7.125,4,data\real\pharmaceutical_capsules\extracted\datasets\Anomaly\443.png,defective,defective,0.999923,7.7e-05,0.999923,True,0,138,62,200
171,7.125,5,data\real\pharmaceutical_capsules\extracted\datasets\Anomaly\221.png,defective,defective,0.999938,6.2e-05,0.999938,True,1037,303,1099,365
171,7.125,6,data\real\pharmaceutical_capsules\extracted\datasets\Normal\012.png,normal,normal,0.992716,0.992716,0.007284,True,376,501,438,563
171,7.125,7,data\real\pharmaceutical_capsules\extracted\datasets\Anomaly\124.png,defective,defective,0.999966,3.4e-05,0.999966,True,34,154,96,216
171,7.125,8,data\real\pharmaceutical_capsules\extracted\datasets\Anomaly\192.png,defective,defective,0.999946,5.4e-05,0.999946,True,747,312,809,374
171,7.125,9,data\real\pharmaceutical_capsules\extracted\datasets\Normal\492.png,normal,normal,0.999762,0.999762,0.000238,True,1175,476,1237,538
171,7.125,10,data\real\pharmaceutical_capsules\extracted\datasets\Anomaly\351.png,defective,normal,0.671338,0.671338,0.328662,False,436,143,498,205
171,7.125,11,data\real\pharmaceutical_capsules\extracted\datasets\Normal\305.png,normal,normal,0.999814,0.999814,0.000186,True,863,324,925,386
171,7.125,12,data\real\pharmaceutical_capsules\extracted\datasets\Normal\082.png,normal,normal,0.999814,0.999814,0.000186,True,492,496,554,558
171,7.125,13,data\real\pharmaceutical_capsules\extracted\datasets\Normal\481.png,normal,normal,0.999822,0.999822,0.000178,True,705,161,767,223
171,7.125,14,data\real\pharmaceutical_capsules\extracted\datasets\Anomaly\455.png,defective,defective,0.99982,0.00018,0.99982,True,1114,325,1176,387
171,7.125,15,data\real\pharmaceutical_capsules\extracted\datasets\Normal\446.png,normal,normal,0.999598,0.999598,0.000402,True,361,469,423,531
171,7.125,16,data\real\pharmaceutical_capsules\extracted\datasets\Normal\067.png,normal,normal,0.999754,0.999754,0.000246,True,449,142,511,204
171,7.125,17,data\real\pharmaceutical_capsules\extracted\datasets\Normal\338.png,normal,normal,0.999837,0.999837,0.000163,True,568,326,630,388
171,7.125,18,data\real\pharmaceutical_capsules\extracted\datasets\Anomaly\140.png,defective,defective,0.99995,5e-05,0.99995,True,273,490,335,552
171,7.125,19,data\real\pharmaceutical_capsules\extracted\datasets\Anomaly\242.png,defective,defective,0.9999,0.0001,0.9999,True,1194,154,1256,216
171,7.125,20,data\real\pharmaceutical_capsules\extracted\datasets\Normal\158.png,normal,normal,0.999763,0.999763,0.000237,True,334,306,396,368
171,7.125,21,data\real\pharmaceutical_capsules\extracted\datasets\Anomaly\415.png,defective,defective,0.999412,0.000588,0.999412,True,958,482,1020,544
171,7.125,22,data\real\pharmaceutical_capsules\extracted\datasets\Normal\427.png,normal,normal,0.99977,0.99977,0.00023,True,1225,151,1279,213
171,7.125,23,data\real\pharmaceutical_capsules\extracted\datasets\Normal\424.png,normal,normal,0.999628,0.999628,0.000372,True,538,305,600,367
171,7.125,24,data\real\pharmaceutical_capsules\extracted\datasets\Normal\443.png,normal,normal,0.99986,0.99986,0.00014,True,780,487,842,549
171,7.125,25,data\real\pharmaceutical_capsules\extracted\datasets\Anomaly\321.png,defective,defective,0.999956,4.4e-05,0.999956,True,824,157,886,219
171,7.125,26,data\real\pharmaceutical_capsules\extracted\datasets\Normal\403.png,normal,normal,0.999762,0.999762,0.000238,True,98,331,160,393
171,7.125,27,data\real\pharmaceutical_capsules\extracted\datasets\Anomaly\459.png,defective,defective,0.99997,3e-05,0.99997,True,918,501,980,563
171,7.125,28,data\real\pharmaceutical_capsules\extracted\datasets\Anomaly\137.png,defective,defective,0.999974,2.6e-05,0.999974,True,207,162,269,224
171,7.125,29,data\real\pharmaceutical_capsules\extracted\datasets\Anomaly\587.png,defective,defective,0.99997,3e-05,0.99997,True,736,310,798,372
171,7.125,30,data\real\pharmaceutical_capsules\extracted\datasets\Normal\440.png,normal,normal,0.99979,0.99979,0.00021,True,855,470,917,532
171,7.125,31,data\real\pharmaceutical_capsules\extracted\datasets\Anomaly\469.png,defective,defective,0.999943,5.7e-05,0.999943,True,935,147,997,209
171,7.125,32,data\real\pharmaceutical_capsules\extracted\datasets\Anomaly\094.png,defective,defective,0.999814,0.000186,0.999814,True,0,306,62,368
171,7.125,33,data\real\pharmaceutical_capsules\extracted\datasets\Anomaly\273.png,defective,defective,0.99996,4e-05,0.99996,True,222,496,284,558
171,7.125,34,data\real\pharmaceutical_capsules\extracted\datasets\Normal\033.png,normal,normal,0.999738,0.999738,0.000262,True,702,137,764,199
171,7.125,35,data\real\pharmaceutical_capsules\extracted\datasets\Anomaly\071.png,defective,defective,0.999933,6.7e-05,0.999933,True,886,336,948,398
171,7.125,36,data\real\pharmaceutical_capsules\extracted\datasets\Normal\386.png,normal,normal,0.999792,0.999792,0.000208,True,443,488,505,550
172,7.167,1,data\real\pharmaceutical_capsules\extracted\datasets\Anomaly\316.png,defective,defective,0.999963,3.7e-05,0.999963,True,282,138,344,200
172,7.167,2,data\real\pharmaceutical_capsules\extracted\datasets\Normal\068.png,normal,normal,0.999773,0.999773,0.000227,True,1057,310,1119,372
172,7.167,3,data\real\pharmaceutical_capsules\extracted\datasets\Normal\149.png,normal,normal,0.999805,0.999805,0.000195,True,330,501,392,563
172,7.167,4,data\real\pharmaceutical_capsules\extracted\datasets\Anomaly\443.png,defective,defective,0.999923,7.7e-05,0.999923,True,4,138,66,200
172,7.167,5,data\real\pharmaceutical_capsules\extracted\datasets\Anomaly\221.png,defective,defective,0.999938,6.2e-05,0.999938,True,1041,303,1103,365
172,7.167,6,data\real\pharmaceutical_capsules\extracted\datasets\Normal\012.png,normal,normal,0.992716,0.992716,0.007284,True,380,501,442,563
172,7.167,7,data\real\pharmaceutical_capsules\extracted\datasets\Anomaly\124.png,defective,defective,0.999966,3.4e-05,0.999966,True,38,154,100,216
172,7.167,8,data\real\pharmaceutical_capsules\extracted\datasets\Anomaly\192.png,defective,defective,0.999946,5.4e-05,0.999946,True,752,312,814,374
172,7.167,9,data\real\pharmaceutical_capsules\extracted\datasets\Normal\492.png,normal,normal,0.999762,0.999762,0.000238,True,1179,476,1241,538
172,7.167,10,data\real\pharmaceutical_capsules\extracted\datasets\Anomaly\351.png,defective,normal,0.671338,0.671338,0.328662,False,441,143,503,205
172,7.167,11,data\real\pharmaceutical_capsules\extracted\datasets\Normal\305.png,normal,normal,0.999814,0.999814,0.000186,True,867,324,929,386
172,7.167,12,data\real\pharmaceutical_capsules\extracted\datasets\Normal\082.png,normal,normal,0.999814,0.999814,0.000186,True,497,496,559,558
172,7.167,13,data\real\pharmaceutical_capsules\extracted\datasets\Normal\481.png,normal,normal,0.999822,0.999822,0.000178,True,709,161,771,223
172,7.167,14,data\real\pharmaceutical_capsules\extracted\datasets\Anomaly\455.png,defective,defective,0.99982,0.00018,0.99982,True,1119,325,1181,387
172,7.167,15,data\real\pharmaceutical_capsules\extracted\datasets\Normal\446.png,normal,normal,0.999598,0.999598,0.000402,True,365,469,427,531
172,7.167,16,data\real\pharmaceutical_capsules\extracted\datasets\Normal\067.png,normal,normal,0.999754,0.999754,0.000246,True,453,142,515,204
172,7.167,17,data\real\pharmaceutical_capsules\extracted\datasets\Normal\338.png,normal,normal,0.999837,0.999837,0.000163,True,573,326,635,388
172,7.167,18,data\real\pharmaceutical_capsules\extracted\datasets\Anomaly\140.png,defective,defective,0.99995,5e-05,0.99995,True,277,490,339,552
172,7.167,19,data\real\pharmaceutical_capsules\extracted\datasets\Anomaly\242.png,defective,defective,0.9999,0.0001,0.9999,True,1198,154,1260,216
172,7.167,20,data\real\pharmaceutical_capsules\extracted\datasets\Normal\158.png,normal,normal,0.999763,0.999763,0.000237,True,338,306,400,368
172,7.167,21,data\real\pharmaceutical_capsules\extracted\datasets\Anomaly\415.png,defective,defective,0.999412,0.000588,0.999412,True,963,482,1025,544
172,7.167,22,data\real\pharmaceutical_capsules\extracted\datasets\Normal\427.png,normal,normal,0.99977,0.99977,0.00023,True,1229,151,1279,213
172,7.167,23,data\real\pharmaceutical_capsules\extracted\datasets\Normal\424.png,normal,normal,0.999628,0.999628,0.000372,True,542,305,604,367
172,7.167,24,data\real\pharmaceutical_capsules\extracted\datasets\Normal\443.png,normal,normal,0.99986,0.99986,0.00014,True,785,487,847,549
172,7.167,25,data\real\pharmaceutical_capsules\extracted\datasets\Anomaly\321.png,defective,defective,0.999956,4.4e-05,0.999956,True,828,157,890,219
172,7.167,26,data\real\pharmaceutical_capsules\extracted\datasets\Normal\403.png,normal,normal,0.999762,0.999762,0.000238,True,103,331,165,393
172,7.167,27,data\real\pharmaceutical_capsules\extracted\datasets\Anomaly\459.png,defective,defective,0.99997,3e-05,0.99997,True,922,501,984,563
172,7.167,28,data\real\pharmaceutical_capsules\extracted\datasets\Anomaly\137.png,defective,defective,0.999974,2.6e-05,0.999974,True,212,162,274,224
172,7.167,29,data\real\pharmaceutical_capsules\extracted\datasets\Anomaly\587.png,defective,defective,0.99997,3e-05,0.99997,True,740,310,802,372
172,7.167,30,data\real\pharmaceutical_capsules\extracted\datasets\Normal\440.png,normal,normal,0.99979,0.99979,0.00021,True,860,470,922,532
172,7.167,31,data\real\pharmaceutical_capsules\extracted\datasets\Anomaly\469.png,defective,defective,0.999943,5.7e-05,0.999943,True,939,147,1001,209
172,7.167,32,data\real\pharmaceutical_capsules\extracted\datasets\Anomaly\094.png,defective,defective,0.999814,0.000186,0.999814,True,4,306,66,368
172,7.167,33,data\real\pharmaceutical_capsules\extracted\datasets\Anomaly\273.png,defective,defective,0.99996,4e-05,0.99996,True,226,496,288,558
172,7.167,34,data\real\pharmaceutical_capsules\extracted\datasets\Normal\033.png,normal,normal,0.999738,0.999738,0.000262,True,706,137,768,199
172,7.167,35,data\real\pharmaceutical_capsules\extracted\datasets\Anomaly\071.png,defective,defective,0.999933,6.7e-05,0.999933,True,890,336,952,398
172,7.167,36,data\real\pharmaceutical_capsules\extracted\datasets\Normal\386.png,normal,normal,0.999792,0.999792,0.000208,True,447,488,509,550
173,7.208,1,data\real\pharmaceutical_capsules\extracted\datasets\Anomaly\316.png,defective,defective,0.999963,3.7e-05,0.999963,True,286,138,348,200
173,7.208,2,data\real\pharmaceutical_capsules\extracted\datasets\Normal\068.png,normal,normal,0.999773,0.999773,0.000227,True,1061,310,1123,372
173,7.208,3,data\real\pharmaceutical_capsules\extracted\datasets\Normal\149.png,normal,normal,0.999805,0.999805,0.000195,True,334,501,396,563
173,7.208,4,data\real\pharmaceutical_capsules\extracted\datasets\Anomaly\443.png,defective,defective,0.999923,7.7e-05,0.999923,True,8,138,70,200
173,7.208,5,data\real\pharmaceutical_capsules\extracted\datasets\Anomaly\221.png,defective,defective,0.999938,6.2e-05,0.999938,True,1046,303,1108,365
173,7.208,6,data\real\pharmaceutical_capsules\extracted\datasets\Normal\012.png,normal,normal,0.992716,0.992716,0.007284,True,385,501,447,563
173,7.208,7,data\real\pharmaceutical_capsules\extracted\datasets\Anomaly\124.png,defective,defective,0.999966,3.4e-05,0.999966,True,43,154,105,216
173,7.208,8,data\real\pharmaceutical_capsules\extracted\datasets\Anomaly\192.png,defective,defective,0.999946,5.4e-05,0.999946,True,756,312,818,374
173,7.208,9,data\real\pharmaceutical_capsules\extracted\datasets\Normal\492.png,normal,normal,0.999762,0.999762,0.000238,True,1184,476,1246,538
173,7.208,10,data\real\pharmaceutical_capsules\extracted\datasets\Anomaly\351.png,defective,normal,0.671338,0.671338,0.328662,False,445,143,507,205
173,7.208,11,data\real\pharmaceutical_capsules\extracted\datasets\Normal\305.png,normal,normal,0.999814,0.999814,0.000186,True,872,324,934,386
173,7.208,12,data\real\pharmaceutical_capsules\extracted\datasets\Normal\082.png,normal,normal,0.999814,0.999814,0.000186,True,501,496,563,558
173,7.208,13,data\real\pharmaceutical_capsules\extracted\datasets\Normal\481.png,normal,normal,0.999822,0.999822,0.000178,True,714,161,776,223
173,7.208,14,data\real\pharmaceutical_capsules\extracted\datasets\Anomaly\455.png,defective,defective,0.99982,0.00018,0.99982,True,1123,325,1185,387
173,7.208,15,data\real\pharmaceutical_capsules\extracted\datasets\Normal\446.png,normal,normal,0.999598,0.999598,0.000402,True,370,469,432,531
173,7.208,16,data\real\pharmaceutical_capsules\extracted\datasets\Normal\067.png,normal,normal,0.999754,0.999754,0.000246,True,458,142,520,204
173,7.208,17,data\real\pharmaceutical_capsules\extracted\datasets\Normal\338.png,normal,normal,0.999837,0.999837,0.000163,True,577,326,639,388
173,7.208,18,data\real\pharmaceutical_capsules\extracted\datasets\Anomaly\140.png,defective,defective,0.99995,5e-05,0.99995,True,282,490,344,552
173,7.208,19,data\real\pharmaceutical_capsules\extracted\datasets\Anomaly\242.png,defective,defective,0.9999,0.0001,0.9999,True,1203,154,1265,216
173,7.208,20,data\real\pharmaceutical_capsules\extracted\datasets\Normal\158.png,normal,normal,0.999763,0.999763,0.000237,True,343,306,405,368
173,7.208,21,data\real\pharmaceutical_capsules\extracted\datasets\Anomaly\415.png,defective,defective,0.999412,0.000588,0.999412,True,967,482,1029,544
173,7.208,22,data\real\pharmaceutical_capsules\extracted\datasets\Normal\427.png,normal,normal,0.99977,0.99977,0.00023,True,1234,151,1279,213
173,7.208,23,data\real\pharmaceutical_capsules\extracted\datasets\Normal\424.png,normal,normal,0.999628,0.999628,0.000372,True,547,305,609,367
173,7.208,24,data\real\pharmaceutical_capsules\extracted\datasets\Normal\443.png,normal,normal,0.99986,0.99986,0.00014,True,789,487,851,549
173,7.208,25,data\real\pharmaceutical_capsules\extracted\datasets\Anomaly\321.png,defective,defective,0.999956,4.4e-05,0.999956,True,833,157,895,219
173,7.208,26,data\real\pharmaceutical_capsules\extracted\datasets\Normal\403.png,normal,normal,0.999762,0.999762,0.000238,True,107,331,169,393
173,7.208,27,data\real\pharmaceutical_capsules\extracted\datasets\Anomaly\459.png,defective,defective,0.99997,3e-05,0.99997,True,927,501,989,563
173,7.208,28,data\real\pharmaceutical_capsules\extracted\datasets\Anomaly\137.png,defective,defective,0.999974,2.6e-05,0.999974,True,216,162,278,224
173,7.208,29,data\real\pharmaceutical_capsules\extracted\datasets\Anomaly\587.png,defective,defective,0.99997,3e-05,0.99997,True,745,310,807,372
173,7.208,30,data\real\pharmaceutical_capsules\extracted\datasets\Normal\440.png,normal,normal,0.99979,0.99979,0.00021,True,864,470,926,532
173,7.208,31,data\real\pharmaceutical_capsules\extracted\datasets\Anomaly\469.png,defective,defective,0.999943,5.7e-05,0.999943,True,944,147,1006,209
173,7.208,32,data\real\pharmaceutical_capsules\extracted\datasets\Anomaly\094.png,defective,defective,0.999814,0.000186,0.999814,True,8,306,70,368
173,7.208,33,data\real\pharmaceutical_capsules\extracted\datasets\Anomaly\273.png,defective,defective,0.99996,4e-05,0.99996,True,231,496,293,558
173,7.208,34,data\real\pharmaceutical_capsules\extracted\datasets\Normal\033.png,normal,normal,0.999738,0.999738,0.000262,True,711,137,773,199
173,7.208,35,data\real\pharmaceutical_capsules\extracted\datasets\Anomaly\071.png,defective,defective,0.999933,6.7e-05,0.999933,True,895,336,957,398
173,7.208,36,data\real\pharmaceutical_capsules\extracted\datasets\Normal\386.png,normal,normal,0.999792,0.999792,0.000208,True,452,488,514,550
174,7.25,1,data\real\pharmaceutical_capsules\extracted\datasets\Anomaly\316.png,defective,defective,0.999963,3.7e-05,0.999963,True,291,138,353,200
174,7.25,2,data\real\pharmaceutical_capsules\extracted\datasets\Normal\068.png,normal,normal,0.999773,0.999773,0.000227,True,1066,310,1128,372
174,7.25,3,data\real\pharmaceutical_capsules\extracted\datasets\Normal\149.png,normal,normal,0.999805,0.999805,0.000195,True,339,501,401,563
174,7.25,4,data\real\pharmaceutical_capsules\extracted\datasets\Anomaly\443.png,defective,defective,0.999923,7.7e-05,0.999923,True,13,138,75,200
174,7.25,5,data\real\pharmaceutical_capsules\extracted\datasets\Anomaly\221.png,defective,defective,0.999938,6.2e-05,0.999938,True,1050,303,1112,365
174,7.25,6,data\real\pharmaceutical_capsules\extracted\datasets\Normal\012.png,normal,normal,0.992716,0.992716,0.007284,True,389,501,451,563
174,7.25,7,data\real\pharmaceutical_capsules\extracted\datasets\Anomaly\124.png,defective,defective,0.999966,3.4e-05,0.999966,True,47,154,109,216
174,7.25,8,data\real\pharmaceutical_capsules\extracted\datasets\Anomaly\192.png,defective,defective,0.999946,5.4e-05,0.999946,True,761,312,823,374
174,7.25,9,data\real\pharmaceutical_capsules\extracted\datasets\Normal\492.png,normal,normal,0.999762,0.999762,0.000238,True,1188,476,1250,538
174,7.25,10,data\real\pharmaceutical_capsules\extracted\datasets\Anomaly\351.png,defective,normal,0.671338,0.671338,0.328662,False,450,143,512,205
174,7.25,11,data\real\pharmaceutical_capsules\extracted\datasets\Normal\305.png,normal,normal,0.999814,0.999814,0.000186,True,876,324,938,386
174,7.25,12,data\real\pharmaceutical_capsules\extracted\datasets\Normal\082.png,normal,normal,0.999814,0.999814,0.000186,True,506,496,568,558
174,7.25,13,data\real\pharmaceutical_capsules\extracted\datasets\Normal\481.png,normal,normal,0.999822,0.999822,0.000178,True,718,161,780,223
174,7.25,14,data\real\pharmaceutical_capsules\extracted\datasets\Anomaly\455.png,defective,defective,0.99982,0.00018,0.99982,True,1128,325,1190,387
174,7.25,15,data\real\pharmaceutical_capsules\extracted\datasets\Normal\446.png,normal,normal,0.999598,0.999598,0.000402,True,374,469,436,531
174,7.25,16,data\real\pharmaceutical_capsules\extracted\datasets\Normal\067.png,normal,normal,0.999754,0.999754,0.000246,True,462,142,524,204
174,7.25,17,data\real\pharmaceutical_capsules\extracted\datasets\Normal\338.png,normal,normal,0.999837,0.999837,0.000163,True,582,326,644,388
174,7.25,18,data\real\pharmaceutical_capsules\extracted\datasets\Anomaly\140.png,defective,defective,0.99995,5e-05,0.99995,True,286,490,348,552
174,7.25,19,data\real\pharmaceutical_capsules\extracted\datasets\Anomaly\242.png,defective,defective,0.9999,0.0001,0.9999,True,1207,154,1269,216
174,7.25,20,data\real\pharmaceutical_capsules\extracted\datasets\Normal\158.png,normal,normal,0.999763,0.999763,0.000237,True,347,306,409,368
174,7.25,21,data\real\pharmaceutical_capsules\extracted\datasets\Anomaly\415.png,defective,defective,0.999412,0.000588,0.999412,True,972,482,1034,544
174,7.25,22,data\real\pharmaceutical_capsules\extracted\datasets\Normal\427.png,normal,normal,0.99977,0.99977,0.00023,True,1238,151,1279,213
174,7.25,23,data\real\pharmaceutical_capsules\extracted\datasets\Normal\424.png,normal,normal,0.999628,0.999628,0.000372,True,551,305,613,367
174,7.25,24,data\real\pharmaceutical_capsules\extracted\datasets\Normal\443.png,normal,normal,0.99986,0.99986,0.00014,True,794,487,856,549
174,7.25,25,data\real\pharmaceutical_capsules\extracted\datasets\Anomaly\321.png,defective,defective,0.999956,4.4e-05,0.999956,True,837,157,899,219
174,7.25,26,data\real\pharmaceutical_capsules\extracted\datasets\Normal\403.png,normal,normal,0.999762,0.999762,0.000238,True,112,331,174,393
174,7.25,27,data\real\pharmaceutical_capsules\extracted\datasets\Anomaly\459.png,defective,defective,0.99997,3e-05,0.99997,True,931,501,993,563
174,7.25,28,data\real\pharmaceutical_capsules\extracted\datasets\Anomaly\137.png,defective,defective,0.999974,2.6e-05,0.999974,True,221,162,283,224
174,7.25,29,data\real\pharmaceutical_capsules\extracted\datasets\Anomaly\587.png,defective,defective,0.99997,3e-05,0.99997,True,749,310,811,372
174,7.25,30,data\real\pharmaceutical_capsules\extracted\datasets\Normal\440.png,normal,normal,0.99979,0.99979,0.00021,True,869,470,931,532
174,7.25,31,data\real\pharmaceutical_capsules\extracted\datasets\Anomaly\469.png,defective,defective,0.999943,5.7e-05,0.999943,True,948,147,1010,209
174,7.25,32,data\real\pharmaceutical_capsules\extracted\datasets\Anomaly\094.png,defective,defective,0.999814,0.000186,0.999814,True,13,306,75,368
174,7.25,33,data\real\pharmaceutical_capsules\extracted\datasets\Anomaly\273.png,defective,defective,0.99996,4e-05,0.99996,True,235,496,297,558
174,7.25,34,data\real\pharmaceutical_capsules\extracted\datasets\Normal\033.png,normal,normal,0.999738,0.999738,0.000262,True,715,137,777,199
174,7.25,35,data\real\pharmaceutical_capsules\extracted\datasets\Anomaly\071.png,defective,defective,0.999933,6.7e-05,0.999933,True,899,336,961,398
174,7.25,36,data\real\pharmaceutical_capsules\extracted\datasets\Normal\386.png,normal,normal,0.999792,0.999792,0.000208,True,456,488,518,550
175,7.292,1,data\real\pharmaceutical_capsules\extracted\datasets\Anomaly\316.png,defective,defective,0.999963,3.7e-05,0.999963,True,295,138,357,200
175,7.292,2,data\real\pharmaceutical_capsules\extracted\datasets\Normal\068.png,normal,normal,0.999773,0.999773,0.000227,True,1070,310,1132,372
175,7.292,3,data\real\pharmaceutical_capsules\extracted\datasets\Normal\149.png,normal,normal,0.999805,0.999805,0.000195,True,343,501,405,563
175,7.292,4,data\real\pharmaceutical_capsules\extracted\datasets\Anomaly\443.png,defective,defective,0.999923,7.7e-05,0.999923,True,17,138,79,200
175,7.292,5,data\real\pharmaceutical_capsules\extracted\datasets\Anomaly\221.png,defective,defective,0.999938,6.2e-05,0.999938,True,1055,303,1117,365
175,7.292,6,data\real\pharmaceutical_capsules\extracted\datasets\Normal\012.png,normal,normal,0.992716,0.992716,0.007284,True,394,501,456,563
175,7.292,7,data\real\pharmaceutical_capsules\extracted\datasets\Anomaly\124.png,defective,defective,0.999966,3.4e-05,0.999966,True,52,154,114,216
175,7.292,8,data\real\pharmaceutical_capsules\extracted\datasets\Anomaly\192.png,defective,defective,0.999946,5.4e-05,0.999946,True,765,312,827,374
175,7.292,9,data\real\pharmaceutical_capsules\extracted\datasets\Normal\492.png,normal,normal,0.999762,0.999762,0.000238,True,1193,476,1255,538
175,7.292,10,data\real\pharmaceutical_capsules\extracted\datasets\Anomaly\351.png,defective,normal,0.671338,0.671338,0.328662,False,454,143,516,205
175,7.292,11,data\real\pharmaceutical_capsules\extracted\datasets\Normal\305.png,normal,normal,0.999814,0.999814,0.000186,True,881,324,943,386
175,7.292,12,data\real\pharmaceutical_capsules\extracted\datasets\Normal\082.png,normal,normal,0.999814,0.999814,0.000186,True,510,496,572,558
175,7.292,13,data\real\pharmaceutical_capsules\extracted\datasets\Normal\481.png,normal,normal,0.999822,0.999822,0.000178,True,723,161,785,223
175,7.292,14,data\real\pharmaceutical_capsules\extracted\datasets\Anomaly\455.png,defective,defective,0.99982,0.00018,0.99982,True,1132,325,1194,387
175,7.292,15,data\real\pharmaceutical_capsules\extracted\datasets\Normal\446.png,normal,normal,0.999598,0.999598,0.000402,True,379,469,441,531
175,7.292,16,data\real\pharmaceutical_capsules\extracted\datasets\Normal\067.png,normal,normal,0.999754,0.999754,0.000246,True,467,142,529,204
175,7.292,17,data\real\pharmaceutical_capsules\extracted\datasets\Normal\338.png,normal,normal,0.999837,0.999837,0.000163,True,586,326,648,388
175,7.292,18,data\real\pharmaceutical_capsules\extracted\datasets\Anomaly\140.png,defective,defective,0.99995,5e-05,0.99995,True,291,490,353,552
175,7.292,19,data\real\pharmaceutical_capsules\extracted\datasets\Anomaly\242.png,defective,defective,0.9999,0.0001,0.9999,True,1212,154,1274,216
175,7.292,20,data\real\pharmaceutical_capsules\extracted\datasets\Normal\158.png,normal,normal,0.999763,0.999763,0.000237,True,352,306,414,368
175,7.292,21,data\real\pharmaceutical_capsules\extracted\datasets\Anomaly\415.png,defective,defective,0.999412,0.000588,0.999412,True,976,482,1038,544
175,7.292,22,data\real\pharmaceutical_capsules\extracted\datasets\Normal\427.png,normal,normal,0.99977,0.99977,0.00023,True,1243,151,1279,213
175,7.292,23,data\real\pharmaceutical_capsules\extracted\datasets\Normal\424.png,normal,normal,0.999628,0.999628,0.000372,True,556,305,618,367
175,7.292,24,data\real\pharmaceutical_capsules\extracted\datasets\Normal\443.png,normal,normal,0.99986,0.99986,0.00014,True,798,487,860,549
175,7.292,25,data\real\pharmaceutical_capsules\extracted\datasets\Anomaly\321.png,defective,defective,0.999956,4.4e-05,0.999956,True,842,157,904,219
175,7.292,26,data\real\pharmaceutical_capsules\extracted\datasets\Normal\403.png,normal,normal,0.999762,0.999762,0.000238,True,116,331,178,393
175,7.292,27,data\real\pharmaceutical_capsules\extracted\datasets\Anomaly\459.png,defective,defective,0.99997,3e-05,0.99997,True,936,501,998,563
175,7.292,28,data\real\pharmaceutical_capsules\extracted\datasets\Anomaly\137.png,defective,defective,0.999974,2.6e-05,0.999974,True,225,162,287,224
175,7.292,29,data\real\pharmaceutical_capsules\extracted\datasets\Anomaly\587.png,defective,defective,0.99997,3e-05,0.99997,True,754,310,816,372
175,7.292,30,data\real\pharmaceutical_capsules\extracted\datasets\Normal\440.png,normal,normal,0.99979,0.99979,0.00021,True,873,470,935,532
175,7.292,31,data\real\pharmaceutical_capsules\extracted\datasets\Anomaly\469.png,defective,defective,0.999943,5.7e-05,0.999943,True,953,147,1015,209
175,7.292,32,data\real\pharmaceutical_capsules\extracted\datasets\Anomaly\094.png,defective,defective,0.999814,0.000186,0.999814,True,17,306,79,368
175,7.292,33,data\real\pharmaceutical_capsules\extracted\datasets\Anomaly\273.png,defective,defective,0.99996,4e-05,0.99996,True,240,496,302,558
175,7.292,34,data\real\pharmaceutical_capsules\extracted\datasets\Normal\033.png,normal,normal,0.999738,0.999738,0.000262,True,720,137,782,199
175,7.292,35,data\real\pharmaceutical_capsules\extracted\datasets\Anomaly\071.png,defective,defective,0.999933,6.7e-05,0.999933,True,904,336,966,398
175,7.292,36,data\real\pharmaceutical_capsules\extracted\datasets\Normal\386.png,normal,normal,0.999792,0.999792,0.000208,True,461,488,523,550
176,7.333,1,data\real\pharmaceutical_capsules\extracted\datasets\Anomaly\316.png,defective,defective,0.999963,3.7e-05,0.999963,True,300,138,362,200
176,7.333,2,data\real\pharmaceutical_capsules\extracted\datasets\Normal\068.png,normal,normal,0.999773,0.999773,0.000227,True,1075,310,1137,372
176,7.333,3,data\real\pharmaceutical_capsules\extracted\datasets\Normal\149.png,normal,normal,0.999805,0.999805,0.000195,True,348,501,410,563
176,7.333,4,data\real\pharmaceutical_capsules\extracted\datasets\Anomaly\443.png,defective,defective,0.999923,7.7e-05,0.999923,True,22,138,84,200
176,7.333,5,data\real\pharmaceutical_capsules\extracted\datasets\Anomaly\221.png,defective,defective,0.999938,6.2e-05,0.999938,True,1059,303,1121,365
176,7.333,6,data\real\pharmaceutical_capsules\extracted\datasets\Normal\012.png,normal,normal,0.992716,0.992716,0.007284,True,398,501,460,563
176,7.333,7,data\real\pharmaceutical_capsules\extracted\datasets\Anomaly\124.png,defective,defective,0.999966,3.4e-05,0.999966,True,56,154,118,216
176,7.333,8,data\real\pharmaceutical_capsules\extracted\datasets\Anomaly\192.png,defective,defective,0.999946,5.4e-05,0.999946,True,770,312,832,374
176,7.333,9,data\real\pharmaceutical_capsules\extracted\datasets\Normal\492.png,normal,normal,0.999762,0.999762,0.000238,True,1197,476,1259,538
176,7.333,10,data\real\pharmaceutical_capsules\extracted\datasets\Anomaly\351.png,defective,normal,0.671338,0.671338,0.328662,False,459,143,521,205
176,7.333,11,data\real\pharmaceutical_capsules\extracted\datasets\Normal\305.png,normal,normal,0.999814,0.999814,0.000186,True,885,324,947,386
176,7.333,12,data\real\pharmaceutical_capsules\extracted\datasets\Normal\082.png,normal,normal,0.999814,0.999814,0.000186,True,515,496,577,558
176,7.333,13,data\real\pharmaceutical_capsules\extracted\datasets\Normal\481.png,normal,normal,0.999822,0.999822,0.000178,True,727,161,789,223
176,7.333,14,data\real\pharmaceutical_capsules\extracted\datasets\Anomaly\455.png,defective,defective,0.99982,0.00018,0.99982,True,1137,325,1199,387
176,7.333,15,data\real\pharmaceutical_capsules\extracted\datasets\Normal\446.png,normal,normal,0.999598,0.999598,0.000402,True,383,469,445,531
176,7.333,16,data\real\pharmaceutical_capsules\extracted\datasets\Normal\067.png,normal,normal,0.999754,0.999754,0.000246,True,471,142,533,204
176,7.333,17,data\real\pharmaceutical_capsules\extracted\datasets\Normal\338.png,normal,normal,0.999837,0.999837,0.000163,True,591,326,653,388
176,7.333,18,data\real\pharmaceutical_capsules\extracted\datasets\Anomaly\140.png,defective,defective,0.99995,5e-05,0.99995,True,295,490,357,552
176,7.333,19,data\real\pharmaceutical_capsules\extracted\datasets\Anomaly\242.png,defective,defective,0.9999,0.0001,0.9999,True,1216,154,1278,216
176,7.333,20,data\real\pharmaceutical_capsules\extracted\datasets\Normal\158.png,normal,normal,0.999763,0.999763,0.000237,True,356,306,418,368
176,7.333,21,data\real\pharmaceutical_capsules\extracted\datasets\Anomaly\415.png,defective,defective,0.999412,0.000588,0.999412,True,981,482,1043,544
176,7.333,22,data\real\pharmaceutical_capsules\extracted\datasets\Normal\427.png,normal,normal,0.99977,0.99977,0.00023,True,1247,151,1279,213
176,7.333,23,data\real\pharmaceutical_capsules\extracted\datasets\Normal\424.png,normal,normal,0.999628,0.999628,0.000372,True,560,305,622,367
176,7.333,24,data\real\pharmaceutical_capsules\extracted\datasets\Normal\443.png,normal,normal,0.99986,0.99986,0.00014,True,803,487,865,549
176,7.333,25,data\real\pharmaceutical_capsules\extracted\datasets\Anomaly\321.png,defective,defective,0.999956,4.4e-05,0.999956,True,846,157,908,219
176,7.333,26,data\real\pharmaceutical_capsules\extracted\datasets\Normal\403.png,normal,normal,0.999762,0.999762,0.000238,True,121,331,183,393
176,7.333,27,data\real\pharmaceutical_capsules\extracted\datasets\Anomaly\459.png,defective,defective,0.99997,3e-05,0.99997,True,940,501,1002,563
176,7.333,28,data\real\pharmaceutical_capsules\extracted\datasets\Anomaly\137.png,defective,defective,0.999974,2.6e-05,0.999974,True,230,162,292,224
176,7.333,29,data\real\pharmaceutical_capsules\extracted\datasets\Anomaly\587.png,defective,defective,0.99997,3e-05,0.99997,True,758,310,820,372
176,7.333,30,data\real\pharmaceutical_capsules\extracted\datasets\Normal\440.png,normal,normal,0.99979,0.99979,0.00021,True,878,470,940,532
176,7.333,31,data\real\pharmaceutical_capsules\extracted\datasets\Anomaly\469.png,defective,defective,0.999943,5.7e-05,0.999943,True,957,147,1019,209
176,7.333,32,data\real\pharmaceutical_capsules\extracted\datasets\Anomaly\094.png,defective,defective,0.999814,0.000186,0.999814,True,22,306,84,368
176,7.333,33,data\real\pharmaceutical_capsules\extracted\datasets\Anomaly\273.png,defective,defective,0.99996,4e-05,0.99996,True,244,496,306,558
176,7.333,34,data\real\pharmaceutical_capsules\extracted\datasets\Normal\033.png,normal,normal,0.999738,0.999738,0.000262,True,724,137,786,199
176,7.333,35,data\real\pharmaceutical_capsules\extracted\datasets\Anomaly\071.png,defective,defective,0.999933,6.7e-05,0.999933,True,908,336,970,398
176,7.333,36,data\real\pharmaceutical_capsules\extracted\datasets\Normal\386.png,normal,normal,0.999792,0.999792,0.000208,True,465,488,527,550
177,7.375,1,data\real\pharmaceutical_capsules\extracted\datasets\Anomaly\316.png,defective,defective,0.999963,3.7e-05,0.999963,True,304,138,366,200
177,7.375,2,data\real\pharmaceutical_capsules\extracted\datasets\Normal\068.png,normal,normal,0.999773,0.999773,0.000227,True,1079,310,1141,372
177,7.375,3,data\real\pharmaceutical_capsules\extracted\datasets\Normal\149.png,normal,normal,0.999805,0.999805,0.000195,True,352,501,414,563
177,7.375,4,data\real\pharmaceutical_capsules\extracted\datasets\Anomaly\443.png,defective,defective,0.999923,7.7e-05,0.999923,True,26,138,88,200
177,7.375,5,data\real\pharmaceutical_capsules\extracted\datasets\Anomaly\221.png,defective,defective,0.999938,6.2e-05,0.999938,True,1064,303,1126,365
177,7.375,6,data\real\pharmaceutical_capsules\extracted\datasets\Normal\012.png,normal,normal,0.992716,0.992716,0.007284,True,403,501,465,563
177,7.375,7,data\real\pharmaceutical_capsules\extracted\datasets\Anomaly\124.png,defective,defective,0.999966,3.4e-05,0.999966,True,61,154,123,216
177,7.375,8,data\real\pharmaceutical_capsules\extracted\datasets\Anomaly\192.png,defective,defective,0.999946,5.4e-05,0.999946,True,774,312,836,374
177,7.375,9,data\real\pharmaceutical_capsules\extracted\datasets\Normal\492.png,normal,normal,0.999762,0.999762,0.000238,True,1202,476,1264,538
177,7.375,10,data\real\pharmaceutical_capsules\extracted\datasets\Anomaly\351.png,defective,normal,0.671338,0.671338,0.328662,False,463,143,525,205
177,7.375,11,data\real\pharmaceutical_capsules\extracted\datasets\Normal\305.png,normal,normal,0.999814,0.999814,0.000186,True,890,324,952,386
177,7.375,12,data\real\pharmaceutical_capsules\extracted\datasets\Normal\082.png,normal,normal,0.999814,0.999814,0.000186,True,519,496,581,558
177,7.375,13,data\real\pharmaceutical_capsules\extracted\datasets\Normal\481.png,normal,normal,0.999822,0.999822,0.000178,True,732,161,794,223
177,7.375,14,data\real\pharmaceutical_capsules\extracted\datasets\Anomaly\455.png,defective,defective,0.99982,0.00018,0.99982,True,1141,325,1203,387
177,7.375,15,data\real\pharmaceutical_capsules\extracted\datasets\Normal\446.png,normal,normal,0.999598,0.999598,0.000402,True,388,469,450,531
177,7.375,16,data\real\pharmaceutical_capsules\extracted\datasets\Normal\067.png,normal,normal,0.999754,0.999754,0.000246,True,476,142,538,204
177,7.375,17,data\real\pharmaceutical_capsules\extracted\datasets\Normal\338.png,normal,normal,0.999837,0.999837,0.000163,True,595,326,657,388
177,7.375,18,data\real\pharmaceutical_capsules\extracted\datasets\Anomaly\140.png,defective,defective,0.99995,5e-05,0.99995,True,300,490,362,552
177,7.375,19,data\real\pharmaceutical_capsules\extracted\datasets\Anomaly\242.png,defective,defective,0.9999,0.0001,0.9999,True,1221,154,1279,216
177,7.375,20,data\real\pharmaceutical_capsules\extracted\datasets\Normal\158.png,normal,normal,0.999763,0.999763,0.000237,True,361,306,423,368
177,7.375,21,data\real\pharmaceutical_capsules\extracted\datasets\Anomaly\415.png,defective,defective,0.999412,0.000588,0.999412,True,985,482,1047,544
177,7.375,22,data\real\pharmaceutical_capsules\extracted\datasets\Normal\427.png,normal,normal,0.99977,0.99977,0.00023,True,0,151,35,213
177,7.375,23,data\real\pharmaceutical_capsules\extracted\datasets\Normal\424.png,normal,normal,0.999628,0.999628,0.000372,True,565,305,627,367
177,7.375,24,data\real\pharmaceutical_capsules\extracted\datasets\Normal\443.png,normal,normal,0.99986,0.99986,0.00014,True,807,487,869,549
177,7.375,25,data\real\pharmaceutical_capsules\extracted\datasets\Anomaly\321.png,defective,defective,0.999956,4.4e-05,0.999956,True,851,157,913,219
177,7.375,26,data\real\pharmaceutical_capsules\extracted\datasets\Normal\403.png,normal,normal,0.999762,0.999762,0.000238,True,125,331,187,393
177,7.375,27,data\real\pharmaceutical_capsules\extracted\datasets\Anomaly\459.png,defective,defective,0.99997,3e-05,0.99997,True,945,501,1007,563
177,7.375,28,data\real\pharmaceutical_capsules\extracted\datasets\Anomaly\137.png,defective,defective,0.999974,2.6e-05,0.999974,True,234,162,296,224
177,7.375,29,data\real\pharmaceutical_capsules\extracted\datasets\Anomaly\587.png,defective,defective,0.99997,3e-05,0.99997,True,763,310,825,372
177,7.375,30,data\real\pharmaceutical_capsules\extracted\datasets\Normal\440.png,normal,normal,0.99979,0.99979,0.00021,True,882,470,944,532
177,7.375,31,data\real\pharmaceutical_capsules\extracted\datasets\Anomaly\469.png,defective,defective,0.999943,5.7e-05,0.999943,True,962,147,1024,209
177,7.375,32,data\real\pharmaceutical_capsules\extracted\datasets\Anomaly\094.png,defective,defective,0.999814,0.000186,0.999814,True,26,306,88,368
177,7.375,33,data\real\pharmaceutical_capsules\extracted\datasets\Anomaly\273.png,defective,defective,0.99996,4e-05,0.99996,True,249,496,311,558
177,7.375,34,data\real\pharmaceutical_capsules\extracted\datasets\Normal\033.png,normal,normal,0.999738,0.999738,0.000262,True,729,137,791,199
177,7.375,35,data\real\pharmaceutical_capsules\extracted\datasets\Anomaly\071.png,defective,defective,0.999933,6.7e-05,0.999933,True,913,336,975,398
177,7.375,36,data\real\pharmaceutical_capsules\extracted\datasets\Normal\386.png,normal,normal,0.999792,0.999792,0.000208,True,470,488,532,550
178,7.417,1,data\real\pharmaceutical_capsules\extracted\datasets\Anomaly\316.png,defective,defective,0.999963,3.7e-05,0.999963,True,309,138,371,200
178,7.417,2,data\real\pharmaceutical_capsules\extracted\datasets\Normal\068.png,normal,normal,0.999773,0.999773,0.000227,True,1084,310,1146,372
178,7.417,3,data\real\pharmaceutical_capsules\extracted\datasets\Normal\149.png,normal,normal,0.999805,0.999805,0.000195,True,357,501,419,563
178,7.417,4,data\real\pharmaceutical_capsules\extracted\datasets\Anomaly\443.png,defective,defective,0.999923,7.7e-05,0.999923,True,31,138,93,200
178,7.417,5,data\real\pharmaceutical_capsules\extracted\datasets\Anomaly\221.png,defective,defective,0.999938,6.2e-05,0.999938,True,1068,303,1130,365
178,7.417,6,data\real\pharmaceutical_capsules\extracted\datasets\Normal\012.png,normal,normal,0.992716,0.992716,0.007284,True,407,501,469,563
178,7.417,7,data\real\pharmaceutical_capsules\extracted\datasets\Anomaly\124.png,defective,defective,0.999966,3.4e-05,0.999966,True,65,154,127,216
178,7.417,8,data\real\pharmaceutical_capsules\extracted\datasets\Anomaly\192.png,defective,defective,0.999946,5.4e-05,0.999946,True,779,312,841,374
178,7.417,9,data\real\pharmaceutical_capsules\extracted\datasets\Normal\492.png,normal,normal,0.999762,0.999762,0.000238,True,1206,476,1268,538
178,7.417,10,data\real\pharmaceutical_capsules\extracted\datasets\Anomaly\351.png,defective,normal,0.671338,0.671338,0.328662,False,468,143,530,205
178,7.417,11,data\real\pharmaceutical_capsules\extracted\datasets\Normal\305.png,normal,normal,0.999814,0.999814,0.000186,True,894,324,956,386
178,7.417,12,data\real\pharmaceutical_capsules\extracted\datasets\Normal\082.png,normal,normal,0.999814,0.999814,0.000186,True,524,496,586,558
178,7.417,13,data\real\pharmaceutical_capsules\extracted\datasets\Normal\481.png,normal,normal,0.999822,0.999822,0.000178,True,736,161,798,223
178,7.417,14,data\real\pharmaceutical_capsules\extracted\datasets\Anomaly\455.png,defective,defective,0.99982,0.00018,0.99982,True,1146,325,1208,387
178,7.417,15,data\real\pharmaceutical_capsules\extracted\datasets\Normal\446.png,normal,normal,0.999598,0.999598,0.000402,True,392,469,454,531
178,7.417,16,data\real\pharmaceutical_capsules\extracted\datasets\Normal\067.png,normal,normal,0.999754,0.999754,0.000246,True,480,142,542,204
178,7.417,17,data\real\pharmaceutical_capsules\extracted\datasets\Normal\338.png,normal,normal,0.999837,0.999837,0.000163,True,600,326,662,388
178,7.417,18,data\real\pharmaceutical_capsules\extracted\datasets\Anomaly\140.png,defective,defective,0.99995,5e-05,0.99995,True,304,490,366,552
178,7.417,19,data\real\pharmaceutical_capsules\extracted\datasets\Anomaly\242.png,defective,defective,0.9999,0.0001,0.9999,True,1225,154,1279,216
178,7.417,20,data\real\pharmaceutical_capsules\extracted\datasets\Normal\158.png,normal,normal,0.999763,0.999763,0.000237,True,365,306,427,368
178,7.417,21,data\real\pharmaceutical_capsules\extracted\datasets\Anomaly\415.png,defective,defective,0.999412,0.000588,0.999412,True,990,482,1052,544
178,7.417,22,data\real\pharmaceutical_capsules\extracted\datasets\Normal\427.png,normal,normal,0.99977,0.99977,0.00023,True,0,151,39,213
178,7.417,23,data\real\pharmaceutical_capsules\extracted\datasets\Normal\424.png,normal,normal,0.999628,0.999628,0.000372,True,569,305,631,367
178,7.417,24,data\real\pharmaceutical_capsules\extracted\datasets\Normal\443.png,normal,normal,0.99986,0.99986,0.00014,True,812,487,874,549
178,7.417,25,data\real\pharmaceutical_capsules\extracted\datasets\Anomaly\321.png,defective,defective,0.999956,4.4e-05,0.999956,True,855,157,917,219
178,7.417,26,data\real\pharmaceutical_capsules\extracted\datasets\Normal\403.png,normal,normal,0.999762,0.999762,0.000238,True,130,331,192,393
178,7.417,27,data\real\pharmaceutical_capsules\extracted\datasets\Anomaly\459.png,defective,defective,0.99997,3e-05,0.99997,True,949,501,1011,563
178,7.417,28,data\real\pharmaceutical_capsules\extracted\datasets\Anomaly\137.png,defective,defective,0.999974,2.6e-05,0.999974,True,239,162,301,224
178,7.417,29,data\real\pharmaceutical_capsules\extracted\datasets\Anomaly\587.png,defective,defective,0.99997,3e-05,0.99997,True,767,310,829,372
178,7.417,30,data\real\pharmaceutical_capsules\extracted\datasets\Normal\440.png,normal,normal,0.99979,0.99979,0.00021,True,887,470,949,532
178,7.417,31,data\real\pharmaceutical_capsules\extracted\datasets\Anomaly\469.png,defective,defective,0.999943,5.7e-05,0.999943,True,966,147,1028,209
178,7.417,32,data\real\pharmaceutical_capsules\extracted\datasets\Anomaly\094.png,defective,defective,0.999814,0.000186,0.999814,True,31,306,93,368
178,7.417,33,data\real\pharmaceutical_capsules\extracted\datasets\Anomaly\273.png,defective,defective,0.99996,4e-05,0.99996,True,253,496,315,558
178,7.417,34,data\real\pharmaceutical_capsules\extracted\datasets\Normal\033.png,normal,normal,0.999738,0.999738,0.000262,True,733,137,795,199
178,7.417,35,data\real\pharmaceutical_capsules\extracted\datasets\Anomaly\071.png,defective,defective,0.999933,6.7e-05,0.999933,True,917,336,979,398
178,7.417,36,data\real\pharmaceutical_capsules\extracted\datasets\Normal\386.png,normal,normal,0.999792,0.999792,0.000208,True,474,488,536,550
179,7.458,1,data\real\pharmaceutical_capsules\extracted\datasets\Anomaly\316.png,defective,defective,0.999963,3.7e-05,0.999963,True,313,138,375,200
179,7.458,2,data\real\pharmaceutical_capsules\extracted\datasets\Normal\068.png,normal,normal,0.999773,0.999773,0.000227,True,1088,310,1150,372
179,7.458,3,data\real\pharmaceutical_capsules\extracted\datasets\Normal\149.png,normal,normal,0.999805,0.999805,0.000195,True,361,501,423,563
179,7.458,4,data\real\pharmaceutical_capsules\extracted\datasets\Anomaly\443.png,defective,defective,0.999923,7.7e-05,0.999923,True,35,138,97,200
179,7.458,5,data\real\pharmaceutical_capsules\extracted\datasets\Anomaly\221.png,defective,defective,0.999938,6.2e-05,0.999938,True,1073,303,1135,365
179,7.458,6,data\real\pharmaceutical_capsules\extracted\datasets\Normal\012.png,normal,normal,0.992716,0.992716,0.007284,True,412,501,474,563
179,7.458,7,data\real\pharmaceutical_capsules\extracted\datasets\Anomaly\124.png,defective,defective,0.999966,3.4e-05,0.999966,True,70,154,132,216
179,7.458,8,data\real\pharmaceutical_capsules\extracted\datasets\Anomaly\192.png,defective,defective,0.999946,5.4e-05,0.999946,True,783,312,845,374
179,7.458,9,data\real\pharmaceutical_capsules\extracted\datasets\Normal\492.png,normal,normal,0.999762,0.999762,0.000238,True,1211,476,1273,538
179,7.458,10,data\real\pharmaceutical_capsules\extracted\datasets\Anomaly\351.png,defective,normal,0.671338,0.671338,0.328662,False,472,143,534,205
179,7.458,11,data\real\pharmaceutical_capsules\extracted\datasets\Normal\305.png,normal,normal,0.999814,0.999814,0.000186,True,899,324,961,386
179,7.458,12,data\real\pharmaceutical_capsules\extracted\datasets\Normal\082.png,normal,normal,0.999814,0.999814,0.000186,True,528,496,590,558
179,7.458,13,data\real\pharmaceutical_capsules\extracted\datasets\Normal\481.png,normal,normal,0.999822,0.999822,0.000178,True,741,161,803,223
179,7.458,14,data\real\pharmaceutical_capsules\extracted\datasets\Anomaly\455.png,defective,defective,0.99982,0.00018,0.99982,True,1150,325,1212,387
179,7.458,15,data\real\pharmaceutical_capsules\extracted\datasets\Normal\446.png,normal,normal,0.999598,0.999598,0.000402,True,397,469,459,531
179,7.458,16,data\real\pharmaceutical_capsules\extracted\datasets\Normal\067.png,normal,normal,0.999754,0.999754,0.000246,True,485,142,547,204
179,7.458,17,data\real\pharmaceutical_capsules\extracted\datasets\Normal\338.png,normal,normal,0.999837,0.999837,0.000163,True,604,326,666,388
179,7.458,18,data\real\pharmaceutical_capsules\extracted\datasets\Anomaly\140.png,defective,defective,0.99995,5e-05,0.99995,True,309,490,371,552
179,7.458,19,data\real\pharmaceutical_capsules\extracted\datasets\Anomaly\242.png,defective,defective,0.9999,0.0001,0.9999,True,1230,154,1279,216
179,7.458,20,data\real\pharmaceutical_capsules\extracted\datasets\Normal\158.png,normal,normal,0.999763,0.999763,0.000237,True,370,306,432,368
179,7.458,21,data\real\pharmaceutical_capsules\extracted\datasets\Anomaly\415.png,defective,defective,0.999412,0.000588,0.999412,True,994,482,1056,544
179,7.458,22,data\real\pharmaceutical_capsules\extracted\datasets\Normal\427.png,normal,normal,0.99977,0.99977,0.00023,True,0,151,44,213
179,7.458,23,data\real\pharmaceutical_capsules\extracted\datasets\Normal\424.png,normal,normal,0.999628,0.999628,0.000372,True,574,305,636,367
179,7.458,24,data\real\pharmaceutical_capsules\extracted\datasets\Normal\443.png,normal,normal,0.99986,0.99986,0.00014,True,816,487,878,549
179,7.458,25,data\real\pharmaceutical_capsules\extracted\datasets\Anomaly\321.png,defective,defective,0.999956,4.4e-05,0.999956,True,860,157,922,219
179,7.458,26,data\real\pharmaceutical_capsules\extracted\datasets\Normal\403.png,normal,normal,0.999762,0.999762,0.000238,True,134,331,196,393
179,7.458,27,data\real\pharmaceutical_capsules\extracted\datasets\Anomaly\459.png,defective,defective,0.99997,3e-05,0.99997,True,954,501,1016,563
179,7.458,28,data\real\pharmaceutical_capsules\extracted\datasets\Anomaly\137.png,defective,defective,0.999974,2.6e-05,0.999974,True,243,162,305,224
179,7.458,29,data\real\pharmaceutical_capsules\extracted\datasets\Anomaly\587.png,defective,defective,0.99997,3e-05,0.99997,True,772,310,834,372
179,7.458,30,data\real\pharmaceutical_capsules\extracted\datasets\Normal\440.png,normal,normal,0.99979,0.99979,0.00021,True,891,470,953,532
179,7.458,31,data\real\pharmaceutical_capsules\extracted\datasets\Anomaly\469.png,defective,defective,0.999943,5.7e-05,0.999943,True,971,147,1033,209
179,7.458,32,data\real\pharmaceutical_capsules\extracted\datasets\Anomaly\094.png,defective,defective,0.999814,0.000186,0.999814,True,35,306,97,368
179,7.458,33,data\real\pharmaceutical_capsules\extracted\datasets\Anomaly\273.png,defective,defective,0.99996,4e-05,0.99996,True,258,496,320,558
179,7.458,34,data\real\pharmaceutical_capsules\extracted\datasets\Normal\033.png,normal,normal,0.999738,0.999738,0.000262,True,738,137,800,199
179,7.458,35,data\real\pharmaceutical_capsules\extracted\datasets\Anomaly\071.png,defective,defective,0.999933,6.7e-05,0.999933,True,922,336,984,398
179,7.458,36,data\real\pharmaceutical_capsules\extracted\datasets\Normal\386.png,normal,normal,0.999792,0.999792,0.000208,True,479,488,541,550
